suisse;23;5;10;28;8;12;23;11;38;16;20;7
emji_drapeau_suisse;33;7;9;27;13;4;35;24;36;12;25;4
premier;10;4;4;5;7;5;6;12;11;6;5;2
année;2;0;3;10;2;1;2;1;21;10;8;2
genève;3;5;1;4;4;4;5;5;3;12;7;0
annoncer;3;4;11;3;5;16;1;12;2;1;4;3
unir;6;2;35;1;3;3;0;0;0;1;0;2
jour;5;6;7;1;7;2;4;4;0;0;7;3
conseil;0;1;5;4;0;0;17;20;2;0;1;1
novembre;2;2;1;3;3;3;6;3;5;4;8;0
dernier;6;2;2;6;2;8;2;5;13;3;1;0
grand;7;0;4;1;2;1;5;5;2;6;6;1
monde;25;2;0;2;1;3;0;0;1;6;1;2
mettre;0;4;6;4;6;2;9;7;2;3;2;3
nouveau;4;2;1;3;0;3;3;9;2;5;3;5
fédéral;0;2;4;6;0;1;12;5;12;1;0;2
jeudi;6;2;3;2;4;5;6;4;1;0;7;0
franc;1;3;0;9;3;2;5;8;10;0;0;0
pays;1;0;5;2;3;5;7;3;1;1;2;1
femme;1;2;1;2;3;2;6;2;12;3;0;0
décembre;1;1;3;2;1;0;2;1;1;2;5;3
canton;2;3;2;9;1;2;11;1;3;0;2;0
viser;0;1;3;10;1;7;16;0;4;6;0;0
notamment;3;3;1;5;2;1;4;3;3;3;5;5
face;9;0;1;3;4;4;6;5;3;1;3;3
dimanche;6;4;2;2;6;7;8;2;0;1;2;0
révéler;0;3;0;2;2;0;0;1;4;2;0;13
public;2;3;5;2;2;2;3;9;4;6;1;3
projet;0;0;1;11;0;1;8;3;1;5;1;1
enfant;0;1;0;2;3;10;4;0;4;0;0;5
lausanne;0;1;0;12;5;0;0;6;0;3;1;2
mondial;8;0;1;5;1;0;0;0;0;8;1;0
jeune;0;3;2;3;4;0;5;2;3;2;0;7
national;2;1;2;3;2;2;11;6;4;1;0;2
fin;5;1;7;2;2;1;1;6;4;1;2;1
près_de;0;1;1;7;7;3;0;2;2;1;1;1
mardi;1;5;5;2;4;5;0;11;2;0;2;1
lundi;2;5;2;1;5;5;5;4;1;2;1;0
état;5;5;8;1;4;5;4;3;2;1;0;1
service;0;0;1;2;5;1;9;5;1;3;3;0
prendre;4;2;1;1;2;4;3;9;5;2;0;2
permettre;1;3;1;8;2;0;4;1;3;1;2;5
prix;1;0;0;5;0;1;0;2;4;2;0;0
initiative;0;0;0;4;0;0;19;0;5;3;0;0
ville;0;0;1;7;0;2;1;0;1;6;3;0
social;0;4;2;8;0;1;5;0;2;1;1;8
noël;2;0;0;2;0;0;0;0;0;1;3;1
américain;2;0;23;0;0;2;0;0;1;1;1;0
vendredi;4;0;3;0;2;10;2;3;1;1;2;1
président;0;5;11;0;1;2;2;8;1;0;0;0
emji_drapeau_états;0;1;33;0;1;0;0;0;0;0;0;1
santé;0;5;2;0;0;1;2;4;4;0;0;12
rester;3;2;3;0;3;3;1;1;5;4;0;2
prévoir;1;1;4;9;0;2;2;4;1;1;5;0
nouvelle;1;1;0;3;2;0;5;0;1;6;1;2
gaza;0;0;2;0;1;28;3;1;0;0;0;0
devenir;2;1;0;1;0;1;1;3;1;3;3;3
étude;0;0;0;2;0;1;0;0;7;0;1;8
octobre;3;0;0;1;2;8;1;0;0;3;1;1
mort;0;2;6;1;9;6;2;4;1;3;1;0
europe;1;0;1;1;2;4;3;2;0;1;1;1
atteindre;0;0;0;1;4;0;2;0;7;1;14;0
aller;2;0;2;1;0;2;0;3;5;1;5;1
souligner;0;3;1;5;0;4;1;3;4;1;1;1
semaine;0;3;1;3;0;3;2;2;2;5;6;0
police;0;1;0;1;20;1;0;2;1;1;0;0
mois;1;2;0;0;2;5;1;0;6;1;6;0
homme;1;9;1;1;9;0;1;0;3;1;0;0
emji_drapeau_france;1;16;0;0;1;2;2;3;0;3;1;0
victime;2;8;2;1;7;3;1;0;5;0;0;0
travail;0;0;1;8;0;1;9;0;1;2;0;1
mercredi;3;4;3;0;1;3;3;5;0;0;3;2
enquête;0;5;1;1;5;0;1;0;3;0;0;4
samedi;3;3;3;0;10;3;1;1;0;0;3;0
offrir;0;0;1;6;0;0;0;1;0;6;6;2
ligne;0;1;1;3;1;0;0;1;0;0;0;6
heure;2;1;1;1;6;1;4;0;0;0;5;2
rts;1;1;2;0;2;4;1;2;4;5;1;0
publier;0;3;1;3;2;2;1;0;2;2;1;4
lancer;2;0;0;7;2;6;2;3;2;2;0;2
emji_ballon_de_football;26;0;0;2;0;0;0;0;0;2;0;2
place;2;0;0;10;4;0;3;2;0;0;2;0
passer;2;0;2;1;1;1;1;4;5;0;1;1
connaître;1;0;2;6;0;1;0;0;0;9;3;1
trump;0;0;26;0;0;2;0;1;0;0;0;0
réseau;1;8;1;2;2;1;0;0;0;0;1;8
prochain;2;0;2;7;0;0;3;4;1;2;1;0
partir;0;0;3;1;0;0;3;2;3;1;0;1
suite;2;3;2;1;7;4;3;4;0;1;0;0
marquer;2;1;4;3;1;0;0;4;1;2;3;1
voir;2;5;0;2;2;0;1;0;1;3;0;3
vaudois;1;3;0;4;2;0;1;8;1;4;1;0
population;0;0;1;3;1;4;7;0;4;0;0;0
partie;0;1;2;1;3;2;1;2;5;0;3;0
groupe;0;1;2;1;2;0;4;3;2;5;1;1
français;2;8;0;0;0;1;1;4;1;4;1;0
emji_drapeau_territoires_palestiniens;0;0;1;0;2;26;2;0;0;0;0;0
violence;0;7;0;0;2;2;0;0;5;5;0;0
rendre;2;1;3;1;0;2;1;2;3;3;1;4
international;1;1;2;0;1;6;2;2;3;3;0;0
demander;0;3;2;1;1;0;7;2;0;1;0;2
ancien;0;6;1;2;0;1;4;1;2;1;0;0
nuit;1;0;1;0;7;0;0;2;0;0;7;0
ministre;0;0;1;2;3;5;2;10;0;0;0;0
emji_balance_à_poids;0;15;3;0;0;2;4;3;0;0;0;0
désormais;0;2;3;0;2;1;1;0;1;0;1;0
donald;0;0;25;0;0;2;0;1;0;0;0;0
couper;16;0;0;0;0;0;0;5;2;0;0;0
animal;0;1;0;1;0;0;0;0;2;2;0;4
rapport;0;0;0;4;0;1;1;2;9;0;1;2
france;0;9;1;1;0;0;1;2;0;2;1;0
fois;2;0;2;0;0;0;1;1;4;0;0;1
européen;0;4;3;0;1;0;1;5;3;2;0;2
droit;1;3;5;0;1;1;6;0;0;1;0;0
créer;2;1;1;2;0;4;3;0;0;6;0;1
centre;0;2;0;4;4;2;3;0;1;0;1;2
équipe;9;0;1;4;0;2;0;0;1;3;0;1
sécurité;0;0;4;1;3;3;2;1;1;0;0;2
réduire;0;0;2;1;0;0;0;3;5;0;3;1
nombre;1;0;1;5;2;0;1;2;8;0;1;0
mesure;0;3;0;3;1;0;6;5;1;0;0;1
israélien;0;0;0;0;0;19;0;1;0;0;0;0
décision;0;0;4;1;1;2;4;7;0;0;0;1
chiffre;1;1;0;1;0;0;2;1;11;1;1;1
également;0;0;3;0;2;2;2;1;2;3;1;2
soir;4;2;2;0;3;1;1;6;0;1;2;1
remporter;11;0;0;0;0;0;0;0;0;1;0;0
présenter;0;0;4;4;0;0;2;0;1;3;0;0
poste;0;0;0;9;1;0;0;6;3;0;0;0
emji_gyrophare;0;3;0;0;13;3;0;1;2;0;1;1
début;1;1;1;1;1;2;1;1;0;2;6;0
causer;0;0;0;0;11;2;0;1;2;0;2;1
saison;12;0;0;1;0;0;0;0;2;1;2;0
revenir;3;0;1;3;1;0;1;1;5;0;1;2
retour;3;0;1;0;1;2;1;3;0;0;2;1
plan;0;0;6;5;0;4;0;2;0;0;1;1
famille;0;3;2;2;1;1;1;2;2;1;0;1
attendre;1;0;1;0;1;0;3;1;3;1;7;0
affaire;0;7;2;1;0;2;0;2;1;1;0;1
vie;1;0;0;0;3;1;0;1;0;2;0;2
sexuel;0;8;2;0;1;1;1;0;3;0;0;1
record;4;1;1;3;1;0;0;0;1;2;5;0
proposer;2;0;1;2;0;0;2;0;2;2;0;4
politique;0;0;4;0;1;0;5;5;1;0;1;0
palestinien;0;0;0;0;4;18;0;0;0;0;0;0
ouvrir;0;5;0;4;1;1;3;0;0;0;4;1
nombreux;1;1;1;0;0;1;2;0;2;1;3;1
membre;0;0;1;2;3;4;0;5;2;0;0;0
emji_globe_tourné_sur_l;0;0;1;1;1;3;3;1;0;1;0;1
baisser;0;0;1;3;0;0;1;2;7;0;1;1
artiste;0;1;0;1;0;1;0;0;0;11;0;0
accord;0;0;7;0;0;6;2;0;0;0;0;0
train;0;0;0;0;2;0;0;1;0;0;1;0
toucher;0;1;0;0;7;1;1;1;1;0;2;4
soutenir;0;2;0;5;1;1;7;2;0;2;1;0
région;0;0;2;0;4;4;2;1;0;1;2;0
risque;0;2;0;0;0;1;1;0;1;0;2;9
raison;2;2;0;2;4;1;0;0;2;1;3;1
mener;0;0;0;0;6;3;2;0;1;0;0;1
matin;1;0;0;0;7;2;0;1;0;0;1;0
manifestation;0;0;0;0;7;1;0;5;0;0;0;1
lieu;1;1;2;1;4;0;1;0;0;1;2;1
emji_urne_électorale;0;0;1;1;0;0;8;1;0;0;0;0
célèbre;0;0;0;0;1;0;0;0;0;6;1;1
concerner;0;1;0;2;0;2;2;1;3;0;1;2
berner;0;0;0;1;7;0;3;0;0;1;1;3
1er;3;0;0;1;0;0;0;2;2;1;3;0
utiliser;0;2;1;0;2;1;0;1;1;2;0;3
niveau;2;0;0;2;0;1;5;0;4;0;2;0
majeur;0;0;2;2;3;0;4;0;0;2;0;1
lier;2;0;3;1;1;0;1;1;4;0;2;1
géant;5;1;0;3;0;0;0;0;0;3;0;3
expliquer;0;1;0;0;0;1;3;0;1;1;5;7
etat;0;3;0;1;1;4;6;5;0;0;0;0
augmenter;0;0;0;1;1;0;0;0;5;0;1;1
afrique_et_l;0;0;1;1;1;3;2;1;0;1;0;1
accuser;0;6;4;0;0;7;0;2;0;2;0;0
titre;4;0;2;1;0;1;0;0;1;1;0;0
suivre;1;0;2;0;1;0;4;1;0;1;0;2
seulement;1;0;0;2;1;2;0;0;3;0;2;2
résultat;1;0;0;2;0;0;4;1;0;0;0;0
précédent;0;0;0;4;0;0;0;0;10;0;3;2
mètre;0;0;0;0;0;0;1;0;0;4;9;0
montrer;0;1;1;3;0;3;1;0;2;2;0;1
inclure;0;0;1;4;1;0;1;1;1;0;1;2
guerre;0;2;4;0;2;6;1;1;0;0;0;0
gouvernement;0;1;1;1;0;0;4;7;0;0;0;1
entreprise;0;0;2;3;1;0;2;1;2;2;0;0
emji_symbole_d_avertissement;0;1;1;2;2;2;0;1;4;0;1;0
cas;0;4;0;2;0;0;1;0;6;1;0;0
attaque;0;0;1;0;6;7;1;0;0;0;0;0
association;2;4;0;2;0;1;1;1;6;0;0;0
émission;0;2;2;4;1;1;1;0;0;2;1;1
tour;2;1;0;1;0;0;0;1;0;3;1;2
the;0;0;1;3;0;0;0;0;1;1;0;3
temps;0;0;0;4;0;0;2;1;2;0;1;1
sortir;0;1;0;1;2;1;0;0;1;1;2;0
situation;0;1;0;2;4;8;0;1;0;0;1;1
saint;7;0;0;1;1;0;1;1;0;0;0;1
recevoir;1;0;0;1;1;3;0;4;1;0;0;0
milliard;0;0;2;3;0;0;1;3;3;0;0;0
juger;1;5;2;2;1;0;4;2;0;0;0;1
indiquer;0;2;0;1;0;2;3;1;4;0;2;0
humain;0;1;0;0;0;0;2;0;1;1;0;3
habitant;0;0;0;1;4;2;0;0;3;0;2;0
euses;0;0;0;1;0;0;1;0;0;1;2;1
effet;0;0;0;2;1;1;1;0;2;0;3;5
directeur;0;0;0;3;0;4;0;0;0;2;1;1
confirmer;0;3;0;1;3;1;2;0;0;1;1;1
condition;0;0;0;6;0;1;4;0;0;0;2;2
cessez_le_feu;0;0;1;0;0;16;0;1;0;0;0;0
campagne;0;3;1;1;2;1;1;0;1;0;0;4
armée;0;0;0;0;1;14;1;1;0;0;0;0
agir;1;1;1;0;0;1;4;0;4;0;1;5
accueillir;0;0;0;1;1;1;4;1;1;3;0;0
accident;0;0;0;0;1;1;2;1;5;1;0;1
zurich;1;0;0;4;0;1;1;0;0;2;0;1
tuer;0;1;0;0;7;7;0;0;1;0;0;0
succès;3;0;3;1;2;0;1;0;1;2;0;0
soutien;0;2;0;1;1;4;1;1;2;0;0;1
recherche;0;0;0;2;1;0;0;1;1;2;0;6
particulièrement;0;0;1;0;1;0;0;0;6;0;1;1
organisation;0;1;0;0;1;2;1;0;1;0;0;0
officiel;0;0;1;1;0;1;1;2;2;1;0;0
journée;0;0;1;2;2;1;2;1;2;1;2;0
janvier;0;2;2;1;0;0;1;1;5;1;0;0
crise;0;0;3;2;0;1;1;4;2;0;0;1
cantonal;0;1;0;2;2;0;7;1;0;0;0;0
autorité;0;1;2;0;6;2;1;1;0;0;1;0
édition;0;0;0;0;0;0;1;1;1;0;1;0
économique;0;1;0;3;0;0;2;1;3;0;0;2
âgé;2;2;0;1;3;1;1;0;2;1;0;0
âge;1;0;3;0;0;0;1;2;2;1;0;2
voix;0;0;0;0;0;0;4;0;0;0;0;1
vente;0;3;0;5;0;0;0;0;1;2;0;1
susciter;1;3;0;1;0;0;2;2;0;0;0;5
ski;5;0;0;0;0;0;0;0;0;0;1;0
romand;0;1;0;5;0;0;2;0;1;0;4;0
rencontre;1;0;6;0;0;1;0;3;0;3;0;1
proche;0;5;1;0;0;0;4;0;0;0;3;0
prison;0;11;1;1;0;1;0;0;0;1;0;1
phénomène;0;1;0;1;0;0;1;0;1;2;4;4
participer;2;2;0;2;0;0;3;1;0;0;1;0
pari;1;10;0;0;1;1;1;0;1;1;0;0
office;0;0;1;1;0;0;0;0;10;1;0;1
neuchâtel;0;0;0;5;0;0;3;0;0;2;5;0
naturel;0;0;1;0;0;0;0;0;1;2;0;0
important;0;0;2;3;5;0;1;0;2;0;0;1
haut;2;1;0;4;0;0;0;0;2;0;1;0
fermer;1;1;0;4;0;1;0;1;0;0;2;0
estimer;0;1;0;4;0;0;4;1;0;1;0;1
emji_flocon;0;0;0;0;0;0;0;0;0;0;14;1
emji_drapeau_israël;0;0;0;0;0;16;0;2;0;0;0;0
critique;0;0;0;1;4;1;5;1;0;2;0;3
cours;0;0;0;1;3;1;0;2;4;0;2;0
conseiller;0;1;0;1;0;1;5;2;2;0;0;0
cadre;0;4;3;2;1;3;0;2;0;1;0;0
billet;5;0;0;0;4;0;0;0;0;0;0;0
art;0;0;0;1;0;0;1;0;0;4;1;0
annonce;2;0;0;1;0;0;2;6;0;0;0;1
aide;0;1;1;0;1;4;1;2;1;0;0;4
élevé;0;1;0;2;0;0;0;1;3;0;2;2
élection;0;1;0;0;0;0;1;1;0;0;0;0
école;0;0;1;6;1;1;3;1;1;0;0;0
majorité;0;0;0;1;0;1;1;2;4;1;0;0
jurer;0;0;0;3;3;0;1;0;0;0;2;0
histoire;2;2;1;0;1;0;0;0;0;5;0;0
gauche;3;0;2;0;0;0;6;0;0;0;0;0
feu;2;0;1;1;4;1;2;0;0;0;0;0
euro;1;2;1;1;0;0;1;2;0;0;0;0
emji_sac_plein_d_argent;0;0;1;2;0;0;1;3;3;1;0;0
découvrir;1;0;0;1;1;0;0;0;0;0;0;1
budget;0;0;0;0;0;0;1;12;1;0;0;0
bande;0;0;0;0;0;13;2;1;0;1;0;0
économie;0;0;2;0;0;0;2;4;2;0;0;0
ère;0;0;1;1;1;1;0;1;1;1;1;1
zone;0;0;0;1;2;1;0;2;0;1;1;0
vidéo;0;1;0;0;3;2;0;0;0;2;0;3
vaud;0;1;2;2;0;1;3;1;1;0;0;0
université;0;0;0;2;0;1;2;1;0;0;0;2
unique;1;0;0;2;0;0;0;0;0;2;1;2
udc;0;1;0;1;0;0;7;0;0;0;0;0
site;1;2;0;4;1;0;1;1;0;2;0;0
rôle;0;0;1;1;0;2;1;0;1;0;1;0
renforcer;0;3;0;3;0;1;1;0;1;2;3;0
petit;1;1;0;0;0;0;0;0;0;0;1;1
partager;0;1;0;0;1;1;1;0;1;2;1;0
neige;1;0;0;0;0;0;0;0;0;0;9;0
justice;0;7;1;0;0;2;1;2;1;0;0;1
jeu;1;0;0;0;0;0;0;0;0;5;0;2
intervenir;0;0;1;0;4;1;1;2;1;0;0;1
hôpital;0;0;0;0;2;5;2;2;0;0;1;0
hiver;0;1;0;0;1;0;0;0;0;0;6;0
hausse;0;0;0;1;0;0;0;1;8;0;1;0
général;0;0;1;1;2;6;3;0;1;0;1;0
fribourg;0;1;0;1;0;1;5;0;0;0;0;0
etats;1;1;5;0;0;2;2;5;0;0;0;0
espace;0;1;0;7;0;1;0;0;0;1;1;4
emji_ski;7;0;0;0;0;0;0;0;0;0;1;0
deuxième;4;0;0;0;1;0;1;0;2;1;1;0
alimentaire;0;0;2;0;0;1;0;0;0;0;0;2
événement;0;0;0;0;1;0;0;2;0;2;3;0
élire;0;0;4;0;0;0;1;1;0;0;0;1
week_end;5;0;0;0;0;0;0;0;1;1;2;0
victoire;9;0;0;0;0;0;1;0;0;0;0;0
valoir;2;1;0;1;1;1;1;1;0;0;1;0
système;0;0;0;1;0;1;3;2;0;2;0;2
station;0;0;0;1;1;0;0;0;0;1;4;0
septembre;1;2;1;2;0;0;0;1;1;1;1;1
secteur;0;0;1;1;0;0;4;1;2;1;2;1
produit;0;1;2;2;0;0;0;0;0;0;0;6
paix;0;0;4;0;0;6;1;0;0;0;0;0
organiser;5;0;0;0;1;2;1;0;0;1;1;0
moitié;0;0;0;2;0;1;0;1;3;0;0;0
minute;4;0;0;1;0;1;0;2;0;0;2;0
marque;1;0;3;1;0;0;1;0;0;1;2;3
maladie;0;0;0;0;0;0;1;1;3;1;0;3
local;0;0;2;1;2;1;1;0;0;2;0;0
km;0;1;0;0;4;0;0;0;1;0;5;0
identifier;0;3;1;0;1;0;0;0;2;1;0;1
enregistrer;0;0;0;3;0;0;1;0;1;1;6;0
emji_notes_de_musique;0;0;0;0;1;0;0;0;0;7;1;0
eau;0;0;0;1;5;0;0;0;0;1;2;0
décider;1;1;1;3;0;0;6;1;0;1;0;0
danger;0;0;0;0;1;0;2;1;1;0;2;2
compte;0;0;0;2;1;0;1;1;0;1;1;3
civil;1;1;0;1;0;7;3;0;1;0;0;0
chercheur;0;1;0;1;0;0;0;0;0;0;1;1
changement;0;0;1;1;0;0;1;0;0;0;5;0
cause;0;0;1;2;0;0;0;2;1;1;2;0
bâle;1;0;0;1;0;1;0;0;1;0;1;1
battre;10;0;0;2;0;0;0;0;0;1;0;0
affirmer;0;2;1;0;1;3;0;0;0;2;0;1
vol;0;4;0;1;0;2;0;0;0;0;0;0
vert;1;0;2;1;1;0;4;0;2;1;0;0
urgence;0;1;0;0;2;4;0;1;0;0;2;0
ukraine;0;0;7;0;0;4;0;0;0;0;0;0
tiers;0;0;0;1;1;0;0;2;3;0;0;1
réunir;0;0;1;1;1;1;1;0;0;3;2;0
rouge;1;0;0;0;0;1;0;1;1;0;0;3
riche;0;0;0;4;0;0;0;0;0;0;0;2
quitter;1;0;1;1;1;3;1;1;1;1;0;0
protéger;0;1;1;0;1;1;0;0;3;1;0;1
professionnel;0;1;0;0;0;0;3;0;4;1;0;0
produire;0;0;0;1;2;1;1;0;1;2;0;3
porter;1;3;0;0;1;0;1;0;2;0;1;0
nouvel;0;0;0;0;0;0;0;1;0;5;0;2
millier;0;1;0;0;7;0;1;2;1;0;1;0
marché;0;0;0;7;0;0;1;0;1;0;1;0
loi;0;1;3;1;0;0;3;1;0;0;0;1
inédit;0;2;2;1;0;0;1;0;3;1;0;2
impact;0;0;0;0;0;0;1;0;0;4;0;2
humanitaire;0;1;0;0;0;7;1;1;0;0;0;0
frapper;0;0;0;0;3;8;0;0;0;0;2;0
figure;0;1;3;0;1;0;0;0;0;2;0;1
ferroviaire;0;0;0;1;0;0;2;0;0;0;0;0
emji_sapin_de_noël;0;0;0;0;0;0;0;0;0;1;2;1
degré;0;0;0;0;0;0;0;0;1;0;6;0
contenir;0;2;0;1;1;0;0;1;0;0;0;5
consommation;0;0;0;7;0;0;0;0;0;1;0;0
chute;4;1;0;0;0;1;0;0;2;0;5;0
bernois;1;0;0;1;4;0;0;0;1;1;0;0
éviter;2;0;0;0;1;1;0;1;1;0;0;3
vote;0;0;1;0;0;0;7;0;0;1;0;0
tenir;1;3;1;1;0;1;0;1;0;1;1;1
situer;1;0;0;3;0;0;0;0;0;1;3;0
réaliser;1;0;1;2;2;0;0;0;0;3;0;1
retrouver;0;1;0;0;3;1;0;0;1;0;0;0
question;1;0;0;1;0;0;2;0;1;0;1;4
période;0;0;0;1;0;0;0;0;3;0;3;1
provoquer;0;0;1;0;2;1;3;3;0;0;2;1
protection;0;0;0;2;1;1;2;0;2;0;0;4
policier;0;1;0;0;7;1;1;1;0;0;0;0
nommer;0;0;0;0;0;1;1;2;0;2;2;1
moyenne;0;0;0;0;0;0;0;0;7;0;4;0
menacer;0;1;0;1;1;0;0;1;0;0;1;1
joueur;8;0;0;0;0;0;0;0;0;2;0;1
interdire;0;0;1;0;0;0;2;1;0;1;0;4
historique;2;1;0;2;0;0;0;1;0;0;1;1
genevois;1;0;0;0;0;0;0;0;0;5;0;0
financier;0;0;0;5;0;1;1;2;1;0;0;1
emji_skieur;11;0;0;0;0;0;0;0;0;0;1;0
emji_porte_documents;0;0;0;3;0;0;1;1;5;0;0;0
emji_cerveau;0;0;0;0;0;0;0;0;1;0;0;7
dévoiler;1;0;0;1;1;0;0;0;0;2;0;0
découverte;0;1;0;1;1;0;0;0;0;0;1;1
dollar;2;1;1;0;0;0;0;0;1;2;0;0
course;7;0;1;0;0;1;0;0;0;1;0;1
communiqué;0;0;0;0;1;4;0;1;1;0;0;0
commun;1;0;0;2;1;1;2;0;0;0;0;0
commencer;2;1;0;0;0;1;0;0;2;1;3;1
climatique;0;0;0;0;0;0;1;0;1;0;6;0
arriver;0;0;0;0;0;2;1;0;0;0;3;0
accepter;0;0;1;1;1;0;3;1;0;0;0;0
évolution;0;0;0;4;0;0;0;0;4;2;0;0
étranger;0;1;0;1;0;1;2;1;1;0;0;0
voter;0;0;2;0;0;0;6;1;0;0;0;0
vin;0;0;0;1;0;0;0;0;1;0;1;2
tête;2;0;0;1;0;0;2;0;1;1;1;1
société;0;0;0;3;0;0;1;0;1;1;1;0
seul;0;0;0;3;1;0;0;0;1;0;2;0
réduction;0;0;1;2;0;0;1;1;1;0;0;0
représenter;0;1;1;0;0;0;1;0;2;1;0;1
reprendre;1;0;1;1;1;3;0;0;0;0;1;1
relation;0;0;4;1;0;0;0;0;0;0;0;1
procès;0;9;0;0;0;0;0;1;0;0;0;0
porte;1;0;0;7;1;0;0;0;0;0;0;0
populaire;0;1;0;0;0;0;3;0;3;4;0;0
parlement;0;0;0;0;0;0;2;8;0;0;1;1
oeuvre;0;0;0;0;0;0;1;0;0;7;0;0
objectif;0;0;0;0;0;1;1;0;1;1;0;1
naître;1;3;0;0;0;0;0;0;0;1;0;0
média;1;1;3;1;0;1;1;0;0;0;0;1
musée;0;3;0;1;1;0;0;0;0;2;0;0
match;11;0;0;0;0;0;0;0;0;0;0;0
manquer;0;0;0;3;0;0;1;1;2;1;0;1
laisser;0;2;1;0;0;1;0;2;0;1;1;1
journaliste;0;0;0;4;1;2;0;0;0;0;0;0
israël;0;0;0;0;0;9;0;2;0;0;0;0
inquiéter;0;1;0;2;0;1;3;0;0;1;0;0
initialement;0;0;0;2;2;0;0;2;0;2;0;1
grave;1;1;0;0;2;5;0;0;1;1;0;0
fonds;0;2;0;1;0;1;0;1;1;0;1;3
final;6;0;0;0;0;0;1;0;0;2;0;0
faux;0;3;0;0;0;0;0;1;2;0;0;4
expérience;0;1;1;0;0;1;1;0;0;4;1;0
essentiel;0;0;1;1;1;1;1;0;0;2;0;3
entrer;0;1;1;1;0;1;2;1;0;0;0;0
emji_étincelles;1;0;0;0;0;1;0;0;0;1;2;1
emji_montagne_enneigée;0;0;0;0;0;0;0;1;0;0;2;0
emji_livres;0;0;2;1;0;0;1;0;2;2;0;0
emji_graphique_en_baisse;0;0;0;1;0;0;0;0;9;0;0;1
emji_avion;0;0;0;2;2;3;0;1;0;0;0;1
emblématique;0;0;1;0;0;1;0;0;0;5;1;0
déposer;0;2;2;0;1;0;3;2;0;1;0;1
décéder;0;0;0;0;3;1;0;1;0;0;0;0
déclarer;0;1;2;0;0;0;2;1;2;0;1;0
débat;2;1;0;3;0;0;2;1;0;0;0;0
droite;0;1;1;0;0;0;5;0;0;0;0;0
donner;0;0;1;0;0;0;4;1;1;0;1;0
diminuer;0;0;0;0;1;0;0;0;8;0;0;0
croissant;0;0;0;1;0;0;0;1;0;0;0;1
cour;0;7;0;0;0;1;0;1;1;0;0;0
citoyen;0;1;0;0;0;0;9;0;0;0;0;0
choisir;0;0;1;1;0;0;0;0;0;1;0;5
charger;0;0;0;3;0;0;0;3;2;1;0;0
but;6;0;1;0;0;0;0;0;0;1;0;0
besoin;0;0;0;1;1;4;0;0;1;0;0;0
aérien;0;1;0;0;1;6;0;0;1;0;0;0
assurer;0;0;0;5;0;1;0;0;0;1;0;1
appel;0;5;0;0;0;2;2;1;0;1;0;0
vigueur;0;0;1;0;0;1;1;2;0;0;1;0
venir;1;1;1;1;0;0;0;0;0;1;1;0
tôt;1;0;0;0;1;3;0;0;1;0;2;0
tribunal;0;5;1;0;0;0;2;0;0;0;0;0
travers;0;0;1;0;1;2;0;0;0;1;2;1
transport;0;0;0;1;0;0;1;0;2;1;0;0
transformer;0;0;1;1;0;1;0;0;0;3;0;0
traitement;0;0;0;0;0;1;1;0;0;0;0;4
tendance;0;0;0;2;0;0;1;0;6;0;0;1
tempête;1;0;0;0;2;0;1;0;0;0;7;0
température;0;0;0;0;0;0;0;0;0;0;9;0
sujet;1;0;1;5;0;0;1;1;0;0;0;0
stratégie;0;0;0;3;0;0;1;1;0;1;1;1
soin;0;1;0;1;1;4;2;0;1;0;0;1
sentir;0;0;0;1;0;0;2;1;0;0;2;0
répondre;0;0;0;3;0;1;1;0;1;1;0;0
régime;0;1;0;0;0;1;0;1;0;0;0;3
russe;0;2;3;0;2;3;0;0;0;0;0;0
rices;0;0;0;1;0;0;0;3;0;0;1;1
retraite;2;0;1;1;0;0;0;1;1;2;0;0
rejeter;0;2;0;0;0;1;7;0;0;0;0;0
quotidien;0;0;0;4;0;0;0;1;0;1;2;0
position;0;1;0;1;0;1;2;1;0;0;0;1
plateforme;1;2;1;0;0;0;0;0;1;4;0;0
part;1;1;0;0;0;1;0;1;3;0;0;0
parent;0;0;0;2;0;0;1;1;1;0;0;2
officiellement;1;0;0;0;0;2;2;3;0;0;0;1
obtenir;0;1;2;1;0;2;1;0;1;0;0;0
nécessiter;0;0;0;2;0;2;0;1;0;0;0;1
new;0;0;5;0;0;1;0;0;0;3;0;1
naissance;0;0;0;0;0;0;0;0;4;0;0;2
motion;0;0;0;0;0;0;5;2;1;0;0;0
moment;0;0;1;0;1;0;1;0;0;1;0;0
ministère;0;3;2;0;3;3;0;0;0;0;0;0
midi;0;0;0;1;2;0;2;0;0;0;1;0
meilleur;3;0;0;3;0;0;0;0;1;1;0;0
manifester;0;0;0;0;3;1;1;1;0;0;0;1
long;1;0;1;0;0;0;0;1;0;0;0;4
jouer;1;0;0;0;1;1;0;0;1;1;1;2
interroger;1;0;0;1;0;1;1;0;0;0;0;0
installer;0;0;1;2;0;0;0;1;0;1;2;0
image;0;0;0;0;0;2;0;0;0;0;0;6
garder;0;2;0;0;1;0;2;3;0;0;0;2
fête;0;0;0;0;1;0;0;0;1;1;1;0
froid;0;0;0;0;1;0;0;0;0;0;7;1
football;8;0;0;1;0;0;1;0;0;0;0;0
fan;2;0;0;0;0;0;0;0;0;2;0;0
exprimer;2;0;1;2;0;1;0;2;0;0;1;0
environnement;0;1;0;1;2;0;0;0;0;0;0;2
entraîner;0;1;0;2;1;0;0;2;1;0;1;2
emji_feu;0;0;0;0;4;0;0;1;0;0;2;0
dénoncer;0;1;0;1;0;0;2;2;1;1;0;1
difficile;1;1;0;1;0;1;0;0;0;0;0;0
culturel;0;0;1;0;0;0;0;0;0;5;0;0
continuer;0;0;0;0;1;1;0;2;1;1;0;1
conserver;0;0;1;3;1;1;0;1;0;1;1;0
conflit;0;0;2;0;0;7;0;1;0;0;0;0
concevoir;0;1;0;0;0;0;0;0;1;2;1;3
comprendre;0;0;0;1;0;2;2;0;1;0;1;0
comité;0;0;0;0;1;3;2;1;1;0;0;0
carrière;5;0;0;0;0;0;0;0;1;1;1;0
bilan;0;0;0;2;3;2;0;0;2;0;0;0
augmentation;0;1;0;2;0;0;1;1;3;0;0;1
arrivée;1;0;0;1;2;0;0;0;0;2;1;0
appeler;0;1;0;0;3;1;1;0;1;0;0;1
adopter;0;1;0;0;0;0;4;3;0;0;0;0
actuel;0;0;1;4;0;1;4;1;0;0;0;0
accès;0;0;0;2;1;0;0;0;0;0;0;2
étudiant;0;0;0;0;0;0;0;1;1;1;0;0
établir;0;0;0;0;2;2;0;0;0;2;1;0
électronique;0;2;0;1;0;0;2;0;0;0;1;0
voiture;1;0;0;0;1;0;0;2;1;1;0;1
visible;0;1;1;1;0;0;0;0;1;1;2;1
union;0;1;1;0;0;0;1;3;1;0;0;1
traditionnel;0;0;1;0;0;0;0;0;2;2;0;3
terme;0;0;2;2;0;1;0;0;0;0;0;3
sud;0;0;2;0;2;4;0;0;0;0;1;0
ssr;0;0;0;0;0;1;4;1;1;0;0;0
spécial;0;0;0;1;3;1;0;0;0;0;0;0
siège;0;1;1;0;0;1;0;1;1;0;0;0
scientifique;0;0;0;0;0;0;1;1;0;1;0;5
réponse;0;2;0;0;1;0;1;1;0;0;0;3
récemment;0;0;0;0;0;1;2;1;0;2;0;1
réaction;0;0;0;0;0;0;5;2;0;0;0;3
romain;0;0;0;0;1;0;0;0;0;1;0;1
rapide;1;0;0;2;0;3;1;0;0;0;0;1
programme;0;1;1;1;0;0;1;1;1;0;0;0
privé;0;0;1;0;0;2;1;1;2;0;0;0
positif;1;0;0;1;0;0;0;0;2;0;1;2
parlementaire;0;0;2;0;1;1;1;4;0;0;1;0
oms;0;0;0;0;0;3;0;0;0;0;0;0
occasion;0;0;0;1;0;0;0;0;2;1;0;1
objet;0;0;0;0;4;0;1;0;0;3;0;0
nord;0;0;0;0;2;3;0;0;0;0;1;0
nom;2;0;1;1;0;0;0;2;0;0;0;0
médical;0;1;0;1;0;3;0;0;3;0;0;0
mouvement;0;0;0;1;0;1;3;2;0;1;0;0
maison;0;0;1;0;2;0;0;1;0;0;0;1
liberté;0;2;0;4;0;0;0;0;0;0;0;1
juin;0;1;0;1;1;0;0;0;0;1;1;0
italien;1;1;0;0;0;0;0;0;0;0;0;2
intelligence;0;0;0;0;0;0;0;0;0;1;0;8
inspirer;0;0;0;1;0;0;0;0;0;3;0;0
inscrire;1;0;2;0;0;0;1;0;0;1;0;2
initier;0;0;1;0;1;0;4;0;0;1;1;0
information;0;2;0;1;0;0;2;0;0;0;1;3
imposer;4;0;1;0;0;0;1;1;1;0;0;0
hamas;0;0;0;0;0;8;0;0;0;0;0;0
h;0;1;0;1;3;0;0;0;0;0;3;0
futur;1;0;1;2;0;2;1;0;0;1;0;1
explorer;0;0;0;0;0;0;0;0;0;6;0;1
emji_voiture;0;1;1;1;0;0;0;3;2;0;0;1
emji_symbole_d_interdiction;0;0;1;1;0;1;2;0;0;1;0;2
emji_stéthoscope;0;1;0;0;1;1;1;1;2;0;0;1
emji_micro;0;0;1;0;0;1;0;0;1;2;0;0
emji_hôpital;0;0;0;0;2;2;3;2;1;0;0;0
emji_graphique_en_hausse;0;0;0;3;0;0;1;0;1;0;0;0
emji_drapeau_ukraine;0;0;6;0;1;3;0;0;0;0;0;0
emji_drapeau_royaume_uni;0;0;1;0;0;1;0;0;0;1;0;0
départ;0;0;0;1;1;0;0;2;2;1;0;0
durable;0;0;0;0;0;4;1;0;0;0;0;0
double;1;0;0;1;0;0;1;3;1;0;0;1
dossier;0;4;3;0;0;0;1;0;0;0;0;0
domaine;0;0;1;0;0;0;0;1;0;1;2;1
culture;0;1;0;2;0;0;0;0;0;2;0;1
coût;0;0;0;2;0;0;1;1;3;0;0;0
considérer;0;4;0;1;1;0;1;1;0;0;0;0
coeur;0;1;0;0;2;0;1;0;2;1;0;1
climat;0;0;0;3;0;0;1;0;1;0;4;0
chaîne;0;0;0;0;0;6;1;0;0;0;0;1
chanson;0;0;0;0;0;0;0;1;0;2;1;1
centaine;0;0;0;0;5;0;1;1;0;0;0;0
beau;3;2;0;0;0;0;0;0;0;2;0;0
avril;0;1;1;0;1;3;0;0;0;0;1;0
avenir;0;0;1;2;0;0;4;0;1;0;0;0
arrêter;0;3;1;0;1;2;0;2;0;0;0;0
application;1;0;0;1;1;0;0;1;1;0;0;0
adulte;0;0;0;0;0;0;0;0;1;0;0;2
adolescent;0;0;0;1;0;0;0;0;0;1;0;6
adapter;0;0;0;4;0;0;0;0;1;1;1;1
actuellement;1;0;4;0;0;1;0;0;0;0;0;0
activité;0;0;0;3;0;1;0;0;1;0;2;2
étendre;0;0;0;0;0;1;1;0;1;0;2;1
étape;1;1;0;0;0;1;1;1;0;2;1;0
élève;0;0;0;0;0;0;2;2;3;0;0;0
york;0;0;5;0;0;0;0;0;0;3;0;0
violent;0;0;0;0;1;1;0;0;1;1;3;0
ukrainien;0;0;4;0;2;1;0;0;0;0;0;0
trouver;0;0;0;0;0;1;0;0;2;0;0;2
troisième;1;0;0;1;0;0;0;0;2;0;0;0
travailleur;0;0;0;1;0;0;1;0;2;0;0;2
tester;1;0;0;3;0;0;1;0;0;1;0;0
test;0;0;1;1;0;0;0;0;0;0;0;2
séduire;0;1;0;1;0;0;0;0;0;1;0;0
streaming;0;0;0;0;0;0;0;0;1;2;0;0
sport;2;0;0;4;0;0;0;0;0;1;0;1
scène;0;0;1;1;1;0;0;0;0;2;0;0
scrutin;0;0;2;0;0;0;2;0;0;0;0;0
règle;0;0;2;1;1;0;0;1;1;0;0;1
russie;0;0;7;0;0;2;0;0;0;0;0;0
romands;0;0;0;2;0;0;1;0;0;1;1;0
renoncer;0;0;1;1;0;0;0;5;0;0;0;0
remplacer;0;0;0;2;2;1;2;0;0;1;0;0
qualifié;2;0;0;1;2;2;0;0;1;0;0;0
présent;1;1;0;1;3;0;0;0;0;0;0;1
propriétaire;0;0;0;5;0;0;0;0;0;0;0;0
promettre;0;2;0;0;0;1;0;0;1;1;0;0
poursuivre;0;0;0;1;0;1;1;2;0;1;0;0
possible;0;0;1;0;0;1;0;4;0;0;1;1
plaindre;0;5;0;0;0;0;3;0;0;0;0;0
pilote;0;0;0;5;0;1;0;0;0;0;0;0
personnel;0;2;1;1;2;0;0;1;1;0;0;0
performance;0;0;0;2;0;0;0;0;0;0;0;1
patient;0;1;0;1;2;2;1;0;0;0;0;1
ouverture;0;0;0;2;0;0;1;0;0;0;0;0
origine;0;0;0;1;1;0;0;0;1;1;1;2
opposition;0;0;2;0;0;1;4;1;0;0;0;0
onu;0;0;1;0;0;4;3;0;1;0;0;0
négociation;0;0;2;0;0;1;1;2;0;0;0;0
musique;0;0;0;0;0;0;0;0;0;3;1;0
musical;0;0;1;0;0;0;0;0;0;3;0;0
militaire;0;0;1;0;3;1;1;1;0;0;0;0
milieu;1;0;0;0;1;0;1;0;0;1;0;0
lutte;0;2;0;0;0;0;1;0;1;0;0;0
londres;1;1;0;0;0;1;0;0;0;1;0;0
largement;0;1;0;0;0;0;1;0;0;0;1;1
large;1;1;0;0;0;0;0;0;0;1;0;0
jean;0;0;0;1;0;1;1;0;0;1;1;0
intervention;0;0;0;0;8;1;0;0;0;0;0;0
instagram;0;0;0;0;0;1;0;0;0;2;1;4
individu;0;1;0;0;2;0;0;0;0;0;2;3
incident;0;0;0;0;6;2;1;0;0;0;0;0
importance;0;0;0;0;0;0;0;1;2;2;1;0
genevoise;0;0;0;0;4;0;2;0;1;0;0;0
forme;1;1;0;0;0;0;1;0;1;1;0;1
fonction;0;1;1;0;0;0;0;6;0;0;0;0
emji_voiture_de_police_de_face;0;2;0;0;6;0;0;1;0;0;0;0
emji_robot;0;0;0;0;0;0;0;0;0;0;0;7
emji_explosion;0;0;0;0;3;3;0;0;0;0;2;0
emji_drapeau_brésil;1;3;0;0;2;0;0;0;1;0;0;0
emji_billet_avec_des_ailes;1;0;0;0;0;0;0;1;2;0;0;0
détention;0;7;0;0;1;0;0;0;0;0;0;0
dérouler;1;0;0;0;2;1;1;0;0;1;1;0
député;0;0;0;0;0;0;4;2;0;0;0;0
dépasser;1;0;0;0;2;0;1;0;2;0;0;0
décrire;0;0;1;0;2;1;0;0;1;0;0;1
décennie;0;0;1;1;0;0;0;0;0;1;1;1
débuter;1;0;0;0;1;0;1;3;0;0;1;0
domicile;2;0;1;1;0;0;0;1;1;0;0;0
dizaine;0;0;0;0;2;3;0;0;2;0;1;0
delémont;0;0;0;0;1;0;0;1;0;0;3;0
crime;0;1;0;0;1;2;2;0;1;0;0;0
coup;1;2;0;1;0;1;0;0;1;1;1;0
contrôle;0;2;1;2;1;1;0;0;0;0;0;1
confédération;0;1;1;1;0;0;0;0;2;0;0;1
complexe;0;0;0;0;4;1;2;0;0;0;0;0
communauté;0;1;0;0;0;0;2;0;0;2;0;1
chine;0;0;3;0;0;0;1;0;1;0;0;1
budgétaire;0;0;2;0;0;0;0;2;1;0;0;0
brésilien;2;3;0;0;1;0;0;0;1;0;0;0
blesser;2;0;0;0;3;2;1;0;0;0;0;0
benjamin;0;0;0;0;0;2;0;1;0;0;4;0
base;0;0;0;2;1;0;0;0;0;0;0;4
bas;0;0;0;0;0;1;0;1;4;0;1;1
attribuer;0;0;1;1;0;1;0;0;2;0;0;1
artificiel;0;0;0;0;0;0;0;0;0;0;0;8
apporter;0;0;0;0;1;0;0;0;0;1;1;1
améliorer;0;1;0;3;0;0;0;1;0;0;0;2
amende;0;1;0;0;1;1;0;1;0;0;0;0
allemand;1;0;0;0;1;0;0;0;0;5;0;0
aider;1;0;0;1;0;0;0;0;2;0;0;0
évoquer;0;0;0;0;1;1;1;1;0;1;2;0
écrire;2;0;1;2;0;0;1;1;0;0;0;0
visiteur;0;0;0;1;0;0;0;0;0;0;2;0
version;0;0;0;0;0;0;1;1;0;3;0;1
trouble;0;0;0;0;1;0;0;0;0;0;0;2
traverser;0;0;0;0;0;0;0;1;0;2;4;0
transférer;0;1;0;1;1;3;1;0;0;0;0;0
territoire;0;0;0;0;0;7;0;0;0;0;0;0
série;0;0;0;1;2;0;0;0;0;0;0;0
swiss;2;0;0;0;0;0;0;0;0;1;0;0
super;5;0;0;0;1;0;0;0;0;0;2;0
st;1;0;0;1;0;1;0;0;0;0;1;0
sortie;1;0;0;0;0;0;0;1;0;0;0;2
sommeil;0;0;0;0;0;0;0;0;0;0;0;4
solution;0;1;2;1;0;0;0;0;1;0;1;1
siècle;0;0;0;1;0;0;0;0;1;0;2;0
signer;0;0;3;1;1;1;0;0;0;0;0;1
sarkozy;0;5;0;0;0;0;0;0;0;0;0;0
régional;1;0;0;1;1;1;0;0;0;0;0;0
récent;0;0;0;0;1;1;0;1;0;0;1;2
remonter;0;0;0;0;0;0;0;0;1;0;4;1
rejoindre;1;1;0;0;0;0;1;0;0;2;0;0
refuser;0;0;1;0;2;1;4;0;0;0;0;0
reconnaître;0;2;1;0;0;0;1;0;0;1;0;1
rare;0;1;3;0;0;0;0;0;0;0;2;0
rapporter;0;0;2;0;1;2;1;0;0;0;0;0
pénal;0;0;1;1;1;0;4;1;0;0;0;0
prévention;0;0;0;1;1;0;0;0;3;0;1;0
production;0;0;0;2;0;0;0;0;1;0;0;0
procédure;0;1;0;2;0;1;1;2;1;0;0;0
pression;0;0;2;1;0;0;0;1;0;0;0;2
pousser;0;0;0;0;0;1;1;2;0;0;0;1
pluie;1;0;0;0;2;0;0;0;0;0;4;1
piste;1;1;0;0;2;0;0;0;0;0;0;1
perturber;0;0;0;0;1;0;1;1;0;0;1;1
patrimoine;0;0;0;0;0;1;1;0;0;1;1;0
passage;0;0;0;1;1;1;0;0;0;1;1;0
outil;0;0;0;1;0;0;0;0;0;0;0;3
noir;0;0;1;1;0;1;0;1;0;1;0;2
nes;0;0;0;0;0;5;2;0;0;0;0;0
médecin;0;0;0;0;0;1;0;1;3;0;0;1
modèle;1;0;1;2;0;0;0;0;0;0;0;0
mars;0;0;0;0;0;0;0;1;1;0;1;0
manière;1;0;0;0;0;0;0;0;3;0;1;0
magasin;0;0;1;1;0;0;1;1;0;0;1;0
louvre;0;6;0;0;0;0;0;0;0;1;0;0
livre;0;2;0;0;0;0;0;1;0;1;0;0
limiter;0;1;0;2;0;0;0;1;0;0;0;0
inviter;1;0;0;0;0;2;0;1;0;1;1;1
introduire;0;0;0;0;0;0;1;0;0;2;0;0
interrompre;1;1;0;1;0;1;0;0;1;0;0;0
impliquer;0;1;1;1;1;0;0;1;2;0;0;0
gros;1;1;0;0;0;0;0;0;1;0;0;1
geste;0;0;0;0;0;0;1;1;0;0;0;1
gall;4;0;0;1;0;1;0;0;0;0;0;0
frontière;0;0;1;0;0;4;1;0;0;0;1;0
fribourgeois;1;0;0;2;0;0;3;0;0;0;0;0
fm;0;0;0;0;0;0;0;4;0;0;0;0
fille;0;1;1;0;1;0;0;0;1;0;0;1
festival;0;0;0;1;1;0;1;0;0;0;1;0
extrême;0;1;0;0;0;0;2;0;0;0;1;0
entrée;1;0;1;0;1;0;0;2;0;0;0;0
engager;0;1;2;1;0;1;2;0;0;0;0;0
emji_téléviseur;0;0;0;0;0;0;1;0;2;2;0;0
emji_palette_de_peinture;0;0;0;1;0;0;0;0;0;4;0;0
emji_ordinateur_portable;0;1;0;0;0;0;1;0;1;0;0;2
emji_monument_classique;0;1;0;2;1;0;1;0;0;0;0;1
emji_maison;0;0;0;1;0;0;0;0;5;0;0;0
emji_loupe_orientée_à_gauche;0;2;1;1;0;0;1;1;1;0;0;1
emji_drapeau_russie;0;1;2;0;2;3;0;0;0;0;0;0
démocrate;0;0;7;0;0;0;0;0;0;0;0;0
défi;0;0;0;3;0;0;0;0;0;0;2;0
défendre;0;0;1;0;0;0;2;1;0;0;0;2
dédier;0;0;0;0;0;0;0;0;0;3;0;0
décès;0;0;0;0;3;0;0;1;1;0;0;0
déclencher;0;0;0;0;1;2;0;0;0;0;1;2
donnée;0;0;0;1;0;0;1;0;1;0;2;2
condamner;0;6;1;0;0;0;0;1;0;0;0;0
commission;1;0;1;0;0;0;2;4;0;0;0;0
commercial;0;0;2;0;1;0;1;0;0;0;0;1
cible;0;2;0;0;2;3;0;0;0;0;0;0
chinois;0;2;1;0;1;0;0;0;0;0;0;1
blanc;0;0;1;0;3;0;1;0;0;0;1;0
bientôt;0;0;1;1;0;0;1;1;2;0;0;0
assurance;0;0;0;0;1;0;2;0;5;0;0;0
arme;0;1;1;0;4;0;1;1;0;0;0;0
argent;0;3;0;1;0;0;0;0;1;0;0;1
annuel;1;0;0;0;0;0;1;0;1;1;1;0
amateur;1;0;0;0;0;0;0;0;0;2;1;0
album;0;0;0;0;0;0;0;0;0;4;0;0
al;0;1;1;0;0;1;1;0;0;0;0;0
acte;0;0;0;0;1;0;2;2;0;0;0;0
accessible;0;0;0;1;0;0;0;0;0;1;1;0
évaluer;0;1;0;3;1;0;0;0;0;0;0;1
époux;0;3;0;0;1;2;0;0;0;0;0;0
échange;0;1;0;1;1;1;0;2;0;1;0;0
véhicule;0;0;1;1;1;1;0;0;0;0;0;1
vraiment;0;0;0;0;0;0;0;0;0;0;1;2
vivre;0;0;1;2;0;0;0;0;1;0;0;0
visite;0;0;2;0;0;0;1;0;0;1;0;0
vent;1;0;0;0;2;0;0;0;0;0;3;0
vendre;0;0;0;2;0;0;0;1;0;2;0;0
valider;1;0;0;1;0;0;1;3;1;0;0;0
témoigner;0;0;0;1;1;1;0;0;1;0;1;0
travailler;0;1;0;0;1;1;0;0;0;2;1;0
transporter;0;0;1;1;1;0;0;0;0;1;0;1
tradition;1;0;0;1;0;0;0;0;0;4;0;0
tourner;0;0;0;1;1;0;0;0;2;1;1;0
total;1;0;0;1;0;0;0;1;2;0;0;0
théâtre;0;0;0;1;2;0;0;0;0;3;0;0
texte;0;0;1;0;0;0;5;0;0;1;0;0
terminer;1;0;0;0;0;1;1;0;0;1;1;0
tenter;0;1;0;0;0;2;1;0;0;0;0;1
tension;0;0;1;2;1;0;0;1;0;0;0;1
survenir;1;0;1;0;2;0;0;0;0;0;0;0
supérieur;0;2;0;0;0;0;1;0;1;0;1;0
supprimer;0;0;1;2;0;0;1;1;0;0;0;1
supplémentaire;0;0;0;1;0;0;1;2;1;0;2;0
statistique;0;0;0;0;0;0;0;0;5;0;1;0
spectaculaire;0;2;0;0;1;0;0;0;0;1;0;1
source;0;4;1;0;0;1;0;0;0;0;0;0
soupçonner;0;5;0;0;2;0;0;0;0;0;0;0
sondage;0;0;0;0;0;0;3;0;0;0;0;0
science;0;0;0;1;0;0;0;0;0;1;1;0
satellite;0;0;0;0;0;1;1;0;0;0;0;2
salaire;0;0;0;0;0;0;3;1;2;0;0;0
réserver;0;0;0;4;0;0;0;0;0;0;0;0
réclamer;0;0;0;1;0;0;3;2;0;0;0;0
réalité;0;0;0;0;0;0;0;0;1;2;1;3
rue;0;1;1;0;1;0;0;2;0;1;0;0
route;0;0;0;0;0;0;1;0;2;0;1;1
représentant;0;0;5;0;0;0;0;0;0;0;0;0
refléter;0;1;0;2;0;0;0;0;1;1;1;0
qualifier;1;1;1;1;1;1;1;0;0;0;0;0
père;0;1;0;1;0;0;0;0;1;1;0;0
présence;0;0;1;2;0;0;0;0;2;0;1;0
préparer;0;0;0;1;0;0;0;0;0;0;3;2
provenir;0;0;0;2;0;0;0;2;0;0;0;0
propos;0;1;1;1;0;1;0;1;0;0;0;0
prolonger;0;0;0;2;0;0;1;1;0;0;0;1
problème;0;1;0;0;0;1;0;0;1;1;0;0
pratique;0;0;0;0;0;1;0;0;3;0;1;2
plonger;0;2;0;0;0;0;0;0;0;4;0;0
placer;0;7;0;0;0;0;0;0;0;0;0;0
pièce;0;2;0;1;1;0;0;0;1;0;0;0
physique;0;0;0;1;0;0;0;0;0;0;0;5
philippe;0;0;0;1;0;0;0;0;0;1;1;0
personnalité;0;0;0;0;0;1;2;1;1;0;0;0
percevoir;0;0;0;0;0;0;1;1;0;0;0;1
penser;2;0;0;0;0;0;0;0;2;0;1;1
partiel;0;0;1;0;2;0;1;0;0;0;1;0
parcours;1;0;0;2;0;0;0;0;1;2;1;0
ordre;0;0;1;0;4;0;1;1;0;0;0;0
opération;0;0;0;0;3;1;0;1;0;0;0;0
opposer;0;0;1;0;0;1;5;0;0;0;0;0
odermatt;5;0;0;0;0;0;0;0;0;0;0;0
observer;0;0;0;0;0;1;0;0;0;0;1;1
obligatoire;0;0;0;0;0;0;2;0;1;0;0;0
nécessaire;0;0;0;1;0;1;0;1;0;1;0;0
météorologique;0;0;0;0;0;0;0;1;0;0;5;0
médicament;0;1;0;0;0;0;0;0;1;0;0;3
municipal;0;0;1;1;0;0;2;2;0;0;0;0
moyen;0;0;1;0;1;1;1;0;1;1;0;0
montant;0;0;0;0;2;1;0;1;2;0;0;0
mobiliser;0;0;0;0;3;1;0;2;1;0;0;0
mission;0;0;0;0;1;3;0;0;0;1;0;1
mineur;0;2;0;0;1;0;0;0;1;0;0;0
menace;0;0;0;0;1;4;1;0;0;0;0;0
maurice;0;1;0;1;0;0;1;0;0;0;0;0
matinal;0;1;0;0;0;2;0;0;0;0;1;0
massif;0;0;0;1;0;1;2;1;0;0;0;0
marco;5;0;0;0;0;0;0;0;0;0;0;0
mai;1;1;0;1;1;0;0;0;1;0;0;0
magazine;0;0;0;4;0;0;0;0;0;0;0;1
légende;3;0;0;0;0;0;0;0;0;1;0;1
lumière;0;0;0;0;0;1;0;0;0;1;1;1
libérer;0;0;0;1;0;3;0;0;0;0;0;2
kilomètre;1;0;0;0;1;0;0;0;0;0;1;1
jeffrey;0;0;6;0;0;0;0;0;0;0;0;0
intérieur;0;1;0;1;1;0;1;1;0;0;0;1
interdiction;0;1;0;1;1;0;2;0;0;0;0;0
infrastructure;0;0;0;0;1;2;1;1;0;0;0;0
incendie;0;0;0;0;3;0;0;0;0;0;0;0
immédiat;0;0;0;0;1;3;0;0;1;0;0;0
illégal;0;2;0;0;0;0;0;0;2;1;0;0
génération;0;0;0;1;0;0;0;0;1;2;0;0
grève;0;0;1;1;0;0;3;1;0;0;0;0
grippe;0;0;0;0;0;0;0;0;1;0;2;0
frère;1;1;1;0;0;0;0;0;0;2;0;0
fondation;0;0;0;2;0;0;0;0;0;1;0;0
faveur;0;0;1;0;2;0;1;3;0;0;0;0
fantastique;1;0;1;0;0;0;0;0;1;1;0;0
exposition;0;0;0;1;0;0;0;0;0;1;1;0
exemple;0;0;0;1;0;0;3;0;0;0;1;1
exceptionnel;0;1;0;1;0;0;0;0;0;0;1;0
espérer;0;0;0;0;0;0;0;0;0;2;1;0
epstein;0;0;5;0;0;0;0;0;0;0;0;0
envisager;0;1;2;0;0;0;0;1;0;1;0;0
ensemble;0;0;0;0;0;1;0;0;1;1;0;1
engagement;0;0;0;2;0;0;0;0;2;1;0;0
employé;0;0;0;5;0;0;0;0;1;0;0;0
emji_poignée_de_main;0;0;1;1;0;2;0;1;0;0;0;0
emji_pilule;0;0;0;2;0;1;1;0;2;0;0;1
effort;0;0;2;0;1;1;1;0;0;1;0;0
défense;0;1;0;1;0;4;0;0;1;0;0;0
drone;0;0;0;0;1;5;0;0;0;0;0;0
douane;0;0;6;0;0;0;0;0;0;0;0;0
discussion;0;0;4;0;0;0;1;1;0;0;0;0
croissance;0;0;0;1;0;0;1;0;0;0;1;0
contrôler;0;0;0;2;0;2;0;0;0;0;0;0
concours;0;0;0;0;0;0;0;2;1;0;0;0
compter;1;0;0;0;0;0;1;0;1;1;0;1
composer;0;1;0;0;0;0;1;0;0;2;0;0
comportement;0;0;0;0;1;0;0;0;0;0;1;2
communal;0;0;0;2;0;0;1;0;0;0;0;0
commerce;0;1;1;1;1;0;1;0;0;1;0;0
coalition;0;1;0;0;0;0;1;2;0;0;0;1
chaud;0;0;0;0;0;0;0;0;0;0;5;0
champion;7;0;0;0;0;0;0;0;0;0;0;0
capitale;0;2;0;0;0;1;0;0;0;1;0;0
capable;0;0;0;0;0;0;0;0;0;2;1;2
canada;6;0;0;0;0;0;0;0;0;0;0;0
cambriolage;0;2;0;1;1;0;0;0;1;1;0;0
cacher;0;0;2;0;0;0;0;0;0;1;0;3
britannique;0;0;0;0;1;1;0;0;0;0;0;1
bord;0;0;0;0;1;4;0;0;0;0;0;0
bloquer;0;0;0;0;0;2;0;0;0;0;0;1
blessure;2;0;0;0;1;2;0;0;0;0;0;0
australie;0;0;0;0;1;0;1;0;0;0;1;1
apprendre;0;2;1;0;0;0;1;0;0;1;0;0
analyser;0;0;0;0;0;0;0;0;0;1;1;1
affecter;0;0;1;0;0;0;0;3;0;0;1;1
actualité;0;0;1;4;0;0;0;0;0;0;0;1
action;0;0;0;2;0;1;1;1;0;0;0;0
accusation;0;0;1;0;0;2;2;1;0;0;1;0
accompagner;1;0;0;2;0;0;0;0;1;1;0;1
étudier;0;0;0;0;1;0;0;0;1;0;1;1
éclater;0;1;0;0;3;1;0;0;0;0;0;0
washington;1;0;2;0;1;0;0;0;0;0;0;0
voyage;0;1;1;0;0;2;0;0;0;0;0;0
vivant;0;0;0;0;0;2;1;0;0;0;0;0
vitesse;1;1;0;1;0;0;0;0;0;0;1;0
vieux;0;0;0;0;0;0;0;0;1;2;1;0
valeur;0;0;1;0;1;0;0;0;2;0;1;0
utilisation;0;0;0;0;1;0;2;0;0;0;0;2
urgent;0;0;0;0;0;4;0;0;1;0;0;0
ue;0;0;0;0;0;1;1;1;0;0;0;1
typhon;0;0;0;0;3;0;0;0;0;0;0;0
traiter;0;1;1;1;0;0;1;0;1;0;0;1
tournée;0;0;1;1;0;1;0;0;0;1;1;0
tiktok;0;0;0;0;0;0;0;0;0;1;0;4
terre;0;0;1;0;2;0;0;0;0;0;1;0
tentative;0;2;0;0;1;0;0;1;0;0;0;1
taxe;0;0;1;0;0;0;2;0;1;0;0;0
taux;0;0;0;0;0;0;0;0;2;0;0;1
tarif;2;0;0;0;0;0;0;1;1;0;0;0
sydney;2;0;0;0;3;0;1;0;0;0;0;0
suspension;0;1;0;0;0;1;1;2;0;0;0;0
subir;1;0;0;3;0;0;0;0;0;0;0;0
spécialiser;0;1;0;1;1;2;0;0;1;0;0;0
sportif;1;0;1;0;0;0;0;0;0;1;0;0
spectacle;0;1;0;0;0;0;0;0;0;1;1;0
souhaiter;0;1;0;1;0;0;1;1;0;1;0;0
soirée;0;1;0;0;0;0;0;2;0;0;1;0
signaler;0;1;0;0;2;0;0;0;1;0;1;0
session;0;0;0;0;1;0;0;0;0;0;3;0
sentiment;0;1;0;1;0;0;2;0;0;0;0;1
sensation;0;0;0;1;0;0;0;0;1;1;0;0
scolaire;0;0;0;1;0;0;1;0;0;0;0;1
saisir;0;0;1;0;2;0;0;1;0;1;0;0
réforme;0;0;1;0;0;0;2;3;0;0;0;0
relancer;0;1;1;0;0;1;0;0;0;0;0;1
recul;0;0;0;1;0;0;0;0;3;0;0;0
recours;0;2;0;1;0;1;1;0;1;0;0;0
radio;0;0;0;0;0;2;1;2;0;1;0;0
préserver;0;0;0;2;0;1;0;0;0;1;2;0
provisoire;0;3;0;0;0;0;2;1;0;0;0;0
proposition;0;0;1;0;0;1;3;0;0;0;0;0
prononcer;0;0;1;0;0;0;0;4;1;0;0;0
profiter;1;0;0;0;1;0;0;0;0;1;1;0
professeur;0;0;0;1;0;0;1;0;0;0;0;4
producteur;0;0;0;1;0;0;0;0;1;1;0;0
processus;0;0;2;0;0;0;0;0;0;1;0;1
pro;0;0;0;0;4;2;0;0;0;0;0;0
principal;1;0;0;1;0;0;0;0;0;0;0;1
potentiellement;0;0;0;0;0;2;0;0;0;0;0;4
potentiel;0;0;0;0;1;1;0;0;0;0;0;1
portée;0;1;0;0;0;1;1;1;1;1;0;0
peine;0;4;1;0;0;0;0;0;0;0;0;1
pc;0;0;0;0;0;0;0;0;0;2;2;0
ouvrier;0;0;0;0;1;0;1;0;0;0;1;2
ouragan;0;0;0;0;1;1;0;1;0;0;0;0
otage;0;0;0;0;0;6;0;0;0;0;0;0
organisateur;0;0;0;0;0;1;1;0;0;0;1;0
norme;0;0;0;2;1;0;0;1;0;1;0;0
nicolas;0;5;0;0;0;0;0;0;0;0;0;0
nati;6;0;0;0;0;0;0;0;0;0;0;0
mécanisme;0;0;0;1;0;1;1;0;0;0;0;2
minimum;0;0;0;0;0;0;4;0;1;0;0;0
mental;0;0;0;1;0;0;0;0;0;0;0;2
matière;0;0;0;2;0;0;2;1;1;0;0;0
mandat;1;0;0;1;0;0;0;2;0;0;0;0
maintenir;0;1;0;0;1;1;0;2;0;0;0;0
limité;0;0;1;0;1;1;0;0;1;0;0;0
limite;0;0;0;0;0;1;0;1;0;0;2;0
lien;0;0;0;1;0;0;0;0;0;5;0;0
justifier;0;0;0;1;0;0;1;3;0;0;0;0
juillet;0;0;0;1;0;0;0;0;2;1;0;0
japonais;1;0;0;0;1;0;0;0;0;2;0;0
interpeller;0;3;0;0;2;0;0;0;0;0;0;0
intensifier;0;0;1;0;0;3;2;0;0;0;0;0
institut;0;0;0;2;0;0;1;0;0;0;0;1
installation;0;0;0;1;0;1;0;0;0;1;2;0
inondation;0;0;0;0;3;0;0;0;0;0;1;0
infraction;0;0;0;0;0;0;2;1;2;0;0;0
indépendant;0;0;0;0;0;2;0;1;0;0;1;0
hommage;0;0;0;0;0;1;1;0;0;0;0;1
générer;0;0;0;0;0;0;0;0;1;0;0;3
garantir;0;1;1;1;0;0;1;0;0;1;0;0
fsr;0;0;0;0;0;4;0;0;0;0;0;0
frontalier;0;0;0;0;0;2;0;0;0;1;1;0
fournir;0;0;0;1;1;2;0;0;0;0;1;1
former;0;0;0;1;0;0;1;3;0;0;0;0
financement;0;3;0;0;0;0;0;1;1;0;0;0
favoriser;0;0;0;1;0;0;0;0;0;1;1;2
exposer;0;1;0;1;0;0;0;0;0;0;0;2
explosif;0;0;0;0;6;0;0;0;0;0;0;0
exercice;0;1;0;0;0;1;1;0;0;0;0;1
espoir;0;0;0;0;0;2;0;0;0;0;0;1
entamer;1;0;2;0;0;1;0;0;0;0;0;0
encourager;0;1;0;2;0;0;1;0;0;0;0;0
emji_vague;0;0;0;0;1;0;0;0;0;0;2;1
emji_spectacle_vivant;0;0;0;1;0;0;0;0;0;3;0;0
emji_haut_parleur;0;1;0;0;0;2;0;2;0;0;0;1
emji_drapeau_union_européenne;0;0;1;0;0;0;1;4;0;0;0;0
emji_drapeau_australie;0;0;0;0;3;0;1;0;0;0;0;1
durée;0;0;1;1;0;0;0;1;0;0;0;1
drogue;0;0;0;3;0;0;0;0;1;0;0;0
document;0;0;2;0;1;0;0;0;0;0;0;1
dispositif;0;0;1;1;1;0;1;0;0;0;1;0
disposer;0;0;0;3;0;0;1;0;1;0;0;0
disparaître;0;1;0;0;0;1;0;0;0;1;1;1
diriger;0;0;1;0;1;1;2;0;0;0;0;0
diminution;0;0;0;2;0;0;0;0;1;0;0;0
diffuser;0;0;0;0;0;2;0;0;0;0;0;1
devancer;1;0;0;1;0;0;0;0;0;1;0;0
destiner;0;0;0;1;1;1;0;0;0;0;1;1
date;0;0;0;0;0;0;0;1;0;0;2;0
cycle;0;0;0;0;0;0;0;0;2;0;0;1
covid;0;0;0;1;0;0;0;0;1;0;0;1
couleur;0;0;0;0;0;0;0;0;1;1;0;1
cop30;0;1;0;0;1;0;0;0;1;0;0;0
consultation;0;0;0;2;0;0;2;1;1;0;0;0
constater;0;0;0;1;1;0;0;0;1;0;0;0
conservateur;0;1;2;0;0;0;1;0;0;0;0;0
conduire;0;0;0;1;0;3;0;0;0;0;0;1
collaborateur;0;1;1;3;0;0;0;0;0;0;0;0
clé;0;0;1;0;0;0;0;2;0;0;1;0
chef;0;2;0;0;1;0;0;0;0;1;1;0
champignon;0;0;0;1;0;0;0;0;2;0;0;0
chambre;0;1;2;0;0;0;1;1;0;1;0;0
catastrophe;1;0;1;0;0;0;1;1;0;0;0;0
bénéficier;0;0;0;2;0;0;1;1;0;0;0;0
bois;0;0;0;1;0;0;0;0;0;1;0;1
baser;0;0;1;1;1;0;0;0;0;1;0;1
avancé;0;0;0;0;0;0;0;0;0;2;1;0
autriche;2;0;0;0;0;0;0;1;1;0;0;0
automne;1;0;0;1;0;0;0;0;0;0;2;0
auteur;0;0;1;0;0;0;1;1;1;1;0;0
australien;2;0;0;0;2;0;0;1;0;0;0;1
apprêter;0;0;0;0;0;0;0;0;0;2;2;0
approuver;0;0;0;0;0;1;2;1;0;0;0;0
annuler;0;0;1;0;0;0;2;0;0;1;0;0
analyse;0;0;1;0;0;0;0;0;1;0;1;0
amélioration;0;0;0;1;0;1;0;0;0;0;0;1
ambitieux;0;0;0;0;0;0;0;1;0;3;0;0
alémanique;0;0;1;0;0;0;1;0;0;1;1;0
altitude;0;0;0;0;0;1;0;0;0;0;4;0
air;0;0;0;1;1;1;0;0;0;0;1;0
agression;0;1;0;1;2;0;0;0;0;1;0;0
agent;0;0;0;0;3;0;0;3;0;0;0;0
agence;0;0;0;1;0;0;0;0;0;0;1;1
afp;0;1;1;0;1;2;0;0;0;0;0;1
affrontement;2;0;0;0;1;2;0;0;0;0;0;0
énergie;0;0;0;0;0;0;0;0;0;3;0;0
émotionnel;0;0;0;0;0;0;0;0;0;1;0;2
élu;0;0;0;0;0;0;1;2;0;0;0;0
église;0;1;0;0;0;0;0;1;0;0;1;0
écrivain;0;1;1;1;0;0;0;0;0;0;0;0
zelensky;0;0;2;0;1;1;0;0;0;0;0;0
volonté;0;0;1;0;0;0;1;2;0;0;0;1
viral;0;0;0;0;0;0;0;0;0;1;0;4
violer;0;1;0;0;0;2;1;0;0;0;0;0
val;5;0;0;0;0;0;0;0;0;0;0;0
univers;0;0;0;0;0;0;0;0;0;3;0;0
uniquement;0;1;0;1;2;0;0;0;0;0;0;0
témoignage;0;2;0;1;1;0;0;0;1;0;0;0
télévision;0;1;0;0;1;2;0;0;0;0;0;0
trace;0;2;1;1;0;0;0;0;0;0;0;0
tomber;1;0;0;1;0;1;0;0;0;0;2;0
thomas;0;0;0;2;0;0;0;0;0;1;0;0
tenue;1;0;0;1;1;0;0;0;1;0;0;0
temporairement;0;0;0;0;0;0;0;0;0;0;2;1
syrien;0;1;1;0;0;1;1;0;0;1;0;0
syndicat;0;0;0;0;0;0;5;0;0;0;0;0
symbole;0;0;1;0;0;0;0;1;0;1;0;0
suède;4;0;0;0;0;0;0;1;0;0;0;0
supporter;4;0;0;0;0;0;0;0;0;0;1;0
studio;0;0;0;0;0;0;0;0;0;1;0;2
structure;0;0;0;0;1;0;0;0;0;4;0;0
stress;0;0;0;1;0;0;0;0;0;0;0;2
stationnement;0;0;0;1;0;1;0;1;0;0;0;0
soulever;1;0;0;1;0;0;1;0;1;0;0;1
sommet;0;0;1;0;0;0;0;1;1;0;0;0
soldat;0;0;0;0;0;3;0;1;0;0;0;0
socialiste;0;0;1;0;0;0;2;1;1;0;0;0
sion;0;0;0;0;1;1;0;2;0;0;1;0
sembler;2;0;0;0;0;0;0;0;0;0;0;2
secours;0;0;0;0;2;0;0;1;0;0;0;0
seconde;5;0;0;0;0;0;0;0;0;0;0;0
score;2;0;0;0;0;0;0;0;0;0;0;1
scandale;0;2;2;0;0;0;0;0;0;0;0;0
saluer;0;0;0;1;0;0;1;0;0;1;0;0
réussir;1;0;0;0;0;0;0;0;0;1;1;0
réel;0;0;0;1;0;0;0;0;0;0;0;2
routier;0;1;0;1;0;0;1;0;1;0;0;1
roi;0;0;3;0;0;0;0;0;0;1;0;0
rival;0;1;1;0;0;1;0;0;0;0;0;1
risquer;0;0;0;1;0;0;0;0;0;0;1;1
richard;0;0;0;0;0;1;0;0;0;3;0;0
revoir;0;0;0;0;0;1;1;1;0;0;1;0
retirer;0;1;1;0;1;0;0;0;0;0;0;0
restauration;0;0;0;2;0;0;0;0;0;0;1;0
ressource;0;0;0;2;0;0;0;0;0;1;0;0
rencontrer;1;0;1;1;0;0;0;1;0;0;0;1
relever;0;0;0;2;0;0;1;0;1;1;0;0
relayer;0;0;0;1;0;0;0;0;0;0;0;2
refus;0;0;0;0;0;0;4;0;0;0;0;0
reconnaissance;0;0;0;0;0;1;1;0;1;0;0;0
recenser;0;0;0;0;0;1;0;0;3;0;0;0
raconter;0;0;1;1;0;0;0;0;0;3;0;0
raclette;1;0;0;0;0;0;0;0;0;1;0;1
puissant;0;1;0;0;0;2;0;0;0;0;0;2
publicité;0;0;0;1;0;0;0;1;1;0;0;2
préoccupation;0;0;0;2;0;0;1;0;0;0;0;0
précipitation;0;0;0;0;0;0;0;0;0;0;5;0
printemps;0;0;0;2;0;0;0;2;0;0;0;0
principalement;0;0;1;1;1;0;0;0;0;0;0;0
poupée;1;3;0;0;0;0;0;0;0;0;0;0
poser;1;0;0;0;0;0;0;0;1;0;0;1
podium;3;0;0;1;0;0;0;0;0;0;0;0
plr;0;0;0;0;0;0;4;0;0;0;0;0
pic;0;0;0;2;0;0;0;0;0;0;1;0
peuple;0;0;0;0;0;1;1;0;1;0;1;0
perturbation;0;0;0;0;1;0;0;0;0;0;2;0
perte;0;2;0;0;0;0;0;0;0;0;0;2
parole;0;1;0;1;1;0;1;0;0;1;0;0
parler;0;0;0;1;0;2;0;0;0;1;0;0
opposant;0;2;1;0;0;0;0;0;0;0;0;0
ong;0;0;0;0;0;0;2;0;0;1;0;1
ofs;0;0;0;0;0;0;0;0;4;0;0;0
occuper;0;0;0;0;0;1;0;2;1;0;0;0
nécessité;0;0;0;0;0;2;1;0;0;0;0;0
nourriture;0;0;0;1;2;0;0;0;0;0;0;0
neuchâtelois;0;0;0;1;1;0;1;0;1;0;0;0
mêler;0;1;0;0;0;0;0;0;0;2;0;0
ménage;0;0;0;0;0;0;0;0;2;0;1;0
musk;0;0;3;0;0;0;2;0;0;0;0;0
monter;1;0;0;2;0;0;0;1;1;0;0;0
modifier;0;0;0;0;1;0;1;0;0;1;0;1
mode;0;0;0;0;0;0;0;0;0;3;0;0
mexique;5;0;0;0;0;0;0;0;0;0;0;0
matériel;0;0;0;0;4;0;1;0;0;0;0;0
marier;0;1;0;0;0;1;0;0;1;0;0;0
malfaiteur;0;5;0;0;0;0;0;0;0;0;0;0
majoritairement;0;2;0;0;0;0;1;0;0;0;0;0
maire;0;0;3;0;0;0;0;0;0;0;0;0
macron;0;2;0;0;0;1;0;1;0;0;0;0
lutter;0;0;0;1;0;1;0;0;1;0;0;0
loyer;0;0;0;1;0;0;0;0;2;0;0;0
licenciement;0;0;0;1;0;0;2;1;1;0;0;0
lever;0;0;1;1;0;0;0;0;0;0;2;1
lecornu;0;0;0;0;0;0;0;3;0;0;0;0
lara;5;0;0;0;0;0;0;0;0;0;0;0
langue;0;0;0;1;0;0;1;0;0;1;0;0
lac;0;0;0;0;1;0;0;0;1;0;2;0
journal;1;1;0;0;0;0;0;0;0;0;0;1
japon;0;0;1;0;1;0;0;2;0;0;1;0
insécurité;0;0;0;2;0;2;0;0;0;0;0;0
influencer;0;0;0;1;0;0;1;0;0;0;0;2
industriel;0;0;1;0;0;0;0;0;1;1;0;0
industrie;0;1;0;1;0;0;0;0;0;1;0;0
idéal;0;0;0;0;0;0;0;0;1;0;1;1
hivernal;1;0;0;0;0;0;0;0;0;0;1;1
hauteur;0;0;0;0;0;0;0;1;1;0;3;0
gérer;0;0;0;0;0;0;0;0;0;0;1;3
gut;5;0;0;0;0;0;0;0;0;0;0;0
genou;4;0;0;0;0;0;0;0;0;0;0;0
fusionner;0;0;0;1;0;0;0;0;0;4;0;0
frais;0;0;0;1;0;1;0;0;1;0;1;0
fortement;0;0;0;0;3;0;0;0;0;0;0;0
formel;0;0;2;0;0;0;0;0;1;0;1;0
fonder;0;1;1;0;0;0;0;0;1;0;0;0
financer;0;0;2;1;0;0;0;1;0;0;0;1
finance;0;0;2;1;0;1;1;0;0;0;0;0
fermeture;0;1;0;0;1;0;0;1;0;0;0;0
faciliter;0;0;1;0;0;0;2;0;0;0;0;0
exploitation;0;1;1;0;0;0;0;0;0;0;0;1
entendre;0;0;0;0;0;4;0;0;0;0;0;0
enseignant;0;0;0;1;0;0;1;0;1;0;1;0
engin;0;0;0;0;5;0;0;0;0;0;0;0
empêcher;1;0;1;0;1;0;1;1;0;0;0;0
emji_téléphone_portable;0;0;0;1;0;0;0;0;0;0;0;4
emji_tornade;0;0;0;0;2;0;0;0;0;0;2;0
emji_toque_universitaire;0;0;0;1;0;1;0;1;0;0;0;0
emji_tennis;5;0;0;0;0;0;0;0;0;0;0;0
emji_poing_levé;0;2;0;0;0;0;1;1;0;1;0;0
emji_immeuble_de_bureaux;0;0;0;0;1;0;0;1;1;0;0;0
emji_goutte_d_eau;0;0;0;0;1;0;0;0;0;0;2;0
emji_globe_tourné_sur_les_amériques;0;1;1;0;0;0;0;0;1;1;0;0
emji_caméra;0;1;1;0;1;2;0;0;0;0;0;0
emji_bougie;0;0;0;1;1;0;0;1;0;1;0;1
emji_billet_en_euros;0;0;0;0;0;0;2;1;1;0;0;0
elon;0;0;3;0;0;0;2;0;0;0;0;0
efficacité;0;0;0;1;0;0;0;1;0;0;0;1
détenu;0;0;0;0;1;2;0;0;0;1;0;1
dépendant;0;0;1;0;0;0;0;0;1;0;0;1
démission;0;0;0;1;0;0;0;3;0;0;0;0
dégât;0;0;0;0;5;0;0;0;0;0;0;0
douleur;0;0;0;0;0;2;0;0;0;2;0;1
disponible;0;0;0;0;0;0;0;0;2;0;0;1
disparition;0;0;0;3;0;1;0;0;0;0;0;1
dirigeant;0;1;2;0;0;0;1;0;0;0;0;0
directement;1;0;0;0;0;0;0;0;1;0;0;1
différent;0;0;0;0;0;0;0;0;0;2;0;1
dangereux;0;0;0;1;2;0;0;0;0;0;0;1
créateur;0;0;0;1;0;0;0;0;0;1;0;1
crucial;0;0;0;1;0;0;0;0;0;0;0;4
croix;0;0;0;0;0;1;0;1;1;0;1;0
couvrir;0;0;0;1;1;0;0;0;0;0;1;1
corruption;0;0;1;0;0;0;0;4;0;0;0;0
conséquence;0;0;1;0;0;0;0;0;1;0;1;0
conforme;0;1;0;0;2;0;1;0;0;0;0;0
conclure;0;1;3;0;0;0;0;0;0;0;0;0
concentrer;0;0;0;1;0;0;1;0;0;0;0;1
comparer;0;1;1;1;0;0;0;0;2;0;0;0
commentaire;0;0;0;2;0;0;0;0;0;1;0;0
collectif;0;0;0;0;0;1;1;1;1;1;0;0
classique;0;1;0;0;0;0;0;0;0;1;0;2
classement;0;0;0;2;0;0;0;0;0;1;0;0
chose;0;0;1;1;0;0;1;0;0;0;0;1
chanteur;0;0;1;0;0;1;0;0;0;1;0;0
championnat;5;0;0;0;0;0;0;0;0;0;0;0
centrale;0;0;0;0;0;1;0;0;0;0;2;0
centimètre;0;0;0;0;0;0;0;0;0;0;4;0
cardiaque;0;0;0;0;2;0;0;1;0;0;0;1
caractère;0;1;0;0;0;2;0;0;1;0;0;1
cap;2;0;0;1;0;0;1;0;0;0;0;0
cabinet;0;0;0;0;1;0;0;0;2;0;0;0
boîte;0;0;0;1;0;0;0;1;0;1;0;1
bonheur;0;0;0;0;0;3;0;0;0;0;0;1
black;0;0;0;2;1;0;0;0;0;0;0;0
bijoux;0;5;0;0;0;0;0;0;0;0;0;0
behrami;5;0;0;0;0;0;0;0;0;0;0;0
avocat;0;3;0;0;0;0;0;0;0;0;0;0
avion;0;1;0;0;1;0;0;0;1;0;0;0
attirer;0;0;0;0;0;1;0;0;0;0;2;0
article;0;0;1;1;0;0;0;0;0;0;0;2
arbre;0;0;0;0;1;0;0;0;0;0;2;0
après_des;0;0;0;0;0;1;1;1;1;0;0;0
août;0;3;0;0;0;0;0;0;1;0;0;0
alimenter;0;0;0;4;0;0;0;0;0;0;0;0
administration;0;0;1;0;0;0;0;1;0;0;0;1
accueil;0;0;0;2;0;0;2;0;0;0;1;0
accorder;1;0;1;0;0;0;2;0;0;0;0;0
abri;0;0;0;1;0;0;0;0;0;0;2;0
île;0;0;0;1;1;0;0;0;0;0;0;1
évacuer;0;0;0;0;4;0;0;0;0;0;0;0
éliminer;0;0;1;0;0;0;0;0;1;0;0;1
électrique;0;0;0;0;2;0;0;1;0;0;1;0
éducation;0;0;0;1;0;1;0;1;0;0;0;1
whatsapp;0;0;0;0;1;0;0;2;0;0;0;0
vulnérable;0;0;0;0;0;2;1;0;0;0;1;0
voyager;0;1;0;1;0;1;0;0;0;0;0;0
volodymyr;0;0;2;0;1;1;0;0;0;0;0;0
voie;0;0;0;1;1;0;1;0;0;0;0;0
virtuel;0;1;0;0;0;0;0;0;0;2;0;0
veille;0;0;1;1;0;0;0;2;0;0;0;0
valaisanne;1;0;0;0;0;0;1;0;1;0;0;0
trêve;1;0;0;0;0;3;0;0;0;0;0;0
tragique;0;0;0;0;3;1;0;0;0;0;0;0
toxique;0;0;0;0;0;0;0;0;1;1;0;2
tournoi;2;0;0;0;0;0;0;0;0;1;0;0
touchant;0;0;0;1;0;1;0;0;1;0;0;0
tirer;1;1;0;0;0;0;0;0;1;0;1;0
tir;0;0;0;0;2;1;0;0;0;0;0;0
thaïlande;0;0;0;0;0;4;0;0;0;0;0;0
terroriste;0;2;0;0;0;2;0;0;0;0;0;0
terrain;1;0;0;0;1;0;1;0;0;0;0;0
taille;0;0;0;1;0;0;0;0;1;0;0;1
sécuriser;0;0;0;3;0;0;0;0;0;0;0;1
symbolique;0;0;0;1;0;0;0;1;1;0;0;0
surprise;1;0;0;1;0;0;0;0;0;1;0;0
succession;0;0;0;0;0;0;3;0;0;0;0;0
srf;0;0;1;0;0;0;0;0;1;1;0;0
soudan;0;0;0;0;1;3;0;0;0;0;0;0
soigner;0;0;0;0;0;1;0;0;0;0;2;1
signe;1;0;1;0;0;0;0;0;1;1;0;0
signature;0;0;0;2;0;0;2;0;0;0;0;0
shein;0;3;0;0;0;0;0;0;0;0;0;0
servir;1;0;0;0;0;0;1;0;0;1;0;0
sensibiliser;0;0;0;0;0;0;0;0;1;1;0;1
résidence;0;1;1;0;0;1;0;0;0;0;0;0
république;0;1;0;0;0;1;0;0;0;0;0;1
rémunération;0;1;0;0;0;0;1;0;1;0;0;0
régaler;4;0;0;0;0;0;0;0;0;0;0;0
romandes;1;0;0;2;0;1;0;0;0;0;0;0
roman;0;0;0;1;0;0;0;0;0;2;0;0
riponne;0;0;0;4;0;0;0;0;0;0;0;0
retrait;0;0;1;0;0;2;0;0;1;0;0;0
ressentir;1;0;0;0;0;0;0;0;0;0;1;1
responsabilité;0;0;0;1;0;0;1;0;1;0;0;0
reposer;0;0;0;0;0;0;0;0;0;1;0;2
remettre;0;0;0;0;2;1;0;0;0;0;0;0
rejeté;0;0;0;0;0;0;4;0;0;0;0;0
recueillir;0;0;0;0;0;1;0;0;2;0;0;0
qualité;0;0;0;0;0;0;1;1;0;0;0;1
qualification;4;0;0;0;0;0;0;0;0;0;0;0
pénurie;0;0;0;0;0;1;0;0;2;0;0;0
publication;0;0;3;0;0;0;0;1;0;0;0;0
ps;0;0;0;0;0;1;1;0;0;0;1;0
préjudice;0;1;0;0;2;0;0;0;0;0;0;0
précaire;0;0;0;2;0;0;0;0;0;0;0;1
province;0;0;0;0;3;0;0;0;0;0;0;0
provenance;0;0;0;0;1;0;1;0;0;0;1;0
prouver;1;0;0;0;0;0;0;0;0;0;0;2
propre;1;0;1;0;0;0;0;0;0;1;0;0
promouvoir;0;1;0;1;0;0;0;0;0;2;0;0
prisonnier;0;1;0;0;0;2;0;0;0;0;0;1
prime;0;0;0;0;0;0;0;0;3;0;0;0
preuve;0;0;0;0;0;1;1;0;0;0;0;1
presse;0;0;1;0;0;0;0;1;0;0;1;0
poursuite;1;0;0;0;1;0;0;1;1;0;0;0
pire;2;0;0;0;0;1;0;0;0;0;0;1
pierre;0;1;0;1;0;1;0;0;0;0;0;0
perdre;0;0;2;1;1;0;0;0;0;0;0;0
payer;0;2;0;0;1;0;0;0;0;0;0;0
patron;0;0;2;1;0;0;1;0;0;0;0;0
particulier;0;0;1;0;0;0;0;0;1;0;1;1
participation;0;0;0;0;0;0;0;2;0;1;0;0
papier;0;0;0;2;0;0;0;0;1;0;0;0
organisé;0;1;2;0;0;0;0;0;0;0;0;0
ordinaire;0;1;0;0;0;0;1;1;0;1;0;0
norvégien;3;0;0;0;0;1;0;0;0;0;0;0
nocturne;0;0;0;1;0;0;0;0;0;1;2;0
nidwaldien;4;0;0;0;0;0;0;0;0;0;0;0
netanyahu;0;0;0;0;0;2;0;1;0;0;0;0
météosuisse;0;0;0;0;0;0;0;0;0;0;4;0
mélange;0;0;0;1;0;0;0;0;0;2;0;0
multiplier;0;1;1;0;0;0;0;0;0;0;1;1
motiver;0;0;0;0;0;0;1;1;0;0;1;0
mortalité;0;0;0;0;0;0;0;1;1;0;0;1
meurtre;0;2;0;0;1;0;0;0;0;0;0;0
melissa;0;0;0;0;1;1;0;1;0;0;0;0
légèrement;0;0;0;0;0;0;0;0;2;0;2;0
lucerne;2;0;0;0;0;1;0;0;0;0;0;0
louis;0;0;0;0;0;0;0;0;0;2;0;1
lire;0;0;0;1;0;0;0;0;2;0;0;0
libre;0;0;1;0;0;0;0;1;0;0;0;1
lausannoise;0;0;0;0;1;0;0;1;0;0;1;0
laurent;0;1;0;0;0;0;0;1;0;0;0;1
kosovo;2;1;0;0;0;0;0;0;0;0;0;0
kiev;0;0;1;0;1;2;0;0;0;0;0;0
kalmaegi;0;0;0;0;3;0;0;0;0;0;0;0
judiciaire;0;2;0;0;0;0;0;1;0;0;0;0
jordanie;0;0;0;0;0;4;0;0;0;0;0;0
jimmy;1;0;0;1;0;1;0;0;0;0;0;0
jamaïque;0;0;0;0;1;1;0;1;0;0;0;0
issue;0;1;0;0;0;1;0;2;0;0;0;0
investissement;0;0;1;0;0;0;2;0;0;0;0;1
investir;0;0;1;2;0;0;0;1;0;0;0;0
internet;0;1;0;0;2;0;0;1;0;0;0;0
inscription;0;0;0;0;0;0;1;0;0;2;0;1
inquiétude;1;0;0;0;0;1;0;1;0;0;0;0
innocence;0;3;0;0;0;0;1;0;0;0;0;0
initial;0;0;1;0;1;0;2;0;0;0;0;0
inférieur;0;0;0;1;0;0;0;0;2;0;0;1
info;0;0;0;0;0;1;0;0;0;1;1;0
inciter;0;0;0;1;0;0;1;0;0;0;1;0
incarcérer;0;3;0;0;0;0;0;1;0;0;0;0
héritage;0;0;1;0;0;0;1;0;1;0;1;0
harcèlement;0;2;0;0;0;0;0;0;0;0;0;1
gaz;0;0;0;1;1;0;0;0;0;1;0;0
gagner;2;0;0;0;0;0;0;0;1;0;0;1
fêter;3;0;0;0;0;0;0;0;0;0;0;0
fréquenter;0;0;0;0;0;0;0;0;0;1;2;0
fromage;1;0;0;0;0;0;0;0;1;1;0;0
formation;0;0;0;0;0;0;1;0;1;1;0;0
fixer;0;1;1;1;0;0;0;1;0;0;0;0
fils;0;1;1;0;0;0;0;0;1;0;0;1
facture;0;0;0;0;1;2;0;0;0;0;0;0
extrêmement;1;0;0;0;2;0;0;0;0;0;0;0
exploit;1;0;0;0;0;0;0;0;0;2;0;0
exister;0;0;0;1;0;0;0;1;0;0;0;2
excessif;0;0;0;0;1;0;1;1;0;0;0;0
examiner;0;1;0;0;0;0;0;1;0;1;0;0
examen;0;2;0;0;0;0;1;0;0;0;0;0
esthétique;0;0;0;0;0;0;0;0;0;1;0;3
escalade;1;0;0;0;0;0;0;0;0;2;0;0
erratum;0;0;0;1;1;0;0;1;0;0;0;0
envoyer;0;1;0;1;0;0;0;0;1;0;0;0
entretien;0;1;1;0;0;0;1;0;0;0;0;0
emji_église;0;1;0;0;0;0;1;0;0;0;1;0
emji_école;0;0;0;2;0;0;1;0;1;0;0;0
emji_voiture_de_police;0;3;0;0;1;0;0;0;0;0;0;0
emji_visage_avec_des_étoiles_à_la_place_des_yeux;4;0;0;0;0;0;0;0;0;0;0;0
emji_verre_de_vin;0;0;0;0;0;0;0;0;0;0;1;2
emji_tête_qui_parle;0;0;0;2;0;0;0;1;0;0;0;0
emji_tête_de_chien;0;1;0;0;0;0;0;0;1;0;0;1
emji_thermomètre;0;0;0;0;0;0;0;0;0;0;4;0
emji_seringue;0;0;0;2;0;0;0;0;0;0;0;1
emji_pierre_précieuse;0;4;0;0;0;0;0;0;0;0;0;0
emji_part_de_fromage;0;0;0;1;0;0;0;0;1;0;0;1
emji_pancarte;0;0;0;0;3;0;0;1;0;0;0;0
emji_nuage_avec_pluie;1;0;0;0;0;0;0;0;0;0;2;1
emji_drapeau_syrie;0;1;1;0;1;0;0;0;0;0;0;0
emji_drapeau_soudan;0;0;0;0;0;4;0;0;0;0;0;0
emji_colis;0;0;0;4;0;0;0;0;0;0;0;0
emji_coeur_brisé;0;0;0;1;1;0;0;0;1;1;0;0
emji_bébé;0;0;0;0;0;0;0;0;1;0;0;2
emji_bouclier;0;0;0;1;0;2;0;0;0;0;0;1
emji_arbre_à_feuilles_caduques;0;0;0;0;1;0;0;0;1;0;1;0
dérober;0;1;0;0;2;0;0;0;0;0;0;0
déplorer;0;0;0;1;1;0;1;0;0;0;0;0
délai;0;0;0;0;0;0;0;2;1;0;0;0
définitif;0;0;1;0;0;0;2;0;0;0;0;0
défaite;4;0;0;0;0;0;0;0;0;0;0;0
drame;0;0;0;0;1;0;1;0;2;0;0;0
doux;0;0;0;0;0;0;0;0;0;0;4;0
doubler;1;0;0;1;0;0;0;0;1;0;0;0
douanier;0;0;4;0;0;0;0;0;0;0;0;0
diversité;0;0;0;1;0;0;0;1;1;1;0;0
distributeur;0;0;0;0;3;0;0;1;0;0;0;0
distribuer;0;0;0;1;1;0;0;1;0;0;0;0
disputer;3;0;0;0;0;0;0;0;0;1;0;0
descente;4;0;0;0;0;0;0;0;0;0;0;0
dater;0;0;1;0;1;0;0;0;1;0;0;0
controverse;0;1;0;0;0;0;0;0;0;0;0;2
contraint;0;0;0;2;0;0;0;0;1;0;1;0
consommateur;0;0;0;1;0;0;0;2;0;0;0;0
conjoint;0;0;0;1;1;2;0;0;0;0;0;0
concurrence;1;0;0;0;0;0;1;0;1;0;0;0
concession;0;0;2;0;0;0;0;1;0;0;0;0
compétence;0;0;0;0;0;1;0;1;1;0;0;1
collègue;0;0;0;0;1;1;0;0;0;0;1;0
colis;0;1;0;2;0;0;0;0;0;0;0;0
clinique;0;0;0;0;0;2;0;0;0;0;0;1
chuv;0;0;0;0;1;0;0;0;0;0;1;2
chuter;0;0;0;1;1;0;1;0;1;0;0;0
chercher;0;0;0;0;0;0;0;0;0;1;0;2
capitaine;3;1;0;0;0;0;0;0;0;0;0;0
caisse;0;0;0;0;1;0;1;1;1;0;0;0
bulle;0;0;0;0;0;0;2;0;0;0;0;1
briser;0;0;1;0;0;3;0;0;0;0;0;0
bombardement;0;0;0;0;0;3;0;0;0;0;0;0
blessé;0;0;0;0;1;1;2;0;0;0;0;0
bien_être;0;0;0;1;0;0;0;0;1;0;0;1
bar;0;1;0;0;0;0;0;0;0;1;0;1
autoriser;0;1;0;0;1;1;1;0;0;0;0;0
automatique;0;0;0;0;3;0;0;0;0;0;0;0
atlas;0;0;0;1;0;0;0;0;1;0;0;1
associé;0;0;0;0;0;0;0;0;0;0;1;2
assemblée;0;0;0;0;0;0;2;1;0;0;0;0
ascension;0;0;1;1;0;0;0;0;0;1;0;0
arrestation;0;3;0;0;0;0;0;0;0;0;0;0
armer;0;0;0;0;4;0;0;0;0;0;0;0
approcher;0;0;0;1;0;0;0;0;0;0;2;1
apparence;0;2;0;0;0;0;0;0;0;0;0;1
annulation;0;0;0;0;1;0;2;0;0;0;0;0
ampleur;0;1;0;1;0;0;1;1;0;0;0;0
alpe;0;0;0;0;0;0;0;0;0;1;2;0
aliment;0;0;0;0;0;0;0;0;0;0;0;3
alcool;0;0;1;0;0;0;0;0;1;0;0;1
afrique;0;0;0;0;0;2;0;0;0;0;0;1
affronter;0;0;0;0;0;0;0;0;0;1;2;1
adaptation;0;0;0;0;0;0;0;0;1;2;1;0
accélérer;0;1;0;1;0;0;0;1;0;0;1;0
accroître;0;0;0;0;0;2;0;1;0;0;0;1
abbaye;0;0;0;1;0;0;2;0;0;0;0;0
abandonner;0;0;0;0;0;0;1;0;2;0;0;0
éthique;0;0;0;1;0;0;0;0;0;0;0;2
équivalent;0;0;0;0;0;0;0;1;1;0;1;0
équilibre;0;0;0;0;1;0;0;1;0;0;0;1
épreuve;2;0;0;0;0;0;0;0;0;1;0;0
émettre;0;0;0;0;0;0;0;0;0;0;3;0
écosystème;0;0;0;0;0;0;0;1;1;0;1;0
zohran;0;0;3;0;0;0;0;0;0;0;0;0
yves;0;1;0;0;0;0;1;0;0;0;0;1
xhaka;3;0;0;0;0;0;0;0;0;0;0;0
vérité;0;1;1;0;0;0;1;0;0;0;0;0
vraisemblablement;0;0;0;0;3;0;0;0;0;0;0;0
violation;0;0;0;0;0;2;1;0;0;0;0;0
viol;0;2;0;0;0;0;1;0;0;0;0;0
varier;0;0;0;1;0;0;0;0;0;0;2;0
valve;0;0;0;1;1;0;0;0;0;1;0;0
vague;0;0;0;0;0;0;0;0;0;0;2;1
user;1;0;2;0;0;0;0;0;0;0;0;0
témoin;0;0;0;0;1;0;0;0;1;0;0;1
trésor;0;0;1;1;0;0;0;0;0;1;0;0
tournant;0;0;1;0;1;0;0;0;0;1;0;0
top;2;0;0;0;0;0;0;0;0;1;0;0
times;0;0;2;1;0;0;0;0;0;0;0;0
tessinoise;3;0;0;0;0;0;0;0;0;0;0;0
tchèque;2;0;0;0;0;0;0;0;0;0;0;1
sölden;3;0;0;0;0;0;0;0;0;0;0;0
sévère;0;2;0;0;0;0;0;0;1;0;0;0
sérieux;0;0;1;0;1;0;0;1;0;0;0;0
séparer;0;0;1;1;1;0;0;0;0;0;0;0
sébastien;0;0;0;0;0;0;0;3;0;0;0;0
suspect;0;2;0;0;1;0;0;0;0;0;0;0
survie;0;0;0;0;1;0;0;0;0;0;0;2
spotify;0;0;0;0;1;0;0;0;0;2;0;0
soumettre;0;0;0;0;0;0;3;0;0;0;0;0
souhait;1;0;1;0;0;0;0;1;0;0;0;0
soudanais;0;0;0;0;0;3;0;0;0;0;0;0
sonore;0;0;0;1;0;0;0;0;1;1;0;0
solidarité;0;0;0;1;0;2;0;0;0;0;0;0
solaire;0;0;0;0;0;1;1;0;0;0;1;0
slalom;3;0;0;0;0;0;0;0;0;0;0;0
similaire;0;1;0;0;0;0;1;0;0;1;0;0
sexiste;0;1;0;0;1;0;0;1;0;0;0;0
serbe;2;1;0;0;0;0;0;0;0;0;0;0
sensible;0;0;0;0;0;0;1;0;1;0;0;1
semer;0;1;0;0;1;1;0;0;0;0;0;0
scénario;0;0;0;0;0;0;1;1;0;0;1;0
saut;1;0;0;0;0;0;0;0;0;2;0;0
sanctionner;0;1;0;0;0;0;2;0;0;0;0;0
sanction;0;0;2;0;0;0;0;0;0;0;0;1
rêve;2;0;0;0;0;0;0;0;0;1;0;0
républicain;0;0;3;0;0;0;0;0;0;0;0;0
répression;0;2;0;0;1;0;0;0;0;0;0;0
réparer;0;0;0;1;0;0;0;0;0;1;1;0
réintégrer;0;0;2;0;0;0;0;1;0;0;0;0
réguler;0;0;0;2;0;0;1;0;0;0;0;0
régulation;0;0;0;1;0;0;0;0;0;0;0;2
rompre;0;0;0;0;0;1;1;0;0;0;0;1
robot;0;0;0;0;0;0;0;0;0;0;2;1
rente;0;0;0;0;0;0;1;0;2;0;0;0
remise;0;1;1;0;0;0;0;1;0;0;0;0
regard;0;1;0;0;0;0;0;0;1;1;0;0
rassembler;0;1;0;0;1;0;0;1;0;0;0;0
racisme;0;1;0;1;0;0;0;1;0;0;0;0
quartier;0;0;0;2;0;0;0;0;0;0;1;0
pétrolier;0;0;2;0;0;0;0;0;0;0;0;1
prêt;0;1;0;0;0;0;1;0;0;0;0;1
prévoyance;0;0;0;1;0;0;0;0;2;0;0;0
prévenir;0;0;0;0;0;1;0;1;1;0;0;0
prétendu;0;0;0;0;0;0;0;0;1;0;0;2
présidentiel;0;2;0;0;0;0;0;1;0;0;0;0
protester;0;0;0;0;0;0;0;3;0;0;0;0
portant;0;1;0;0;0;0;0;0;1;0;1;0
pompier;0;0;0;0;3;0;0;0;0;0;0;0
philippin;0;0;0;0;3;0;0;0;0;0;0;0
pause;0;0;0;1;0;0;0;0;0;1;1;0
passionner;0;0;0;1;0;0;0;0;1;1;0;0
partiellement;0;1;0;0;0;0;1;0;0;0;1;0
paramilitaire;0;0;0;0;0;3;0;0;0;0;0;0
opérer;1;1;0;0;0;0;0;0;1;0;0;0
obligation;0;0;0;0;0;0;1;2;0;0;0;0
météo;0;0;0;0;0;0;0;0;0;0;3;0
mountain;3;0;0;0;0;0;0;0;0;0;0;0
moscou;0;1;1;0;1;0;0;0;0;0;0;0
mortel;0;0;0;0;1;0;0;1;1;0;0;0
militant;0;1;0;1;0;1;0;0;0;0;0;0
migros;0;0;0;0;1;0;1;1;0;0;0;0
matériau;0;0;0;0;0;0;0;0;0;2;0;1
marc;0;0;0;1;0;1;0;0;0;1;0;0
manifestant;0;0;0;0;1;0;1;1;0;0;0;0
mandater;0;0;0;1;0;1;0;1;0;0;0;0
mamdani;0;0;3;0;0;0;0;0;0;0;0;0
maman;0;0;0;0;0;0;0;0;0;0;1;2
lula;0;2;0;0;0;0;0;0;1;0;0;0
luisier;0;0;0;0;0;0;0;3;0;0;0;0
lourd;1;0;0;1;1;0;0;0;0;0;0;0
logiciel;0;0;0;1;0;1;0;0;0;0;0;1
libération;0;0;0;0;0;3;0;0;0;0;0;0
libyen;0;3;0;0;0;0;0;0;0;0;0;0
league;3;0;0;0;0;0;0;0;0;0;0;0
kilo;0;0;1;1;0;0;0;0;0;0;0;1
justesse;1;0;0;0;0;0;1;1;0;0;0;0
intempérie;0;0;0;0;0;0;0;1;1;0;1;0
insister;0;0;0;0;0;1;0;0;1;1;0;0
innovant;0;0;0;0;0;0;1;0;0;0;1;1
infliger;0;1;0;0;0;0;0;1;0;0;0;1
inculper;0;1;0;0;1;0;0;1;0;0;0;0
inaugurer;0;0;0;0;0;0;1;0;0;1;0;1
impôt;0;0;0;0;0;0;3;0;0;0;0;0
hébergement;0;0;0;1;1;0;0;0;0;0;1;0
granit;3;0;0;0;0;0;0;0;0;0;0;0
garçon;0;1;0;0;1;0;0;0;0;0;0;1
féminicide;0;0;0;0;1;0;1;0;1;0;0;0
fuite;0;1;0;0;1;1;0;0;0;0;0;0
fraude;0;2;0;0;0;0;1;0;0;0;0;0
fr;0;0;0;0;0;0;1;0;0;0;2;0
forcer;0;0;0;0;1;2;0;0;0;0;0;0
fonctionnaire;0;0;1;0;0;0;0;1;1;0;0;0
fléau;0;0;0;0;0;2;0;0;1;0;0;0
fidèle;0;0;0;0;0;0;0;0;0;3;0;0
fasciner;0;1;0;0;0;0;0;0;0;1;0;1
facteur;0;0;0;0;0;0;1;0;0;0;0;2
fact;0;0;0;0;0;0;0;0;0;0;1;2
exportation;0;0;1;0;1;0;1;0;0;0;0;0
exploser;1;0;0;1;1;0;0;0;0;0;0;0
exiger;0;0;0;1;1;0;1;0;0;0;0;0
ex_président;0;3;0;0;0;0;0;0;0;0;0;0
eurovision;0;0;0;0;0;0;0;2;1;0;0;0
escroc;0;2;0;0;1;0;0;0;0;0;0;0
epfz;0;0;0;1;0;0;0;0;0;0;1;1
enjeu;0;0;1;0;0;0;1;0;0;0;0;1
enchère;0;1;0;1;0;0;0;0;0;1;0;0
emmanuel;0;1;0;0;0;1;0;1;0;0;0;0
emji_travaux;0;1;0;0;0;0;1;0;0;0;1;0
emji_nuage_avec_éclair_et_pluie;0;0;0;0;2;0;0;0;0;0;1;0
emji_marteau_et_clé_à_molette;0;0;0;3;0;0;0;0;0;0;0;0
emji_juge_femme;0;1;1;0;0;0;0;1;0;0;0;0
emji_jeu_vidéo;0;0;0;0;0;0;0;0;0;3;0;0
emji_enfant;0;0;0;0;0;0;2;0;0;0;0;1
emji_drapeau_philippines;0;0;0;0;3;0;0;0;0;0;0;0
emji_dent;1;0;0;0;0;0;1;0;0;0;0;1
emji_croix;0;0;0;0;0;0;1;0;1;1;0;0
emji_couronne;1;0;2;0;0;0;0;0;0;0;0;0
emji_construction_d_un_bâtiment;0;0;0;0;0;0;0;1;0;1;1;0
emji_coeur_rouge;0;0;0;0;1;1;0;0;0;0;0;1
emji_banque;0;0;1;0;2;0;0;0;0;0;0;0
efficace;0;0;0;1;0;1;0;0;1;0;0;0
effectif;0;0;0;1;0;0;1;0;1;0;0;0
détail;0;0;0;0;1;0;0;1;0;1;0;0
désactiver;0;0;0;0;0;0;0;1;0;1;0;1
démissionner;0;0;0;0;0;1;1;1;0;0;0;0
déficit;0;0;0;0;0;0;0;3;0;0;0;0
décrocher;3;0;0;0;0;0;0;0;0;0;0;0
débris;0;0;0;0;3;0;0;0;0;0;0;0
don;0;0;0;0;0;2;0;0;0;0;1;0
division;1;0;0;0;0;0;1;1;0;0;0;0
discuter;0;0;1;1;0;1;0;0;0;0;0;0
diamètre;0;0;0;0;0;0;0;0;0;2;1;0
dessiner;0;0;0;0;0;0;2;0;0;1;0;0
dentaire;0;0;0;0;0;0;1;0;0;0;0;2
céline;0;0;0;0;0;1;2;0;0;0;0;0
criminel;0;2;1;0;0;0;0;0;0;0;0;0
cran;0;0;0;0;0;0;0;1;0;0;2;0
craindre;0;0;0;0;0;0;3;0;0;0;0;0
coûter;0;0;0;1;1;1;0;0;0;0;0;0
cotisation;0;0;0;0;0;0;0;1;2;0;0;0
copper;3;0;0;0;0;0;0;0;0;0;0;0
convention;0;0;0;0;0;0;2;0;0;0;1;0
convaincre;0;0;1;0;0;0;2;0;0;0;0;0
contrôleur;0;0;0;1;0;0;0;0;1;1;0;0
contribution;0;0;1;1;0;0;0;0;1;0;0;0
contrat;0;0;0;2;0;0;1;0;0;0;0;0
contraire;0;0;0;0;0;0;0;0;0;0;1;2
contraindre;1;0;0;2;0;0;0;0;0;0;0;0
contenu;0;0;0;0;3;0;0;0;0;0;0;0
contemporain;0;0;1;0;0;0;0;0;0;2;0;0
conquérir;1;0;0;0;0;0;0;0;0;1;0;1
congrès;0;0;2;0;0;0;0;0;1;0;0;0
conférence;0;0;0;0;0;1;0;1;0;0;1;0
concret;0;0;1;0;0;1;1;0;0;0;0;0
complet;0;0;0;1;0;0;1;0;0;1;0;0
commandant;0;0;0;1;1;0;0;1;0;0;0;0
collecte;0;1;0;2;0;0;0;0;0;0;0;0
collaborer;0;0;0;0;1;0;0;0;0;2;0;0
cicr;0;0;0;0;0;1;0;1;1;0;0;0
christelle;0;0;0;0;0;0;0;3;0;0;0;0
chf;1;0;0;1;0;0;0;0;1;0;0;0
cheffe;0;1;1;0;0;1;0;0;0;0;0;0
chaux;0;1;0;0;0;0;0;0;0;0;1;1
cambodge;0;0;0;0;0;3;0;0;0;0;0;0
belgique;1;0;0;0;0;1;0;0;0;0;1;0
barcelone;2;0;0;0;0;0;0;0;0;0;1;0
banc;1;0;0;1;0;0;0;0;1;0;0;0
attentat;0;0;0;0;1;0;0;1;1;0;0;0
attaquer;0;0;0;0;2;0;0;0;0;0;0;1
arracher;1;1;0;0;0;0;0;0;0;1;0;0
arabe;0;0;0;0;1;2;0;0;0;0;0;0
appareil;0;0;0;0;0;1;1;0;0;1;0;0
antisémite;0;0;0;0;1;0;1;1;0;0;0;0
annuellement;0;0;1;0;0;0;0;0;1;1;0;0
animé;0;0;0;0;0;0;1;0;0;2;0;0
anglais;1;0;0;0;1;0;0;0;0;0;0;1
afghanistan;0;0;0;0;1;1;1;0;0;0;0;0
afficher;0;0;0;0;0;0;1;0;0;0;2;0
actif;0;0;0;0;0;0;0;0;1;0;0;2
abriter;0;0;0;0;0;0;0;1;0;1;1;0
abaisser;0;0;1;0;0;0;1;0;0;0;1;0
2e;3;0;0;0;0;0;0;0;0;0;0;0