"";"newcol";"newcol";"newcol";"newcol";"newcol";"newcol";"newcol";"newcol";"newcol";"newcol";"newcol";"newcol";"newcol";"newcol";"newcol";"newcol";"newcol";"newcol";"newcol";"newcol";"newcol";"newcol";"newcol";"newcol"
"1";2;4;4;4;4;13;13;16;19;19;19;25;25;25;25;25;25;25;25;25;25;25;25;25
"2";2;5;6;9;9;9;9;9;9;9;22;22;22;22;22;22;35;35;35;40;40;44;44;44
"3";2;5;6;9;9;9;9;9;9;9;22;22;22;22;22;22;34;34;34;34;34;34;34;34
"4";2;5;6;8;10;10;10;10;10;10;10;10;10;10;30;30;30;30;30;30;30;30;46;46
"5";2;5;6;9;9;9;9;9;9;9;22;22;22;22;22;22;35;35;35;40;40;45;45;45
"6";2;4;4;4;4;13;13;16;18;18;18;18;18;18;18;18;18;18;18;18;18;18;18;18
"7";2;5;6;9;9;9;9;9;9;9;22;22;22;22;22;22;35;35;35;40;40;45;45;45
"8";2;5;6;9;9;9;9;9;9;9;22;22;22;22;22;22;34;34;34;34;34;34;34;34
"9";2;5;6;8;10;10;10;10;10;10;10;10;10;10;31;31;31;31;31;31;31;31;31;31
"10";2;5;6;8;11;11;15;15;15;21;21;21;21;21;21;32;32;32;38;38;43;43;43;43
"11";2;5;6;8;11;11;15;15;15;21;21;21;21;21;21;32;32;32;38;38;42;42;42;42
"12";2;5;6;9;9;9;9;9;9;9;22;22;22;22;22;22;35;35;35;41;41;41;41;41
"13";2;5;6;8;10;10;10;10;10;10;10;10;10;10;30;30;30;30;30;30;30;30;46;46
"14";2;4;4;4;4;13;13;16;19;19;19;24;24;24;24;24;24;36;36;36;36;36;36;36
"15";2;4;4;4;4;13;13;17;17;17;17;17;17;17;17;17;17;17;17;17;17;17;17;17
"16";2;5;6;9;9;9;9;9;9;9;22;22;22;22;22;22;35;35;35;41;41;41;41;41
"17";2;4;4;4;4;12;12;12;12;12;12;12;26;28;28;28;28;28;28;28;28;28;28;28
"18";2;5;6;8;11;11;15;15;15;21;21;21;21;21;21;32;32;32;38;38;43;43;43;43
"19";2;5;6;8;11;11;14;14;14;14;14;14;14;14;14;14;14;14;14;14;14;14;14;49
"20";2;4;4;4;4;13;13;16;18;18;18;18;18;18;18;18;18;18;18;18;18;18;18;18
"21";2;5;6;9;9;9;9;9;9;9;22;22;22;22;22;22;35;35;35;40;40;45;45;45
"22";2;4;4;4;4;12;12;12;12;12;12;12;26;29;29;29;29;29;29;29;29;29;29;29
"23";2;4;4;4;4;12;12;12;12;12;12;12;26;28;28;28;28;28;28;28;28;28;28;28
"24";2;5;6;8;11;11;15;15;15;20;20;20;20;20;20;20;20;20;20;20;20;20;20;20
"25";2;4;4;4;4;13;13;16;19;19;19;25;25;25;25;25;25;25;25;25;25;25;25;25
"26";2;5;7;7;7;7;7;7;7;7;7;7;7;7;7;7;7;7;7;7;7;7;7;7
"27";2;4;4;4;4;13;13;16;19;19;19;24;24;24;24;24;24;37;37;37;37;37;37;37
"28";2;4;4;4;4;13;13;16;19;19;19;25;25;25;25;25;25;25;25;25;25;25;25;25
"29";2;4;4;4;4;13;13;16;18;18;18;18;18;18;18;18;18;18;18;18;18;18;18;18
"30";2;5;7;7;7;7;7;7;7;7;7;7;7;7;7;7;7;7;7;7;7;7;7;7
"31";2;4;4;4;4;13;13;16;19;19;19;25;25;25;25;25;25;25;25;25;25;25;25;25
"32";2;5;6;9;9;9;9;9;9;9;23;23;23;23;23;23;23;23;23;23;23;23;23;23
"33";2;5;6;8;11;11;15;15;15;21;21;21;21;21;21;32;32;32;39;39;39;39;39;39
"34";2;5;6;9;9;9;9;9;9;9;23;23;23;23;23;23;23;23;23;23;23;23;23;23
"35";2;4;4;4;4;13;13;16;19;19;19;24;24;24;24;24;24;37;37;37;37;37;37;37
"36";2;5;6;8;10;10;10;10;10;10;10;10;10;10;30;30;30;30;30;30;30;30;46;46
"37";2;4;4;4;4;12;12;12;12;12;12;12;26;28;28;28;28;28;28;28;28;28;28;28
"38";2;5;6;9;9;9;9;9;9;9;22;22;22;22;22;22;35;35;35;40;40;44;44;44
"39";2;4;4;4;4;12;12;12;12;12;12;12;26;29;29;29;29;29;29;29;29;29;29;29
"40";2;5;6;8;10;10;10;10;10;10;10;10;10;10;30;30;30;30;30;30;30;30;47;47
"41";2;5;7;7;7;7;7;7;7;7;7;7;7;7;7;7;7;7;7;7;7;7;7;7
"42";2;5;6;9;9;9;9;9;9;9;22;22;22;22;22;22;35;35;35;40;40;45;45;45
"43";2;4;4;4;4;12;12;12;12;12;12;12;26;29;29;29;29;29;29;29;29;29;29;29
"44";2;4;4;4;4;12;12;12;12;12;12;12;26;29;29;29;29;29;29;29;29;29;29;29
"45";2;5;6;8;10;10;10;10;10;10;10;10;10;10;31;31;31;31;31;31;31;31;31;31
"46";2;5;6;8;11;11;15;15;15;21;21;21;21;21;21;32;32;32;38;38;43;43;43;43
"47";2;5;6;8;10;10;10;10;10;10;10;10;10;10;31;31;31;31;31;31;31;31;31;31
"48";2;4;4;4;4;13;13;16;19;19;19;24;24;24;24;24;24;36;36;36;36;36;36;36
"49";2;4;4;4;4;13;13;16;19;19;19;24;24;24;24;24;24;37;37;37;37;37;37;37
"50";2;5;6;8;11;11;15;15;15;21;21;21;21;21;21;32;32;32;38;38;43;43;43;43
"51";2;4;4;4;4;12;12;12;12;12;12;12;26;28;28;28;28;28;28;28;28;28;28;28
"52";2;4;4;4;4;13;13;16;19;19;19;25;25;25;25;25;25;25;25;25;25;25;25;25
"53";2;5;6;8;11;11;15;15;15;21;21;21;21;21;21;32;32;32;38;38;43;43;43;43
"54";2;5;6;8;10;10;10;10;10;10;10;10;10;10;30;30;30;30;30;30;30;30;46;46
"55";2;5;6;9;9;9;9;9;9;9;22;22;22;22;22;22;35;35;35;40;40;45;45;45
"56";2;5;6;8;10;10;10;10;10;10;10;10;10;10;30;30;30;30;30;30;30;30;46;46
"57";2;4;4;4;4;12;12;12;12;12;12;12;26;29;29;29;29;29;29;29;29;29;29;29
"58";2;5;6;9;9;9;9;9;9;9;23;23;23;23;23;23;23;23;23;23;23;23;23;23
"59";2;5;6;9;9;9;9;9;9;9;22;22;22;22;22;22;35;35;35;40;40;44;44;44
"60";2;5;6;8;11;11;14;14;14;14;14;14;14;14;14;14;14;14;14;14;14;14;14;48
"61";2;5;6;9;9;9;9;9;9;9;22;22;22;22;22;22;35;35;35;40;40;44;44;44
"62";2;4;4;4;4;13;13;16;19;19;19;24;24;24;24;24;24;37;37;37;37;37;37;37
"63";2;5;6;9;9;9;9;9;9;9;22;22;22;22;22;22;35;35;35;40;40;45;45;45
"64";2;5;6;8;10;10;10;10;10;10;10;10;10;10;30;30;30;30;30;30;30;30;47;47
"65";2;4;4;4;4;12;12;12;12;12;12;12;26;29;29;29;29;29;29;29;29;29;29;29
"66";2;4;4;4;4;13;13;16;18;18;18;18;18;18;18;18;18;18;18;18;18;18;18;18
"67";2;5;6;8;10;10;10;10;10;10;10;10;10;10;30;30;30;30;30;30;30;30;47;47
"68";2;5;6;8;10;10;10;10;10;10;10;10;10;10;30;30;30;30;30;30;30;30;47;47
"69";2;5;6;8;11;11;15;15;15;21;21;21;21;21;21;32;32;32;38;38;42;42;42;42
"70";2;4;4;4;4;12;12;12;12;12;12;12;26;29;29;29;29;29;29;29;29;29;29;29
"71";2;5;6;8;11;11;14;14;14;14;14;14;14;14;14;14;14;14;14;14;14;14;14;49
"72";2;5;6;8;10;10;10;10;10;10;10;10;10;10;31;31;31;31;31;31;31;31;31;31
"73";2;5;6;9;9;9;9;9;9;9;22;22;22;22;22;22;35;35;35;40;40;44;44;44
"74";2;5;6;8;10;10;10;10;10;10;10;10;10;10;30;30;30;30;30;30;30;30;46;46
"75";2;5;6;8;10;10;10;10;10;10;10;10;10;10;30;30;30;30;30;30;30;30;47;47
"76";2;5;6;9;9;9;9;9;9;9;23;23;23;23;23;23;23;23;23;23;23;23;23;23
"77";2;5;7;7;7;7;7;7;7;7;7;7;7;7;7;7;7;7;7;7;7;7;7;7
"78";2;5;6;8;11;11;14;14;14;14;14;14;14;14;14;14;14;14;14;14;14;14;14;48
"79";2;5;6;9;9;9;9;9;9;9;22;22;22;22;22;22;35;35;35;40;40;45;45;45
"80";2;4;4;4;4;13;13;16;18;18;18;18;18;18;18;18;18;18;18;18;18;18;18;18
"81";2;5;6;8;11;11;15;15;15;21;21;21;21;21;21;32;32;32;38;38;43;43;43;43
"82";2;5;6;8;11;11;14;14;14;14;14;14;14;14;14;14;14;14;14;14;14;14;14;48
"83";2;5;6;8;11;11;15;15;15;21;21;21;21;21;21;32;32;32;38;38;43;43;43;43
"84";2;5;6;8;11;11;15;15;15;20;20;20;20;20;20;20;20;20;20;20;20;20;20;20
"85";2;5;6;8;11;11;15;15;15;21;21;21;21;21;21;32;32;32;38;38;42;42;42;42
"86";2;4;4;4;4;12;12;12;12;12;12;12;26;28;28;28;28;28;28;28;28;28;28;28
"87";2;5;6;9;9;9;9;9;9;9;22;22;22;22;22;22;35;35;35;40;40;44;44;44
"88";2;4;4;4;4;13;13;16;18;18;18;18;18;18;18;18;18;18;18;18;18;18;18;18
"89";2;4;4;4;4;12;12;12;12;12;12;12;26;29;29;29;29;29;29;29;29;29;29;29
"90";2;5;6;9;9;9;9;9;9;9;22;22;22;22;22;22;35;35;35;40;40;45;45;45
"91";2;4;4;4;4;13;13;16;19;19;19;24;24;24;24;24;24;36;36;36;36;36;36;36
"92";2;4;4;4;4;13;13;16;19;19;19;24;24;24;24;24;24;36;36;36;36;36;36;36
"93";2;5;6;9;9;9;9;9;9;9;22;22;22;22;22;22;35;35;35;40;40;44;44;44
"94";2;5;6;9;9;9;9;9;9;9;22;22;22;22;22;22;35;35;35;40;40;45;45;45
"95";2;5;6;8;10;10;10;10;10;10;10;10;10;10;30;30;30;30;30;30;30;30;47;47
"96";2;4;4;4;4;13;13;16;18;18;18;18;18;18;18;18;18;18;18;18;18;18;18;18
"97";2;5;6;9;9;9;9;9;9;9;22;22;22;22;22;22;35;35;35;40;40;45;45;45
"98";2;5;7;7;7;7;7;7;7;7;7;7;7;7;7;7;7;7;7;7;7;7;7;7
"99";2;5;6;8;10;10;10;10;10;10;10;10;10;10;30;30;30;30;30;30;30;30;46;46
"100";2;5;6;8;11;11;15;15;15;20;20;20;20;20;20;20;20;20;20;20;20;20;20;20
"101";2;5;6;8;11;11;14;14;14;14;14;14;14;14;14;14;14;14;14;14;14;14;14;49
"102";2;5;7;7;7;7;7;7;7;7;7;7;7;7;7;7;7;7;7;7;7;7;7;7
"103";2;5;6;9;9;9;9;9;9;9;22;22;22;22;22;22;35;35;35;40;40;44;44;44
"104";2;5;6;8;11;11;14;14;14;14;14;14;14;14;14;14;14;14;14;14;14;14;14;49
"105";2;5;6;8;11;11;15;15;15;21;21;21;21;21;21;32;32;32;38;38;43;43;43;43
"106";2;4;4;4;4;13;13;16;19;19;19;24;24;24;24;24;24;36;36;36;36;36;36;36
"107";2;5;6;8;11;11;15;15;15;20;20;20;20;20;20;20;20;20;20;20;20;20;20;20
"108";2;4;4;4;4;12;12;12;12;12;12;12;26;28;28;28;28;28;28;28;28;28;28;28
"109";2;5;6;8;10;10;10;10;10;10;10;10;10;10;30;30;30;30;30;30;30;30;47;47
"110";2;5;6;8;11;11;15;15;15;21;21;21;21;21;21;32;32;32;38;38;42;42;42;42
"111";2;5;6;9;9;9;9;9;9;9;22;22;22;22;22;22;35;35;35;41;41;41;41;41
"112";2;5;6;9;9;9;9;9;9;9;22;22;22;22;22;22;34;34;34;34;34;34;34;34
"113";2;4;4;4;4;13;13;16;19;19;19;24;24;24;24;24;24;37;37;37;37;37;37;37
"114";2;5;6;9;9;9;9;9;9;9;23;23;23;23;23;23;23;23;23;23;23;23;23;23
"115";2;5;6;9;9;9;9;9;9;9;22;22;22;22;22;22;34;34;34;34;34;34;34;34
"116";2;5;6;8;10;10;10;10;10;10;10;10;10;10;30;30;30;30;30;30;30;30;47;47
"117";2;5;7;7;7;7;7;7;7;7;7;7;7;7;7;7;7;7;7;7;7;7;7;7
"118";2;5;6;8;11;11;14;14;14;14;14;14;14;14;14;14;14;14;14;14;14;14;14;48
"119";2;4;4;4;4;12;12;12;12;12;12;12;26;29;29;29;29;29;29;29;29;29;29;29
"120";2;4;4;4;4;13;13;17;17;17;17;17;17;17;17;17;17;17;17;17;17;17;17;17
"121";2;5;7;7;7;7;7;7;7;7;7;7;7;7;7;7;7;7;7;7;7;7;7;7
"122";2;4;4;4;4;13;13;16;19;19;19;24;24;24;24;24;24;37;37;37;37;37;37;37
"123";2;5;7;7;7;7;7;7;7;7;7;7;7;7;7;7;7;7;7;7;7;7;7;7
"124";2;4;4;4;4;13;13;16;18;18;18;18;18;18;18;18;18;18;18;18;18;18;18;18
"125";2;5;6;9;9;9;9;9;9;9;22;22;22;22;22;22;35;35;35;41;41;41;41;41
"126";2;4;4;4;4;13;13;16;19;19;19;24;24;24;24;24;24;37;37;37;37;37;37;37
"127";2;4;4;4;4;13;13;16;18;18;18;18;18;18;18;18;18;18;18;18;18;18;18;18
"128";2;5;7;7;7;7;7;7;7;7;7;7;7;7;7;7;7;7;7;7;7;7;7;7
"129";3;3;3;3;3;3;3;3;3;3;3;3;3;3;3;3;3;3;3;3;3;3;3;3
"130";2;4;4;4;4;13;13;16;19;19;19;24;24;24;24;24;24;36;36;36;36;36;36;36
"131";2;4;4;4;4;13;13;16;19;19;19;24;24;24;24;24;24;36;36;36;36;36;36;36
"132";2;5;6;9;9;9;9;9;9;9;22;22;22;22;22;22;35;35;35;40;40;45;45;45
"133";2;5;6;8;10;10;10;10;10;10;10;10;10;10;30;30;30;30;30;30;30;30;47;47
"134";2;5;7;7;7;7;7;7;7;7;7;7;7;7;7;7;7;7;7;7;7;7;7;7
"135";2;4;4;4;4;13;13;16;19;19;19;24;24;24;24;24;24;36;36;36;36;36;36;36
"136";2;4;4;4;4;13;13;16;19;19;19;24;24;24;24;24;24;37;37;37;37;37;37;37
"137";2;4;4;4;4;12;12;12;12;12;12;12;26;29;29;29;29;29;29;29;29;29;29;29
"138";2;5;7;7;7;7;7;7;7;7;7;7;7;7;7;7;7;7;7;7;7;7;7;7
"139";2;5;6;9;9;9;9;9;9;9;22;22;22;22;22;22;35;35;35;40;40;44;44;44
"140";2;5;6;9;9;9;9;9;9;9;22;22;22;22;22;22;35;35;35;40;40;45;45;45
"141";2;5;6;8;11;11;15;15;15;20;20;20;20;20;20;20;20;20;20;20;20;20;20;20
"142";2;5;6;8;11;11;14;14;14;14;14;14;14;14;14;14;14;14;14;14;14;14;14;49
"143";2;4;4;4;4;13;13;16;18;18;18;18;18;18;18;18;18;18;18;18;18;18;18;18
"144";2;5;6;8;10;10;10;10;10;10;10;10;10;10;30;30;30;30;30;30;30;30;46;46
"145";2;5;7;7;7;7;7;7;7;7;7;7;7;7;7;7;7;7;7;7;7;7;7;7
"146";2;4;4;4;4;13;13;16;19;19;19;24;24;24;24;24;24;36;36;36;36;36;36;36
"147";2;4;4;4;4;13;13;16;19;19;19;25;25;25;25;25;25;25;25;25;25;25;25;25
"148";2;4;4;4;4;13;13;16;18;18;18;18;18;18;18;18;18;18;18;18;18;18;18;18
"149";2;4;4;4;4;12;12;12;12;12;12;12;26;29;29;29;29;29;29;29;29;29;29;29
"150";2;4;4;4;4;13;13;16;19;19;19;24;24;24;24;24;24;37;37;37;37;37;37;37
"151";2;5;6;8;11;11;14;14;14;14;14;14;14;14;14;14;14;14;14;14;14;14;14;48
"152";2;5;6;8;10;10;10;10;10;10;10;10;10;10;30;30;30;30;30;30;30;30;47;47
"153";2;5;6;9;9;9;9;9;9;9;22;22;22;22;22;22;35;35;35;40;40;45;45;45
"154";2;4;4;4;4;13;13;16;19;19;19;24;24;24;24;24;24;37;37;37;37;37;37;37
"155";2;5;6;8;11;11;15;15;15;21;21;21;21;21;21;32;32;32;38;38;42;42;42;42
"156";2;5;6;8;10;10;10;10;10;10;10;10;10;10;30;30;30;30;30;30;30;30;46;46
"157";2;4;4;4;4;13;13;16;19;19;19;25;25;25;25;25;25;25;25;25;25;25;25;25
"158";2;5;6;8;11;11;14;14;14;14;14;14;14;14;14;14;14;14;14;14;14;14;14;49
"159";2;5;6;8;10;10;10;10;10;10;10;10;10;10;30;30;30;30;30;30;30;30;47;47
"160";2;4;4;4;4;12;12;12;12;12;12;12;26;28;28;28;28;28;28;28;28;28;28;28
"161";2;5;6;8;11;11;15;15;15;20;20;20;20;20;20;20;20;20;20;20;20;20;20;20
"162";2;5;6;8;11;11;15;15;15;21;21;21;21;21;21;32;32;32;38;38;42;42;42;42
"163";2;5;6;9;9;9;9;9;9;9;22;22;22;22;22;22;35;35;35;40;40;45;45;45
"164";2;5;6;9;9;9;9;9;9;9;22;22;22;22;22;22;35;35;35;40;40;44;44;44
"165";2;5;6;9;9;9;9;9;9;9;22;22;22;22;22;22;35;35;35;40;40;44;44;44
"166";2;4;4;4;4;13;13;16;19;19;19;24;24;24;24;24;24;37;37;37;37;37;37;37
"167";2;5;7;7;7;7;7;7;7;7;7;7;7;7;7;7;7;7;7;7;7;7;7;7
"168";2;5;6;8;11;11;15;15;15;21;21;21;21;21;21;32;32;32;38;38;42;42;42;42
"169";2;4;4;4;4;13;13;16;19;19;19;24;24;24;24;24;24;37;37;37;37;37;37;37
"170";2;5;6;9;9;9;9;9;9;9;22;22;22;22;22;22;35;35;35;40;40;45;45;45
"171";2;4;4;4;4;13;13;17;17;17;17;17;17;17;17;17;17;17;17;17;17;17;17;17
"172";2;4;4;4;4;13;13;16;19;19;19;24;24;24;24;24;24;36;36;36;36;36;36;36
"173";2;4;4;4;4;13;13;16;19;19;19;25;25;25;25;25;25;25;25;25;25;25;25;25
"174";2;4;4;4;4;13;13;16;19;19;19;25;25;25;25;25;25;25;25;25;25;25;25;25
"175";2;4;4;4;4;12;12;12;12;12;12;12;26;28;28;28;28;28;28;28;28;28;28;28
"176";2;5;6;8;11;11;14;14;14;14;14;14;14;14;14;14;14;14;14;14;14;14;14;48
"177";2;4;4;4;4;12;12;12;12;12;12;12;27;27;27;27;27;27;27;27;27;27;27;27
"178";2;5;6;9;9;9;9;9;9;9;22;22;22;22;22;22;35;35;35;40;40;45;45;45
"179";2;4;4;4;4;13;13;16;19;19;19;24;24;24;24;24;24;36;36;36;36;36;36;36
"180";2;4;4;4;4;13;13;16;18;18;18;18;18;18;18;18;18;18;18;18;18;18;18;18
"181";2;4;4;4;4;12;12;12;12;12;12;12;26;28;28;28;28;28;28;28;28;28;28;28
"182";2;5;7;7;7;7;7;7;7;7;7;7;7;7;7;7;7;7;7;7;7;7;7;7
"183";2;5;6;8;11;11;14;14;14;14;14;14;14;14;14;14;14;14;14;14;14;14;14;49
"184";2;5;6;8;11;11;14;14;14;14;14;14;14;14;14;14;14;14;14;14;14;14;14;48
"185";2;4;4;4;4;12;12;12;12;12;12;12;26;28;28;28;28;28;28;28;28;28;28;28
"186";2;5;6;9;9;9;9;9;9;9;22;22;22;22;22;22;35;35;35;40;40;44;44;44
"187";2;5;6;8;10;10;10;10;10;10;10;10;10;10;31;31;31;31;31;31;31;31;31;31
"188";2;5;6;8;11;11;15;15;15;21;21;21;21;21;21;32;32;32;38;38;43;43;43;43
"189";2;5;6;8;11;11;15;15;15;21;21;21;21;21;21;32;32;32;38;38;42;42;42;42
"190";2;5;7;7;7;7;7;7;7;7;7;7;7;7;7;7;7;7;7;7;7;7;7;7
"191";2;5;6;8;11;11;15;15;15;20;20;20;20;20;20;20;20;20;20;20;20;20;20;20
"192";2;5;6;8;10;10;10;10;10;10;10;10;10;10;30;30;30;30;30;30;30;30;47;47
"193";2;5;6;8;11;11;15;15;15;21;21;21;21;21;21;32;32;32;38;38;43;43;43;43
"194";2;5;6;8;11;11;15;15;15;20;20;20;20;20;20;20;20;20;20;20;20;20;20;20
"195";2;5;7;7;7;7;7;7;7;7;7;7;7;7;7;7;7;7;7;7;7;7;7;7
"196";2;5;6;8;11;11;15;15;15;20;20;20;20;20;20;20;20;20;20;20;20;20;20;20
"197";2;5;6;9;9;9;9;9;9;9;22;22;22;22;22;22;35;35;35;40;40;45;45;45
"198";2;5;6;8;11;11;15;15;15;21;21;21;21;21;21;33;33;33;33;33;33;33;33;33
"199";2;5;6;8;11;11;14;14;14;14;14;14;14;14;14;14;14;14;14;14;14;14;14;48
"200";2;5;6;8;10;10;10;10;10;10;10;10;10;10;31;31;31;31;31;31;31;31;31;31
"201";2;5;6;8;11;11;14;14;14;14;14;14;14;14;14;14;14;14;14;14;14;14;14;49
"202";2;4;4;4;4;13;13;17;17;17;17;17;17;17;17;17;17;17;17;17;17;17;17;17
"203";2;5;7;7;7;7;7;7;7;7;7;7;7;7;7;7;7;7;7;7;7;7;7;7
"204";3;3;3;3;3;3;3;3;3;3;3;3;3;3;3;3;3;3;3;3;3;3;3;3
"205";2;4;4;4;4;13;13;16;19;19;19;24;24;24;24;24;24;37;37;37;37;37;37;37
"206";2;5;6;8;11;11;15;15;15;21;21;21;21;21;21;32;32;32;38;38;43;43;43;43
"207";2;4;4;4;4;13;13;16;19;19;19;24;24;24;24;24;24;36;36;36;36;36;36;36
"208";2;5;7;7;7;7;7;7;7;7;7;7;7;7;7;7;7;7;7;7;7;7;7;7
"209";2;5;6;9;9;9;9;9;9;9;23;23;23;23;23;23;23;23;23;23;23;23;23;23
"210";2;5;6;8;10;10;10;10;10;10;10;10;10;10;31;31;31;31;31;31;31;31;31;31
"211";2;5;6;9;9;9;9;9;9;9;23;23;23;23;23;23;23;23;23;23;23;23;23;23
"212";2;5;6;9;9;9;9;9;9;9;22;22;22;22;22;22;35;35;35;40;40;44;44;44
"213";2;4;4;4;4;13;13;16;19;19;19;24;24;24;24;24;24;37;37;37;37;37;37;37
"214";2;4;4;4;4;13;13;16;19;19;19;24;24;24;24;24;24;37;37;37;37;37;37;37
"215";2;5;6;8;11;11;15;15;15;21;21;21;21;21;21;32;32;32;38;38;43;43;43;43
"216";2;4;4;4;4;13;13;16;19;19;19;24;24;24;24;24;24;37;37;37;37;37;37;37
"217";2;5;7;7;7;7;7;7;7;7;7;7;7;7;7;7;7;7;7;7;7;7;7;7
"218";3;3;3;3;3;3;3;3;3;3;3;3;3;3;3;3;3;3;3;3;3;3;3;3
"219";2;4;4;4;4;13;13;16;19;19;19;24;24;24;24;24;24;37;37;37;37;37;37;37
"220";2;4;4;4;4;13;13;16;19;19;19;24;24;24;24;24;24;37;37;37;37;37;37;37
"221";2;5;6;8;11;11;15;15;15;20;20;20;20;20;20;20;20;20;20;20;20;20;20;20
"222";2;5;6;8;10;10;10;10;10;10;10;10;10;10;31;31;31;31;31;31;31;31;31;31
"223";2;4;4;4;4;13;13;16;19;19;19;24;24;24;24;24;24;36;36;36;36;36;36;36
"224";2;5;6;8;11;11;15;15;15;20;20;20;20;20;20;20;20;20;20;20;20;20;20;20
"225";2;5;6;9;9;9;9;9;9;9;22;22;22;22;22;22;35;35;35;41;41;41;41;41
"226";2;4;4;4;4;13;13;16;19;19;19;25;25;25;25;25;25;25;25;25;25;25;25;25
"227";2;5;6;9;9;9;9;9;9;9;22;22;22;22;22;22;35;35;35;40;40;44;44;44
"228";2;4;4;4;4;13;13;17;17;17;17;17;17;17;17;17;17;17;17;17;17;17;17;17
"229";2;4;4;4;4;13;13;17;17;17;17;17;17;17;17;17;17;17;17;17;17;17;17;17
"230";2;4;4;4;4;12;12;12;12;12;12;12;26;29;29;29;29;29;29;29;29;29;29;29
"231";2;4;4;4;4;13;13;16;18;18;18;18;18;18;18;18;18;18;18;18;18;18;18;18
"232";2;4;4;4;4;12;12;12;12;12;12;12;26;28;28;28;28;28;28;28;28;28;28;28
"233";2;5;6;9;9;9;9;9;9;9;22;22;22;22;22;22;35;35;35;40;40;44;44;44
"234";2;5;6;8;11;11;14;14;14;14;14;14;14;14;14;14;14;14;14;14;14;14;14;48
"235";2;4;4;4;4;13;13;16;19;19;19;25;25;25;25;25;25;25;25;25;25;25;25;25
"236";2;5;6;8;10;10;10;10;10;10;10;10;10;10;30;30;30;30;30;30;30;30;47;47
"237";2;4;4;4;4;13;13;17;17;17;17;17;17;17;17;17;17;17;17;17;17;17;17;17
"238";2;5;6;9;9;9;9;9;9;9;22;22;22;22;22;22;35;35;35;41;41;41;41;41
"239";2;5;6;8;11;11;15;15;15;20;20;20;20;20;20;20;20;20;20;20;20;20;20;20
"240";2;4;4;4;4;13;13;16;19;19;19;24;24;24;24;24;24;36;36;36;36;36;36;36
"241";2;4;4;4;4;13;13;16;19;19;19;24;24;24;24;24;24;37;37;37;37;37;37;37
"242";2;4;4;4;4;13;13;16;19;19;19;24;24;24;24;24;24;37;37;37;37;37;37;37
"243";2;4;4;4;4;12;12;12;12;12;12;12;26;29;29;29;29;29;29;29;29;29;29;29
"244";2;4;4;4;4;13;13;16;18;18;18;18;18;18;18;18;18;18;18;18;18;18;18;18
"245";3;3;3;3;3;3;3;3;3;3;3;3;3;3;3;3;3;3;3;3;3;3;3;3
"246";2;5;6;8;11;11;15;15;15;20;20;20;20;20;20;20;20;20;20;20;20;20;20;20
"247";2;4;4;4;4;12;12;12;12;12;12;12;26;29;29;29;29;29;29;29;29;29;29;29
"248";2;5;6;8;10;10;10;10;10;10;10;10;10;10;31;31;31;31;31;31;31;31;31;31
"249";2;5;6;9;9;9;9;9;9;9;22;22;22;22;22;22;35;35;35;40;40;44;44;44
"250";2;4;4;4;4;13;13;16;19;19;19;24;24;24;24;24;24;37;37;37;37;37;37;37
"251";2;4;4;4;4;13;13;16;19;19;19;24;24;24;24;24;24;36;36;36;36;36;36;36
"252";2;4;4;4;4;12;12;12;12;12;12;12;26;29;29;29;29;29;29;29;29;29;29;29
"253";2;5;6;9;9;9;9;9;9;9;22;22;22;22;22;22;34;34;34;34;34;34;34;34
"254";2;4;4;4;4;12;12;12;12;12;12;12;27;27;27;27;27;27;27;27;27;27;27;27
"255";2;4;4;4;4;13;13;16;19;19;19;24;24;24;24;24;24;36;36;36;36;36;36;36
"256";2;5;6;9;9;9;9;9;9;9;22;22;22;22;22;22;35;35;35;40;40;44;44;44
"257";2;5;6;8;11;11;15;15;15;20;20;20;20;20;20;20;20;20;20;20;20;20;20;20
"258";2;5;6;8;10;10;10;10;10;10;10;10;10;10;30;30;30;30;30;30;30;30;47;47
"259";2;5;6;8;11;11;15;15;15;20;20;20;20;20;20;20;20;20;20;20;20;20;20;20
"260";2;5;6;9;9;9;9;9;9;9;22;22;22;22;22;22;35;35;35;40;40;44;44;44
"261";2;5;6;8;11;11;15;15;15;21;21;21;21;21;21;32;32;32;38;38;42;42;42;42
"262";2;5;6;8;11;11;15;15;15;20;20;20;20;20;20;20;20;20;20;20;20;20;20;20
"263";2;5;6;8;10;10;10;10;10;10;10;10;10;10;30;30;30;30;30;30;30;30;47;47
"264";2;4;4;4;4;13;13;17;17;17;17;17;17;17;17;17;17;17;17;17;17;17;17;17
"265";2;5;6;8;11;11;15;15;15;21;21;21;21;21;21;32;32;32;38;38;42;42;42;42
"266";2;5;6;8;11;11;14;14;14;14;14;14;14;14;14;14;14;14;14;14;14;14;14;48
"267";2;5;7;7;7;7;7;7;7;7;7;7;7;7;7;7;7;7;7;7;7;7;7;7
"268";2;5;6;8;11;11;14;14;14;14;14;14;14;14;14;14;14;14;14;14;14;14;14;48
"269";2;5;6;8;11;11;14;14;14;14;14;14;14;14;14;14;14;14;14;14;14;14;14;48
"270";2;5;6;9;9;9;9;9;9;9;22;22;22;22;22;22;34;34;34;34;34;34;34;34
"271";2;5;6;8;11;11;14;14;14;14;14;14;14;14;14;14;14;14;14;14;14;14;14;49
"272";2;5;6;9;9;9;9;9;9;9;22;22;22;22;22;22;34;34;34;34;34;34;34;34
"273";2;5;6;8;11;11;15;15;15;21;21;21;21;21;21;32;32;32;38;38;43;43;43;43
"274";2;5;6;9;9;9;9;9;9;9;22;22;22;22;22;22;34;34;34;34;34;34;34;34
"275";2;5;6;8;11;11;15;15;15;20;20;20;20;20;20;20;20;20;20;20;20;20;20;20
"276";2;5;6;8;10;10;10;10;10;10;10;10;10;10;31;31;31;31;31;31;31;31;31;31
"277";2;5;6;8;11;11;15;15;15;20;20;20;20;20;20;20;20;20;20;20;20;20;20;20
"278";2;5;6;8;11;11;14;14;14;14;14;14;14;14;14;14;14;14;14;14;14;14;14;49
"279";2;4;4;4;4;13;13;16;18;18;18;18;18;18;18;18;18;18;18;18;18;18;18;18
"280";2;5;6;8;10;10;10;10;10;10;10;10;10;10;31;31;31;31;31;31;31;31;31;31
"281";2;5;6;9;9;9;9;9;9;9;23;23;23;23;23;23;23;23;23;23;23;23;23;23
"282";2;5;6;8;11;11;15;15;15;21;21;21;21;21;21;32;32;32;38;38;43;43;43;43
"283";2;4;4;4;4;13;13;16;18;18;18;18;18;18;18;18;18;18;18;18;18;18;18;18
"284";2;5;6;8;10;10;10;10;10;10;10;10;10;10;30;30;30;30;30;30;30;30;47;47
"285";2;5;7;7;7;7;7;7;7;7;7;7;7;7;7;7;7;7;7;7;7;7;7;7
"286";2;4;4;4;4;13;13;16;19;19;19;24;24;24;24;24;24;37;37;37;37;37;37;37
"287";2;4;4;4;4;12;12;12;12;12;12;12;26;28;28;28;28;28;28;28;28;28;28;28
"288";2;4;4;4;4;12;12;12;12;12;12;12;27;27;27;27;27;27;27;27;27;27;27;27
"289";2;5;6;8;11;11;14;14;14;14;14;14;14;14;14;14;14;14;14;14;14;14;14;49
"290";2;5;6;8;10;10;10;10;10;10;10;10;10;10;30;30;30;30;30;30;30;30;47;47
"291";2;5;6;8;10;10;10;10;10;10;10;10;10;10;30;30;30;30;30;30;30;30;47;47
"292";2;5;6;8;10;10;10;10;10;10;10;10;10;10;30;30;30;30;30;30;30;30;46;46
"293";2;4;4;4;4;13;13;16;19;19;19;24;24;24;24;24;24;37;37;37;37;37;37;37
"294";2;5;6;8;10;10;10;10;10;10;10;10;10;10;31;31;31;31;31;31;31;31;31;31
"295";2;5;6;8;10;10;10;10;10;10;10;10;10;10;30;30;30;30;30;30;30;30;46;46
"296";2;5;7;7;7;7;7;7;7;7;7;7;7;7;7;7;7;7;7;7;7;7;7;7
"297";2;5;6;9;9;9;9;9;9;9;23;23;23;23;23;23;23;23;23;23;23;23;23;23
"298";2;5;6;8;11;11;15;15;15;21;21;21;21;21;21;32;32;32;38;38;43;43;43;43
"299";2;5;7;7;7;7;7;7;7;7;7;7;7;7;7;7;7;7;7;7;7;7;7;7
"300";3;3;3;3;3;3;3;3;3;3;3;3;3;3;3;3;3;3;3;3;3;3;3;3
"301";2;4;4;4;4;12;12;12;12;12;12;12;27;27;27;27;27;27;27;27;27;27;27;27
"302";2;4;4;4;4;13;13;16;19;19;19;24;24;24;24;24;24;36;36;36;36;36;36;36
"303";2;4;4;4;4;13;13;16;19;19;19;24;24;24;24;24;24;36;36;36;36;36;36;36
"304";2;4;4;4;4;13;13;17;17;17;17;17;17;17;17;17;17;17;17;17;17;17;17;17
"305";2;5;6;8;11;11;14;14;14;14;14;14;14;14;14;14;14;14;14;14;14;14;14;49
"306";2;5;6;9;9;9;9;9;9;9;22;22;22;22;22;22;35;35;35;40;40;45;45;45
"307";2;5;6;8;11;11;15;15;15;20;20;20;20;20;20;20;20;20;20;20;20;20;20;20
"308";2;5;6;8;10;10;10;10;10;10;10;10;10;10;30;30;30;30;30;30;30;30;46;46
"309";2;5;6;8;11;11;15;15;15;21;21;21;21;21;21;32;32;32;38;38;43;43;43;43
"310";3;3;3;3;3;3;3;3;3;3;3;3;3;3;3;3;3;3;3;3;3;3;3;3
"311";2;4;4;4;4;13;13;16;19;19;19;24;24;24;24;24;24;37;37;37;37;37;37;37
"312";2;5;6;8;11;11;15;15;15;20;20;20;20;20;20;20;20;20;20;20;20;20;20;20
"313";2;4;4;4;4;13;13;16;18;18;18;18;18;18;18;18;18;18;18;18;18;18;18;18
"314";2;5;6;8;10;10;10;10;10;10;10;10;10;10;30;30;30;30;30;30;30;30;46;46
"315";2;5;7;7;7;7;7;7;7;7;7;7;7;7;7;7;7;7;7;7;7;7;7;7
"316";2;5;6;9;9;9;9;9;9;9;23;23;23;23;23;23;23;23;23;23;23;23;23;23
"317";2;5;6;8;10;10;10;10;10;10;10;10;10;10;31;31;31;31;31;31;31;31;31;31
"318";2;5;6;8;11;11;14;14;14;14;14;14;14;14;14;14;14;14;14;14;14;14;14;48
"319";2;5;6;8;11;11;15;15;15;21;21;21;21;21;21;32;32;32;38;38;42;42;42;42
"320";2;4;4;4;4;13;13;16;19;19;19;24;24;24;24;24;24;36;36;36;36;36;36;36
"321";2;5;7;7;7;7;7;7;7;7;7;7;7;7;7;7;7;7;7;7;7;7;7;7
"322";3;3;3;3;3;3;3;3;3;3;3;3;3;3;3;3;3;3;3;3;3;3;3;3
"323";2;4;4;4;4;12;12;12;12;12;12;12;26;29;29;29;29;29;29;29;29;29;29;29
"324";2;4;4;4;4;13;13;16;19;19;19;24;24;24;24;24;24;36;36;36;36;36;36;36
"325";2;5;6;8;11;11;14;14;14;14;14;14;14;14;14;14;14;14;14;14;14;14;14;49
"326";2;5;6;8;10;10;10;10;10;10;10;10;10;10;30;30;30;30;30;30;30;30;47;47
"327";2;5;6;8;11;11;14;14;14;14;14;14;14;14;14;14;14;14;14;14;14;14;14;49
"328";2;4;4;4;4;12;12;12;12;12;12;12;27;27;27;27;27;27;27;27;27;27;27;27
"329";2;5;6;8;11;11;15;15;15;20;20;20;20;20;20;20;20;20;20;20;20;20;20;20
"330";2;4;4;4;4;12;12;12;12;12;12;12;26;28;28;28;28;28;28;28;28;28;28;28
"331";2;5;6;8;10;10;10;10;10;10;10;10;10;10;30;30;30;30;30;30;30;30;46;46
"332";2;4;4;4;4;13;13;16;19;19;19;24;24;24;24;24;24;36;36;36;36;36;36;36
"333";2;5;6;8;11;11;15;15;15;21;21;21;21;21;21;32;32;32;38;38;43;43;43;43
"334";2;4;4;4;4;13;13;16;19;19;19;24;24;24;24;24;24;37;37;37;37;37;37;37
"335";2;4;4;4;4;13;13;16;19;19;19;25;25;25;25;25;25;25;25;25;25;25;25;25
"336";2;5;6;8;10;10;10;10;10;10;10;10;10;10;30;30;30;30;30;30;30;30;46;46
"337";2;4;4;4;4;12;12;12;12;12;12;12;26;28;28;28;28;28;28;28;28;28;28;28
"338";2;5;6;9;9;9;9;9;9;9;22;22;22;22;22;22;34;34;34;34;34;34;34;34
"339";2;4;4;4;4;12;12;12;12;12;12;12;26;28;28;28;28;28;28;28;28;28;28;28
"340";2;5;6;8;10;10;10;10;10;10;10;10;10;10;30;30;30;30;30;30;30;30;47;47
"341";2;4;4;4;4;13;13;16;19;19;19;24;24;24;24;24;24;37;37;37;37;37;37;37
"342";2;5;6;8;10;10;10;10;10;10;10;10;10;10;30;30;30;30;30;30;30;30;47;47
"343";2;5;6;8;10;10;10;10;10;10;10;10;10;10;30;30;30;30;30;30;30;30;47;47
"344";2;5;6;9;9;9;9;9;9;9;22;22;22;22;22;22;35;35;35;40;40;44;44;44
"345";2;4;4;4;4;13;13;16;19;19;19;24;24;24;24;24;24;36;36;36;36;36;36;36
"346";2;4;4;4;4;13;13;16;19;19;19;24;24;24;24;24;24;36;36;36;36;36;36;36
"347";2;4;4;4;4;13;13;16;19;19;19;24;24;24;24;24;24;36;36;36;36;36;36;36
"348";2;4;4;4;4;13;13;16;19;19;19;24;24;24;24;24;24;36;36;36;36;36;36;36
"349";2;4;4;4;4;13;13;16;19;19;19;24;24;24;24;24;24;36;36;36;36;36;36;36
"350";2;4;4;4;4;13;13;16;19;19;19;24;24;24;24;24;24;36;36;36;36;36;36;36
"351";2;4;4;4;4;13;13;16;19;19;19;24;24;24;24;24;24;36;36;36;36;36;36;36
"352";2;4;4;4;4;13;13;16;19;19;19;24;24;24;24;24;24;36;36;36;36;36;36;36
"353";2;4;4;4;4;13;13;16;19;19;19;24;24;24;24;24;24;36;36;36;36;36;36;36
"354";2;5;6;8;11;11;14;14;14;14;14;14;14;14;14;14;14;14;14;14;14;14;14;48
"355";2;5;6;8;11;11;15;15;15;20;20;20;20;20;20;20;20;20;20;20;20;20;20;20
"356";2;4;4;4;4;12;12;12;12;12;12;12;26;29;29;29;29;29;29;29;29;29;29;29
"357";2;5;6;9;9;9;9;9;9;9;23;23;23;23;23;23;23;23;23;23;23;23;23;23
"358";2;5;6;8;11;11;15;15;15;21;21;21;21;21;21;32;32;32;38;38;43;43;43;43
"359";2;5;6;8;10;10;10;10;10;10;10;10;10;10;30;30;30;30;30;30;30;30;47;47
"360";2;4;4;4;4;12;12;12;12;12;12;12;26;29;29;29;29;29;29;29;29;29;29;29
"361";2;4;4;4;4;13;13;17;17;17;17;17;17;17;17;17;17;17;17;17;17;17;17;17
"362";2;4;4;4;4;12;12;12;12;12;12;12;26;28;28;28;28;28;28;28;28;28;28;28
"363";2;5;6;8;10;10;10;10;10;10;10;10;10;10;30;30;30;30;30;30;30;30;46;46
"364";2;5;7;7;7;7;7;7;7;7;7;7;7;7;7;7;7;7;7;7;7;7;7;7
"365";2;5;6;8;11;11;14;14;14;14;14;14;14;14;14;14;14;14;14;14;14;14;14;49
"366";2;4;4;4;4;12;12;12;12;12;12;12;26;29;29;29;29;29;29;29;29;29;29;29
"367";2;4;4;4;4;13;13;16;19;19;19;24;24;24;24;24;24;36;36;36;36;36;36;36
"368";2;5;6;8;10;10;10;10;10;10;10;10;10;10;31;31;31;31;31;31;31;31;31;31
"369";2;5;6;8;11;11;15;15;15;21;21;21;21;21;21;32;32;32;38;38;43;43;43;43
"370";2;5;7;7;7;7;7;7;7;7;7;7;7;7;7;7;7;7;7;7;7;7;7;7
"371";2;5;6;8;11;11;14;14;14;14;14;14;14;14;14;14;14;14;14;14;14;14;14;49
"372";2;4;4;4;4;12;12;12;12;12;12;12;26;28;28;28;28;28;28;28;28;28;28;28
"373";2;5;6;8;11;11;15;15;15;21;21;21;21;21;21;32;32;32;38;38;42;42;42;42
"374";2;5;6;8;11;11;15;15;15;20;20;20;20;20;20;20;20;20;20;20;20;20;20;20
"375";2;5;6;8;10;10;10;10;10;10;10;10;10;10;30;30;30;30;30;30;30;30;47;47
"376";2;4;4;4;4;12;12;12;12;12;12;12;26;28;28;28;28;28;28;28;28;28;28;28
"377";2;5;6;8;11;11;14;14;14;14;14;14;14;14;14;14;14;14;14;14;14;14;14;49
"378";2;4;4;4;4;12;12;12;12;12;12;12;27;27;27;27;27;27;27;27;27;27;27;27
"379";2;4;4;4;4;12;12;12;12;12;12;12;26;29;29;29;29;29;29;29;29;29;29;29
"380";2;5;7;7;7;7;7;7;7;7;7;7;7;7;7;7;7;7;7;7;7;7;7;7
"381";2;4;4;4;4;13;13;17;17;17;17;17;17;17;17;17;17;17;17;17;17;17;17;17
"382";2;5;6;8;11;11;15;15;15;21;21;21;21;21;21;33;33;33;33;33;33;33;33;33
"383";2;5;7;7;7;7;7;7;7;7;7;7;7;7;7;7;7;7;7;7;7;7;7;7
"384";2;5;6;8;11;11;15;15;15;21;21;21;21;21;21;32;32;32;38;38;42;42;42;42
"385";2;5;6;8;11;11;15;15;15;20;20;20;20;20;20;20;20;20;20;20;20;20;20;20
"386";2;5;6;8;10;10;10;10;10;10;10;10;10;10;30;30;30;30;30;30;30;30;47;47
"387";2;4;4;4;4;13;13;17;17;17;17;17;17;17;17;17;17;17;17;17;17;17;17;17
"388";2;4;4;4;4;13;13;16;18;18;18;18;18;18;18;18;18;18;18;18;18;18;18;18
"389";2;5;7;7;7;7;7;7;7;7;7;7;7;7;7;7;7;7;7;7;7;7;7;7
"390";2;5;6;8;10;10;10;10;10;10;10;10;10;10;30;30;30;30;30;30;30;30;47;47
"391";2;4;4;4;4;12;12;12;12;12;12;12;27;27;27;27;27;27;27;27;27;27;27;27
"392";2;5;6;8;11;11;14;14;14;14;14;14;14;14;14;14;14;14;14;14;14;14;14;49
"393";2;5;6;8;10;10;10;10;10;10;10;10;10;10;30;30;30;30;30;30;30;30;47;47
"394";2;4;4;4;4;12;12;12;12;12;12;12;26;29;29;29;29;29;29;29;29;29;29;29
"395";2;4;4;4;4;12;12;12;12;12;12;12;26;28;28;28;28;28;28;28;28;28;28;28
"396";2;4;4;4;4;13;13;16;19;19;19;24;24;24;24;24;24;37;37;37;37;37;37;37
"397";2;5;6;9;9;9;9;9;9;9;22;22;22;22;22;22;35;35;35;40;40;44;44;44
"398";2;5;6;8;10;10;10;10;10;10;10;10;10;10;31;31;31;31;31;31;31;31;31;31
"399";2;4;4;4;4;12;12;12;12;12;12;12;26;28;28;28;28;28;28;28;28;28;28;28
"400";2;4;4;4;4;13;13;17;17;17;17;17;17;17;17;17;17;17;17;17;17;17;17;17
"401";2;5;6;9;9;9;9;9;9;9;22;22;22;22;22;22;35;35;35;41;41;41;41;41
"402";2;4;4;4;4;13;13;17;17;17;17;17;17;17;17;17;17;17;17;17;17;17;17;17
"403";2;5;6;8;11;11;15;15;15;21;21;21;21;21;21;32;32;32;39;39;39;39;39;39
"404";2;4;4;4;4;13;13;16;19;19;19;24;24;24;24;24;24;37;37;37;37;37;37;37
"405";2;4;4;4;4;13;13;16;18;18;18;18;18;18;18;18;18;18;18;18;18;18;18;18
"406";2;5;6;9;9;9;9;9;9;9;22;22;22;22;22;22;35;35;35;40;40;45;45;45
"407";2;5;6;9;9;9;9;9;9;9;22;22;22;22;22;22;35;35;35;40;40;45;45;45
"408";2;4;4;4;4;13;13;17;17;17;17;17;17;17;17;17;17;17;17;17;17;17;17;17
"409";2;4;4;4;4;12;12;12;12;12;12;12;26;29;29;29;29;29;29;29;29;29;29;29
"410";2;5;6;8;11;11;15;15;15;21;21;21;21;21;21;32;32;32;38;38;42;42;42;42
"411";2;4;4;4;4;13;13;16;19;19;19;24;24;24;24;24;24;37;37;37;37;37;37;37
"412";2;4;4;4;4;12;12;12;12;12;12;12;26;29;29;29;29;29;29;29;29;29;29;29
"413";2;5;7;7;7;7;7;7;7;7;7;7;7;7;7;7;7;7;7;7;7;7;7;7
"414";2;5;6;8;11;11;15;15;15;21;21;21;21;21;21;32;32;32;38;38;43;43;43;43
"415";2;5;6;8;10;10;10;10;10;10;10;10;10;10;30;30;30;30;30;30;30;30;47;47
"416";2;5;6;8;11;11;15;15;15;21;21;21;21;21;21;32;32;32;38;38;42;42;42;42
"417";2;5;6;8;11;11;14;14;14;14;14;14;14;14;14;14;14;14;14;14;14;14;14;49
"418";2;5;6;9;9;9;9;9;9;9;22;22;22;22;22;22;35;35;35;40;40;45;45;45
"419";2;5;6;8;11;11;15;15;15;21;21;21;21;21;21;32;32;32;38;38;43;43;43;43
"420";2;5;6;8;11;11;15;15;15;21;21;21;21;21;21;32;32;32;38;38;43;43;43;43
"421";2;5;6;8;11;11;15;15;15;20;20;20;20;20;20;20;20;20;20;20;20;20;20;20
"422";2;4;4;4;4;12;12;12;12;12;12;12;26;29;29;29;29;29;29;29;29;29;29;29
"423";2;5;6;9;9;9;9;9;9;9;22;22;22;22;22;22;35;35;35;40;40;44;44;44
"424";2;5;6;8;11;11;15;15;15;21;21;21;21;21;21;33;33;33;33;33;33;33;33;33
"425";2;4;4;4;4;13;13;17;17;17;17;17;17;17;17;17;17;17;17;17;17;17;17;17
"426";2;5;6;8;11;11;15;15;15;20;20;20;20;20;20;20;20;20;20;20;20;20;20;20
"427";2;5;6;8;10;10;10;10;10;10;10;10;10;10;30;30;30;30;30;30;30;30;46;46
"428";2;5;6;8;11;11;15;15;15;21;21;21;21;21;21;32;32;32;38;38;43;43;43;43
"429";2;5;6;8;11;11;14;14;14;14;14;14;14;14;14;14;14;14;14;14;14;14;14;49
"430";2;4;4;4;4;13;13;16;19;19;19;25;25;25;25;25;25;25;25;25;25;25;25;25
"431";2;4;4;4;4;12;12;12;12;12;12;12;26;29;29;29;29;29;29;29;29;29;29;29
"432";2;5;6;8;11;11;15;15;15;21;21;21;21;21;21;32;32;32;38;38;43;43;43;43
"433";2;5;6;8;11;11;15;15;15;20;20;20;20;20;20;20;20;20;20;20;20;20;20;20
"434";2;4;4;4;4;13;13;17;17;17;17;17;17;17;17;17;17;17;17;17;17;17;17;17
"435";0;0;0;0;0;0;0;0;0;0;0;0;0;0;0;0;0;0;0;0;0;0;0;0
"436";2;5;6;8;11;11;15;15;15;21;21;21;21;21;21;33;33;33;33;33;33;33;33;33
"437";2;5;6;8;11;11;14;14;14;14;14;14;14;14;14;14;14;14;14;14;14;14;14;48
"438";2;5;6;9;9;9;9;9;9;9;23;23;23;23;23;23;23;23;23;23;23;23;23;23
"439";2;4;4;4;4;13;13;17;17;17;17;17;17;17;17;17;17;17;17;17;17;17;17;17
"440";2;5;7;7;7;7;7;7;7;7;7;7;7;7;7;7;7;7;7;7;7;7;7;7
"441";2;5;6;8;11;11;15;15;15;20;20;20;20;20;20;20;20;20;20;20;20;20;20;20
"442";2;4;4;4;4;13;13;16;18;18;18;18;18;18;18;18;18;18;18;18;18;18;18;18
"443";2;5;6;9;9;9;9;9;9;9;22;22;22;22;22;22;35;35;35;40;40;45;45;45
"444";2;4;4;4;4;13;13;16;19;19;19;24;24;24;24;24;24;37;37;37;37;37;37;37
"445";2;5;6;8;11;11;15;15;15;21;21;21;21;21;21;32;32;32;38;38;42;42;42;42
"446";2;4;4;4;4;12;12;12;12;12;12;12;26;29;29;29;29;29;29;29;29;29;29;29
"447";2;5;6;8;10;10;10;10;10;10;10;10;10;10;30;30;30;30;30;30;30;30;47;47
"448";2;5;6;8;11;11;14;14;14;14;14;14;14;14;14;14;14;14;14;14;14;14;14;49
"449";2;4;4;4;4;13;13;16;19;19;19;24;24;24;24;24;24;37;37;37;37;37;37;37
"450";2;4;4;4;4;13;13;16;19;19;19;25;25;25;25;25;25;25;25;25;25;25;25;25
"451";2;5;6;8;11;11;15;15;15;21;21;21;21;21;21;32;32;32;38;38;42;42;42;42
"452";2;4;4;4;4;13;13;16;19;19;19;24;24;24;24;24;24;36;36;36;36;36;36;36
"453";2;4;4;4;4;12;12;12;12;12;12;12;26;28;28;28;28;28;28;28;28;28;28;28
"454";2;5;7;7;7;7;7;7;7;7;7;7;7;7;7;7;7;7;7;7;7;7;7;7
"455";2;4;4;4;4;13;13;16;18;18;18;18;18;18;18;18;18;18;18;18;18;18;18;18
"456";2;4;4;4;4;13;13;17;17;17;17;17;17;17;17;17;17;17;17;17;17;17;17;17
"457";2;4;4;4;4;13;13;16;19;19;19;24;24;24;24;24;24;37;37;37;37;37;37;37
"458";2;5;6;9;9;9;9;9;9;9;22;22;22;22;22;22;35;35;35;40;40;45;45;45
"459";2;5;6;8;10;10;10;10;10;10;10;10;10;10;30;30;30;30;30;30;30;30;47;47
"460";2;4;4;4;4;12;12;12;12;12;12;12;26;29;29;29;29;29;29;29;29;29;29;29
"461";2;4;4;4;4;13;13;17;17;17;17;17;17;17;17;17;17;17;17;17;17;17;17;17
"462";2;5;6;8;11;11;15;15;15;20;20;20;20;20;20;20;20;20;20;20;20;20;20;20
"463";2;5;6;9;9;9;9;9;9;9;22;22;22;22;22;22;35;35;35;40;40;44;44;44
"464";2;5;6;8;11;11;14;14;14;14;14;14;14;14;14;14;14;14;14;14;14;14;14;49
"465";2;5;6;8;10;10;10;10;10;10;10;10;10;10;30;30;30;30;30;30;30;30;47;47
"466";2;5;7;7;7;7;7;7;7;7;7;7;7;7;7;7;7;7;7;7;7;7;7;7
"467";2;4;4;4;4;13;13;16;19;19;19;24;24;24;24;24;24;37;37;37;37;37;37;37
"468";2;4;4;4;4;12;12;12;12;12;12;12;26;28;28;28;28;28;28;28;28;28;28;28
"469";2;5;6;8;11;11;14;14;14;14;14;14;14;14;14;14;14;14;14;14;14;14;14;49
"470";2;5;6;8;11;11;15;15;15;21;21;21;21;21;21;32;32;32;38;38;42;42;42;42
"471";2;5;6;8;11;11;15;15;15;20;20;20;20;20;20;20;20;20;20;20;20;20;20;20
"472";2;4;4;4;4;12;12;12;12;12;12;12;26;28;28;28;28;28;28;28;28;28;28;28
"473";2;5;6;8;10;10;10;10;10;10;10;10;10;10;31;31;31;31;31;31;31;31;31;31
"474";2;5;6;8;11;11;15;15;15;20;20;20;20;20;20;20;20;20;20;20;20;20;20;20
"475";2;5;6;9;9;9;9;9;9;9;22;22;22;22;22;22;35;35;35;40;40;45;45;45
"476";3;3;3;3;3;3;3;3;3;3;3;3;3;3;3;3;3;3;3;3;3;3;3;3
"477";2;4;4;4;4;12;12;12;12;12;12;12;26;28;28;28;28;28;28;28;28;28;28;28
"478";2;5;6;8;11;11;15;15;15;21;21;21;21;21;21;32;32;32;38;38;43;43;43;43
"479";2;5;6;8;10;10;10;10;10;10;10;10;10;10;30;30;30;30;30;30;30;30;47;47
"480";2;5;6;8;11;11;14;14;14;14;14;14;14;14;14;14;14;14;14;14;14;14;14;49
"481";2;5;6;8;11;11;14;14;14;14;14;14;14;14;14;14;14;14;14;14;14;14;14;48
"482";2;5;6;8;11;11;15;15;15;21;21;21;21;21;21;33;33;33;33;33;33;33;33;33
"483";2;4;4;4;4;13;13;16;18;18;18;18;18;18;18;18;18;18;18;18;18;18;18;18
"484";2;5;6;8;11;11;15;15;15;21;21;21;21;21;21;32;32;32;38;38;42;42;42;42
"485";2;5;6;8;11;11;15;15;15;21;21;21;21;21;21;32;32;32;38;38;43;43;43;43
"486";2;4;4;4;4;12;12;12;12;12;12;12;26;29;29;29;29;29;29;29;29;29;29;29
"487";2;5;6;8;10;10;10;10;10;10;10;10;10;10;30;30;30;30;30;30;30;30;47;47
"488";3;3;3;3;3;3;3;3;3;3;3;3;3;3;3;3;3;3;3;3;3;3;3;3
"489";2;5;6;9;9;9;9;9;9;9;22;22;22;22;22;22;35;35;35;40;40;45;45;45
"490";2;4;4;4;4;13;13;16;19;19;19;25;25;25;25;25;25;25;25;25;25;25;25;25
"491";2;5;6;8;11;11;15;15;15;21;21;21;21;21;21;32;32;32;38;38;42;42;42;42
"492";2;5;6;9;9;9;9;9;9;9;22;22;22;22;22;22;34;34;34;34;34;34;34;34
"493";2;4;4;4;4;13;13;16;18;18;18;18;18;18;18;18;18;18;18;18;18;18;18;18
"494";2;4;4;4;4;13;13;16;19;19;19;24;24;24;24;24;24;36;36;36;36;36;36;36
"495";2;5;6;8;10;10;10;10;10;10;10;10;10;10;31;31;31;31;31;31;31;31;31;31
"496";2;5;6;8;11;11;15;15;15;21;21;21;21;21;21;32;32;32;38;38;43;43;43;43
"497";2;5;7;7;7;7;7;7;7;7;7;7;7;7;7;7;7;7;7;7;7;7;7;7
"498";2;4;4;4;4;13;13;16;18;18;18;18;18;18;18;18;18;18;18;18;18;18;18;18
"499";2;5;6;8;10;10;10;10;10;10;10;10;10;10;30;30;30;30;30;30;30;30;47;47
"500";2;4;4;4;4;13;13;16;19;19;19;25;25;25;25;25;25;25;25;25;25;25;25;25
"501";2;4;4;4;4;13;13;17;17;17;17;17;17;17;17;17;17;17;17;17;17;17;17;17
"502";2;4;4;4;4;13;13;16;19;19;19;24;24;24;24;24;24;37;37;37;37;37;37;37
"503";3;3;3;3;3;3;3;3;3;3;3;3;3;3;3;3;3;3;3;3;3;3;3;3
"504";2;5;6;8;11;11;15;15;15;20;20;20;20;20;20;20;20;20;20;20;20;20;20;20
"505";2;4;4;4;4;12;12;12;12;12;12;12;26;28;28;28;28;28;28;28;28;28;28;28
"506";2;4;4;4;4;13;13;16;18;18;18;18;18;18;18;18;18;18;18;18;18;18;18;18
"507";2;5;6;9;9;9;9;9;9;9;22;22;22;22;22;22;35;35;35;40;40;44;44;44
"508";2;5;6;8;11;11;15;15;15;21;21;21;21;21;21;32;32;32;38;38;42;42;42;42
"509";2;5;6;9;9;9;9;9;9;9;22;22;22;22;22;22;35;35;35;40;40;44;44;44
"510";2;4;4;4;4;13;13;16;18;18;18;18;18;18;18;18;18;18;18;18;18;18;18;18
"511";2;4;4;4;4;13;13;16;19;19;19;24;24;24;24;24;24;37;37;37;37;37;37;37
"512";2;4;4;4;4;13;13;16;19;19;19;24;24;24;24;24;24;36;36;36;36;36;36;36
"513";2;5;6;9;9;9;9;9;9;9;23;23;23;23;23;23;23;23;23;23;23;23;23;23
"514";2;5;6;8;11;11;14;14;14;14;14;14;14;14;14;14;14;14;14;14;14;14;14;49
"515";2;5;6;8;10;10;10;10;10;10;10;10;10;10;30;30;30;30;30;30;30;30;47;47
"516";2;5;6;8;11;11;15;15;15;21;21;21;21;21;21;32;32;32;38;38;43;43;43;43
"517";2;5;6;8;11;11;15;15;15;20;20;20;20;20;20;20;20;20;20;20;20;20;20;20
"518";2;5;6;8;11;11;15;15;15;20;20;20;20;20;20;20;20;20;20;20;20;20;20;20
"519";2;5;6;8;11;11;14;14;14;14;14;14;14;14;14;14;14;14;14;14;14;14;14;49
"520";2;4;4;4;4;13;13;16;19;19;19;24;24;24;24;24;24;36;36;36;36;36;36;36
"521";2;5;6;8;11;11;15;15;15;21;21;21;21;21;21;32;32;32;38;38;42;42;42;42
"522";2;5;6;8;11;11;14;14;14;14;14;14;14;14;14;14;14;14;14;14;14;14;14;49
"523";2;5;6;8;11;11;15;15;15;21;21;21;21;21;21;32;32;32;38;38;42;42;42;42
"524";2;5;6;9;9;9;9;9;9;9;22;22;22;22;22;22;35;35;35;40;40;45;45;45
"525";2;5;6;9;9;9;9;9;9;9;22;22;22;22;22;22;35;35;35;41;41;41;41;41
"526";2;5;6;9;9;9;9;9;9;9;22;22;22;22;22;22;35;35;35;40;40;44;44;44
"527";2;5;7;7;7;7;7;7;7;7;7;7;7;7;7;7;7;7;7;7;7;7;7;7
"528";2;5;6;8;11;11;14;14;14;14;14;14;14;14;14;14;14;14;14;14;14;14;14;48
"529";2;5;6;9;9;9;9;9;9;9;23;23;23;23;23;23;23;23;23;23;23;23;23;23
"530";2;5;7;7;7;7;7;7;7;7;7;7;7;7;7;7;7;7;7;7;7;7;7;7
"531";2;5;6;8;11;11;14;14;14;14;14;14;14;14;14;14;14;14;14;14;14;14;14;48
"532";2;5;6;9;9;9;9;9;9;9;22;22;22;22;22;22;35;35;35;40;40;45;45;45
"533";2;5;6;8;11;11;14;14;14;14;14;14;14;14;14;14;14;14;14;14;14;14;14;48
"534";2;5;7;7;7;7;7;7;7;7;7;7;7;7;7;7;7;7;7;7;7;7;7;7
"535";2;5;6;9;9;9;9;9;9;9;22;22;22;22;22;22;34;34;34;34;34;34;34;34
"536";2;5;7;7;7;7;7;7;7;7;7;7;7;7;7;7;7;7;7;7;7;7;7;7
"537";2;5;6;9;9;9;9;9;9;9;22;22;22;22;22;22;35;35;35;40;40;44;44;44
"538";2;4;4;4;4;12;12;12;12;12;12;12;26;28;28;28;28;28;28;28;28;28;28;28
"539";2;5;6;8;11;11;15;15;15;20;20;20;20;20;20;20;20;20;20;20;20;20;20;20
"540";2;5;6;8;11;11;14;14;14;14;14;14;14;14;14;14;14;14;14;14;14;14;14;48
"541";2;5;6;9;9;9;9;9;9;9;22;22;22;22;22;22;35;35;35;40;40;45;45;45
"542";2;4;4;4;4;13;13;16;18;18;18;18;18;18;18;18;18;18;18;18;18;18;18;18
"543";2;4;4;4;4;13;13;16;19;19;19;24;24;24;24;24;24;37;37;37;37;37;37;37
"544";2;4;4;4;4;13;13;16;19;19;19;24;24;24;24;24;24;37;37;37;37;37;37;37
"545";3;3;3;3;3;3;3;3;3;3;3;3;3;3;3;3;3;3;3;3;3;3;3;3
"546";2;4;4;4;4;13;13;16;18;18;18;18;18;18;18;18;18;18;18;18;18;18;18;18
"547";2;5;6;8;11;11;15;15;15;21;21;21;21;21;21;32;32;32;38;38;43;43;43;43
"548";2;4;4;4;4;12;12;12;12;12;12;12;26;28;28;28;28;28;28;28;28;28;28;28
"549";2;4;4;4;4;12;12;12;12;12;12;12;26;29;29;29;29;29;29;29;29;29;29;29
"550";2;5;6;8;11;11;15;15;15;20;20;20;20;20;20;20;20;20;20;20;20;20;20;20
"551";2;5;6;8;10;10;10;10;10;10;10;10;10;10;30;30;30;30;30;30;30;30;46;46
"552";2;4;4;4;4;13;13;16;19;19;19;24;24;24;24;24;24;36;36;36;36;36;36;36
"553";2;5;6;9;9;9;9;9;9;9;23;23;23;23;23;23;23;23;23;23;23;23;23;23
"554";2;5;6;8;11;11;14;14;14;14;14;14;14;14;14;14;14;14;14;14;14;14;14;48
"555";2;4;4;4;4;13;13;17;17;17;17;17;17;17;17;17;17;17;17;17;17;17;17;17
"556";2;4;4;4;4;13;13;17;17;17;17;17;17;17;17;17;17;17;17;17;17;17;17;17
"557";3;3;3;3;3;3;3;3;3;3;3;3;3;3;3;3;3;3;3;3;3;3;3;3
"558";2;5;6;8;10;10;10;10;10;10;10;10;10;10;30;30;30;30;30;30;30;30;47;47
"559";2;4;4;4;4;12;12;12;12;12;12;12;26;28;28;28;28;28;28;28;28;28;28;28
"560";2;4;4;4;4;12;12;12;12;12;12;12;26;28;28;28;28;28;28;28;28;28;28;28
"561";2;4;4;4;4;13;13;16;18;18;18;18;18;18;18;18;18;18;18;18;18;18;18;18
"562";2;5;7;7;7;7;7;7;7;7;7;7;7;7;7;7;7;7;7;7;7;7;7;7
"563";2;5;6;8;11;11;15;15;15;21;21;21;21;21;21;32;32;32;38;38;42;42;42;42
"564";2;4;4;4;4;13;13;16;18;18;18;18;18;18;18;18;18;18;18;18;18;18;18;18
"565";2;5;6;8;11;11;14;14;14;14;14;14;14;14;14;14;14;14;14;14;14;14;14;49
"566";2;5;6;8;11;11;15;15;15;21;21;21;21;21;21;32;32;32;38;38;42;42;42;42
"567";2;5;6;8;10;10;10;10;10;10;10;10;10;10;30;30;30;30;30;30;30;30;46;46
"568";2;4;4;4;4;12;12;12;12;12;12;12;26;28;28;28;28;28;28;28;28;28;28;28
"569";2;4;4;4;4;12;12;12;12;12;12;12;26;28;28;28;28;28;28;28;28;28;28;28
"570";3;3;3;3;3;3;3;3;3;3;3;3;3;3;3;3;3;3;3;3;3;3;3;3
"571";2;4;4;4;4;13;13;16;19;19;19;24;24;24;24;24;24;36;36;36;36;36;36;36
"572";2;5;7;7;7;7;7;7;7;7;7;7;7;7;7;7;7;7;7;7;7;7;7;7
"573";2;5;6;8;11;11;15;15;15;20;20;20;20;20;20;20;20;20;20;20;20;20;20;20
"574";2;5;6;8;10;10;10;10;10;10;10;10;10;10;30;30;30;30;30;30;30;30;47;47
"575";2;4;4;4;4;13;13;17;17;17;17;17;17;17;17;17;17;17;17;17;17;17;17;17
"576";2;5;6;8;10;10;10;10;10;10;10;10;10;10;30;30;30;30;30;30;30;30;47;47
"577";2;5;6;9;9;9;9;9;9;9;23;23;23;23;23;23;23;23;23;23;23;23;23;23
"578";2;5;6;8;11;11;15;15;15;21;21;21;21;21;21;32;32;32;38;38;42;42;42;42
"579";2;4;4;4;4;13;13;16;18;18;18;18;18;18;18;18;18;18;18;18;18;18;18;18
"580";2;5;6;9;9;9;9;9;9;9;22;22;22;22;22;22;34;34;34;34;34;34;34;34
"581";2;5;6;8;11;11;15;15;15;21;21;21;21;21;21;32;32;32;38;38;43;43;43;43
"582";2;5;6;9;9;9;9;9;9;9;22;22;22;22;22;22;34;34;34;34;34;34;34;34
"583";2;5;6;8;11;11;15;15;15;20;20;20;20;20;20;20;20;20;20;20;20;20;20;20
"584";2;5;6;9;9;9;9;9;9;9;22;22;22;22;22;22;35;35;35;40;40;44;44;44
"585";2;5;6;8;11;11;15;15;15;21;21;21;21;21;21;32;32;32;38;38;42;42;42;42
"586";2;4;4;4;4;13;13;16;19;19;19;24;24;24;24;24;24;36;36;36;36;36;36;36
"587";2;5;6;8;11;11;15;15;15;21;21;21;21;21;21;32;32;32;38;38;43;43;43;43
"588";2;5;6;8;11;11;14;14;14;14;14;14;14;14;14;14;14;14;14;14;14;14;14;49
"589";2;5;6;8;11;11;14;14;14;14;14;14;14;14;14;14;14;14;14;14;14;14;14;48
"590";2;5;6;9;9;9;9;9;9;9;22;22;22;22;22;22;35;35;35;41;41;41;41;41
"591";2;4;4;4;4;13;13;16;19;19;19;24;24;24;24;24;24;37;37;37;37;37;37;37
"592";2;5;6;8;11;11;15;15;15;20;20;20;20;20;20;20;20;20;20;20;20;20;20;20
"593";2;5;7;7;7;7;7;7;7;7;7;7;7;7;7;7;7;7;7;7;7;7;7;7
"594";2;5;6;8;11;11;15;15;15;20;20;20;20;20;20;20;20;20;20;20;20;20;20;20
"595";2;5;6;8;11;11;15;15;15;21;21;21;21;21;21;32;32;32;38;38;43;43;43;43
"596";2;4;4;4;4;13;13;17;17;17;17;17;17;17;17;17;17;17;17;17;17;17;17;17
"597";2;5;6;8;11;11;14;14;14;14;14;14;14;14;14;14;14;14;14;14;14;14;14;48
"598";2;4;4;4;4;12;12;12;12;12;12;12;26;29;29;29;29;29;29;29;29;29;29;29
"599";2;4;4;4;4;13;13;16;18;18;18;18;18;18;18;18;18;18;18;18;18;18;18;18
"600";2;5;6;8;11;11;15;15;15;20;20;20;20;20;20;20;20;20;20;20;20;20;20;20
"601";2;4;4;4;4;13;13;16;18;18;18;18;18;18;18;18;18;18;18;18;18;18;18;18
"602";2;4;4;4;4;13;13;17;17;17;17;17;17;17;17;17;17;17;17;17;17;17;17;17
"603";2;5;6;8;10;10;10;10;10;10;10;10;10;10;30;30;30;30;30;30;30;30;47;47
"604";2;5;6;8;11;11;15;15;15;21;21;21;21;21;21;32;32;32;38;38;42;42;42;42
"605";2;4;4;4;4;13;13;16;18;18;18;18;18;18;18;18;18;18;18;18;18;18;18;18
"606";2;5;6;8;11;11;15;15;15;21;21;21;21;21;21;32;32;32;38;38;43;43;43;43
"607";2;4;4;4;4;13;13;16;19;19;19;25;25;25;25;25;25;25;25;25;25;25;25;25
"608";2;5;6;9;9;9;9;9;9;9;23;23;23;23;23;23;23;23;23;23;23;23;23;23
"609";2;4;4;4;4;12;12;12;12;12;12;12;26;28;28;28;28;28;28;28;28;28;28;28
"610";2;5;6;8;11;11;15;15;15;21;21;21;21;21;21;33;33;33;33;33;33;33;33;33
"611";2;5;6;8;11;11;14;14;14;14;14;14;14;14;14;14;14;14;14;14;14;14;14;49
"612";2;4;4;4;4;12;12;12;12;12;12;12;26;28;28;28;28;28;28;28;28;28;28;28
"613";2;5;6;9;9;9;9;9;9;9;23;23;23;23;23;23;23;23;23;23;23;23;23;23
"614";2;5;6;8;10;10;10;10;10;10;10;10;10;10;30;30;30;30;30;30;30;30;46;46
"615";2;4;4;4;4;13;13;17;17;17;17;17;17;17;17;17;17;17;17;17;17;17;17;17
"616";2;5;6;9;9;9;9;9;9;9;22;22;22;22;22;22;35;35;35;40;40;45;45;45
"617";2;4;4;4;4;13;13;16;19;19;19;24;24;24;24;24;24;36;36;36;36;36;36;36
"618";2;4;4;4;4;13;13;16;19;19;19;24;24;24;24;24;24;37;37;37;37;37;37;37
"619";2;5;6;9;9;9;9;9;9;9;22;22;22;22;22;22;35;35;35;40;40;45;45;45
"620";2;5;6;8;11;11;15;15;15;21;21;21;21;21;21;32;32;32;38;38;43;43;43;43
"621";2;5;6;8;10;10;10;10;10;10;10;10;10;10;31;31;31;31;31;31;31;31;31;31
"622";2;5;6;8;11;11;15;15;15;21;21;21;21;21;21;33;33;33;33;33;33;33;33;33
"623";2;4;4;4;4;13;13;16;19;19;19;24;24;24;24;24;24;36;36;36;36;36;36;36
"624";2;5;6;8;11;11;14;14;14;14;14;14;14;14;14;14;14;14;14;14;14;14;14;49
"625";2;5;6;8;11;11;15;15;15;20;20;20;20;20;20;20;20;20;20;20;20;20;20;20
"626";2;4;4;4;4;12;12;12;12;12;12;12;26;28;28;28;28;28;28;28;28;28;28;28
"627";2;4;4;4;4;13;13;16;19;19;19;24;24;24;24;24;24;37;37;37;37;37;37;37
"628";2;5;6;8;10;10;10;10;10;10;10;10;10;10;31;31;31;31;31;31;31;31;31;31
"629";2;4;4;4;4;12;12;12;12;12;12;12;26;28;28;28;28;28;28;28;28;28;28;28
"630";2;5;6;8;11;11;15;15;15;21;21;21;21;21;21;32;32;32;38;38;43;43;43;43
"631";2;5;6;8;11;11;15;15;15;21;21;21;21;21;21;32;32;32;38;38;42;42;42;42
"632";2;5;6;8;11;11;14;14;14;14;14;14;14;14;14;14;14;14;14;14;14;14;14;49
"633";2;5;6;8;11;11;15;15;15;21;21;21;21;21;21;32;32;32;38;38;43;43;43;43
"634";2;4;4;4;4;13;13;17;17;17;17;17;17;17;17;17;17;17;17;17;17;17;17;17
"635";2;4;4;4;4;13;13;17;17;17;17;17;17;17;17;17;17;17;17;17;17;17;17;17
"636";2;4;4;4;4;13;13;16;18;18;18;18;18;18;18;18;18;18;18;18;18;18;18;18
"637";3;3;3;3;3;3;3;3;3;3;3;3;3;3;3;3;3;3;3;3;3;3;3;3
"638";2;5;6;9;9;9;9;9;9;9;23;23;23;23;23;23;23;23;23;23;23;23;23;23
"639";2;4;4;4;4;12;12;12;12;12;12;12;26;29;29;29;29;29;29;29;29;29;29;29
"640";2;5;6;8;10;10;10;10;10;10;10;10;10;10;30;30;30;30;30;30;30;30;46;46
"641";2;4;4;4;4;12;12;12;12;12;12;12;26;29;29;29;29;29;29;29;29;29;29;29
"642";2;5;6;8;11;11;15;15;15;20;20;20;20;20;20;20;20;20;20;20;20;20;20;20
"643";2;5;6;9;9;9;9;9;9;9;22;22;22;22;22;22;35;35;35;40;40;44;44;44
"644";2;5;6;9;9;9;9;9;9;9;22;22;22;22;22;22;35;35;35;40;40;45;45;45
"645";2;5;6;8;10;10;10;10;10;10;10;10;10;10;30;30;30;30;30;30;30;30;47;47
"646";3;3;3;3;3;3;3;3;3;3;3;3;3;3;3;3;3;3;3;3;3;3;3;3
"647";2;4;4;4;4;13;13;16;18;18;18;18;18;18;18;18;18;18;18;18;18;18;18;18
"648";2;5;6;8;10;10;10;10;10;10;10;10;10;10;31;31;31;31;31;31;31;31;31;31
"649";2;4;4;4;4;13;13;16;19;19;19;24;24;24;24;24;24;36;36;36;36;36;36;36
"650";2;5;6;8;10;10;10;10;10;10;10;10;10;10;30;30;30;30;30;30;30;30;46;46
"651";2;4;4;4;4;12;12;12;12;12;12;12;26;28;28;28;28;28;28;28;28;28;28;28
"652";2;5;6;8;11;11;15;15;15;21;21;21;21;21;21;32;32;32;38;38;43;43;43;43
"653";2;4;4;4;4;12;12;12;12;12;12;12;26;28;28;28;28;28;28;28;28;28;28;28
"654";2;4;4;4;4;13;13;16;18;18;18;18;18;18;18;18;18;18;18;18;18;18;18;18
"655";2;5;6;8;11;11;15;15;15;20;20;20;20;20;20;20;20;20;20;20;20;20;20;20
"656";2;5;6;8;11;11;15;15;15;20;20;20;20;20;20;20;20;20;20;20;20;20;20;20
"657";2;4;4;4;4;13;13;16;19;19;19;24;24;24;24;24;24;36;36;36;36;36;36;36
"658";2;5;6;8;10;10;10;10;10;10;10;10;10;10;30;30;30;30;30;30;30;30;47;47
"659";3;3;3;3;3;3;3;3;3;3;3;3;3;3;3;3;3;3;3;3;3;3;3;3
"660";2;4;4;4;4;12;12;12;12;12;12;12;26;29;29;29;29;29;29;29;29;29;29;29
"661";2;5;7;7;7;7;7;7;7;7;7;7;7;7;7;7;7;7;7;7;7;7;7;7
"662";2;4;4;4;4;12;12;12;12;12;12;12;26;29;29;29;29;29;29;29;29;29;29;29
"663";2;5;6;9;9;9;9;9;9;9;23;23;23;23;23;23;23;23;23;23;23;23;23;23
"664";2;4;4;4;4;13;13;16;18;18;18;18;18;18;18;18;18;18;18;18;18;18;18;18
"665";2;5;6;8;11;11;15;15;15;20;20;20;20;20;20;20;20;20;20;20;20;20;20;20
"666";2;5;7;7;7;7;7;7;7;7;7;7;7;7;7;7;7;7;7;7;7;7;7;7
"667";2;4;4;4;4;13;13;16;19;19;19;24;24;24;24;24;24;36;36;36;36;36;36;36
"668";2;5;6;8;11;11;14;14;14;14;14;14;14;14;14;14;14;14;14;14;14;14;14;49
"669";2;4;4;4;4;12;12;12;12;12;12;12;27;27;27;27;27;27;27;27;27;27;27;27
"670";2;5;6;9;9;9;9;9;9;9;22;22;22;22;22;22;35;35;35;40;40;44;44;44
"671";2;5;6;8;10;10;10;10;10;10;10;10;10;10;31;31;31;31;31;31;31;31;31;31
"672";2;5;6;9;9;9;9;9;9;9;22;22;22;22;22;22;35;35;35;40;40;45;45;45
"673";2;5;6;8;11;11;15;15;15;21;21;21;21;21;21;32;32;32;38;38;43;43;43;43
"674";2;4;4;4;4;13;13;17;17;17;17;17;17;17;17;17;17;17;17;17;17;17;17;17
"675";2;4;4;4;4;13;13;16;19;19;19;24;24;24;24;24;24;36;36;36;36;36;36;36
"676";2;5;7;7;7;7;7;7;7;7;7;7;7;7;7;7;7;7;7;7;7;7;7;7
"677";2;5;6;8;11;11;15;15;15;21;21;21;21;21;21;32;32;32;38;38;42;42;42;42
"678";2;5;6;8;10;10;10;10;10;10;10;10;10;10;31;31;31;31;31;31;31;31;31;31
"679";2;5;6;8;11;11;15;15;15;21;21;21;21;21;21;32;32;32;38;38;43;43;43;43
"680";2;5;6;8;11;11;15;15;15;21;21;21;21;21;21;32;32;32;38;38;43;43;43;43
"681";2;4;4;4;4;12;12;12;12;12;12;12;26;28;28;28;28;28;28;28;28;28;28;28
"682";2;4;4;4;4;13;13;16;19;19;19;24;24;24;24;24;24;36;36;36;36;36;36;36
"683";2;4;4;4;4;12;12;12;12;12;12;12;26;29;29;29;29;29;29;29;29;29;29;29
"684";2;5;7;7;7;7;7;7;7;7;7;7;7;7;7;7;7;7;7;7;7;7;7;7
"685";2;5;6;8;11;11;15;15;15;21;21;21;21;21;21;32;32;32;38;38;43;43;43;43
"686";2;5;6;8;11;11;14;14;14;14;14;14;14;14;14;14;14;14;14;14;14;14;14;48
"687";2;5;6;8;11;11;15;15;15;21;21;21;21;21;21;32;32;32;38;38;42;42;42;42
"688";2;5;6;8;11;11;15;15;15;21;21;21;21;21;21;32;32;32;38;38;43;43;43;43
"689";2;5;6;9;9;9;9;9;9;9;23;23;23;23;23;23;23;23;23;23;23;23;23;23
"690";2;4;4;4;4;13;13;16;19;19;19;24;24;24;24;24;24;36;36;36;36;36;36;36
"691";2;4;4;4;4;12;12;12;12;12;12;12;26;28;28;28;28;28;28;28;28;28;28;28
"692";2;5;6;8;11;11;14;14;14;14;14;14;14;14;14;14;14;14;14;14;14;14;14;49
"693";2;5;6;8;10;10;10;10;10;10;10;10;10;10;31;31;31;31;31;31;31;31;31;31
"694";2;4;4;4;4;13;13;17;17;17;17;17;17;17;17;17;17;17;17;17;17;17;17;17
"695";2;4;4;4;4;12;12;12;12;12;12;12;26;28;28;28;28;28;28;28;28;28;28;28
"696";2;5;6;8;11;11;15;15;15;21;21;21;21;21;21;32;32;32;38;38;42;42;42;42
"697";2;4;4;4;4;13;13;17;17;17;17;17;17;17;17;17;17;17;17;17;17;17;17;17
"698";2;5;6;8;11;11;15;15;15;21;21;21;21;21;21;32;32;32;38;38;43;43;43;43
"699";2;5;6;9;9;9;9;9;9;9;22;22;22;22;22;22;34;34;34;34;34;34;34;34
"700";2;5;6;8;11;11;15;15;15;20;20;20;20;20;20;20;20;20;20;20;20;20;20;20
"701";2;4;4;4;4;12;12;12;12;12;12;12;26;29;29;29;29;29;29;29;29;29;29;29
"702";2;4;4;4;4;13;13;16;19;19;19;24;24;24;24;24;24;37;37;37;37;37;37;37
"703";2;5;6;8;11;11;15;15;15;21;21;21;21;21;21;32;32;32;39;39;39;39;39;39
"704";2;5;6;9;9;9;9;9;9;9;22;22;22;22;22;22;34;34;34;34;34;34;34;34
"705";2;4;4;4;4;13;13;16;19;19;19;25;25;25;25;25;25;25;25;25;25;25;25;25
"706";2;5;6;8;11;11;14;14;14;14;14;14;14;14;14;14;14;14;14;14;14;14;14;49
"707";2;5;6;8;11;11;15;15;15;21;21;21;21;21;21;32;32;32;38;38;43;43;43;43
"708";2;4;4;4;4;12;12;12;12;12;12;12;26;29;29;29;29;29;29;29;29;29;29;29
"709";2;4;4;4;4;13;13;16;19;19;19;24;24;24;24;24;24;37;37;37;37;37;37;37
"710";2;5;6;9;9;9;9;9;9;9;22;22;22;22;22;22;35;35;35;40;40;44;44;44
"711";2;4;4;4;4;13;13;16;19;19;19;24;24;24;24;24;24;36;36;36;36;36;36;36
"712";2;4;4;4;4;12;12;12;12;12;12;12;26;29;29;29;29;29;29;29;29;29;29;29
"713";2;5;6;9;9;9;9;9;9;9;22;22;22;22;22;22;35;35;35;41;41;41;41;41
"714";2;4;4;4;4;13;13;16;19;19;19;25;25;25;25;25;25;25;25;25;25;25;25;25
"715";2;5;6;8;10;10;10;10;10;10;10;10;10;10;31;31;31;31;31;31;31;31;31;31
"716";2;5;6;8;10;10;10;10;10;10;10;10;10;10;30;30;30;30;30;30;30;30;47;47
"717";2;4;4;4;4;13;13;16;18;18;18;18;18;18;18;18;18;18;18;18;18;18;18;18
"718";2;4;4;4;4;13;13;16;18;18;18;18;18;18;18;18;18;18;18;18;18;18;18;18
"719";2;5;6;8;10;10;10;10;10;10;10;10;10;10;30;30;30;30;30;30;30;30;46;46
"720";2;5;6;8;11;11;15;15;15;21;21;21;21;21;21;32;32;32;38;38;42;42;42;42
"721";2;5;6;8;11;11;14;14;14;14;14;14;14;14;14;14;14;14;14;14;14;14;14;48
"722";2;5;6;8;11;11;14;14;14;14;14;14;14;14;14;14;14;14;14;14;14;14;14;49
"723";2;4;4;4;4;12;12;12;12;12;12;12;26;29;29;29;29;29;29;29;29;29;29;29
"724";2;5;6;9;9;9;9;9;9;9;22;22;22;22;22;22;35;35;35;40;40;44;44;44
"725";3;3;3;3;3;3;3;3;3;3;3;3;3;3;3;3;3;3;3;3;3;3;3;3
"726";2;4;4;4;4;13;13;16;19;19;19;24;24;24;24;24;24;36;36;36;36;36;36;36
"727";2;5;6;8;11;11;15;15;15;20;20;20;20;20;20;20;20;20;20;20;20;20;20;20
"728";2;4;4;4;4;13;13;16;19;19;19;25;25;25;25;25;25;25;25;25;25;25;25;25
"729";2;5;6;9;9;9;9;9;9;9;22;22;22;22;22;22;35;35;35;40;40;44;44;44
"730";2;4;4;4;4;13;13;17;17;17;17;17;17;17;17;17;17;17;17;17;17;17;17;17
"731";2;5;6;8;11;11;15;15;15;21;21;21;21;21;21;32;32;32;38;38;43;43;43;43
"732";2;4;4;4;4;13;13;16;18;18;18;18;18;18;18;18;18;18;18;18;18;18;18;18
"733";2;5;7;7;7;7;7;7;7;7;7;7;7;7;7;7;7;7;7;7;7;7;7;7
"734";2;5;6;8;11;11;15;15;15;21;21;21;21;21;21;32;32;32;38;38;43;43;43;43
"735";2;4;4;4;4;13;13;16;19;19;19;24;24;24;24;24;24;37;37;37;37;37;37;37
"736";2;4;4;4;4;12;12;12;12;12;12;12;26;28;28;28;28;28;28;28;28;28;28;28
"737";2;5;6;8;10;10;10;10;10;10;10;10;10;10;30;30;30;30;30;30;30;30;47;47
"738";2;4;4;4;4;12;12;12;12;12;12;12;26;28;28;28;28;28;28;28;28;28;28;28
"739";2;4;4;4;4;12;12;12;12;12;12;12;26;29;29;29;29;29;29;29;29;29;29;29
"740";3;3;3;3;3;3;3;3;3;3;3;3;3;3;3;3;3;3;3;3;3;3;3;3
"741";2;5;7;7;7;7;7;7;7;7;7;7;7;7;7;7;7;7;7;7;7;7;7;7
"742";2;4;4;4;4;12;12;12;12;12;12;12;26;29;29;29;29;29;29;29;29;29;29;29
"743";2;4;4;4;4;13;13;16;18;18;18;18;18;18;18;18;18;18;18;18;18;18;18;18
"744";2;5;6;8;11;11;15;15;15;20;20;20;20;20;20;20;20;20;20;20;20;20;20;20
"745";2;5;6;8;11;11;15;15;15;20;20;20;20;20;20;20;20;20;20;20;20;20;20;20
"746";2;5;6;8;11;11;14;14;14;14;14;14;14;14;14;14;14;14;14;14;14;14;14;49
"747";2;5;6;8;11;11;15;15;15;21;21;21;21;21;21;32;32;32;38;38;43;43;43;43
"748";2;5;6;8;11;11;15;15;15;21;21;21;21;21;21;32;32;32;38;38;42;42;42;42
"749";2;4;4;4;4;12;12;12;12;12;12;12;26;29;29;29;29;29;29;29;29;29;29;29
"750";2;4;4;4;4;13;13;17;17;17;17;17;17;17;17;17;17;17;17;17;17;17;17;17
"751";2;5;6;9;9;9;9;9;9;9;22;22;22;22;22;22;35;35;35;40;40;45;45;45
"752";2;5;6;8;10;10;10;10;10;10;10;10;10;10;30;30;30;30;30;30;30;30;46;46
"753";2;5;6;9;9;9;9;9;9;9;22;22;22;22;22;22;35;35;35;40;40;45;45;45
"754";2;5;6;8;10;10;10;10;10;10;10;10;10;10;31;31;31;31;31;31;31;31;31;31
"755";2;5;6;8;10;10;10;10;10;10;10;10;10;10;30;30;30;30;30;30;30;30;46;46
"756";2;4;4;4;4;12;12;12;12;12;12;12;26;29;29;29;29;29;29;29;29;29;29;29
"757";2;5;6;8;11;11;15;15;15;20;20;20;20;20;20;20;20;20;20;20;20;20;20;20
"758";2;4;4;4;4;13;13;16;19;19;19;24;24;24;24;24;24;36;36;36;36;36;36;36
"759";2;4;4;4;4;13;13;16;19;19;19;24;24;24;24;24;24;36;36;36;36;36;36;36
"760";2;5;6;9;9;9;9;9;9;9;22;22;22;22;22;22;35;35;35;40;40;44;44;44
"761";2;4;4;4;4;12;12;12;12;12;12;12;26;29;29;29;29;29;29;29;29;29;29;29
"762";2;5;7;7;7;7;7;7;7;7;7;7;7;7;7;7;7;7;7;7;7;7;7;7
"763";2;4;4;4;4;13;13;16;19;19;19;25;25;25;25;25;25;25;25;25;25;25;25;25
"764";2;4;4;4;4;12;12;12;12;12;12;12;26;28;28;28;28;28;28;28;28;28;28;28
"765";2;4;4;4;4;12;12;12;12;12;12;12;27;27;27;27;27;27;27;27;27;27;27;27
"766";2;5;6;8;10;10;10;10;10;10;10;10;10;10;30;30;30;30;30;30;30;30;47;47
"767";2;4;4;4;4;12;12;12;12;12;12;12;26;29;29;29;29;29;29;29;29;29;29;29
"768";2;5;6;8;10;10;10;10;10;10;10;10;10;10;30;30;30;30;30;30;30;30;47;47
"769";2;4;4;4;4;13;13;16;19;19;19;25;25;25;25;25;25;25;25;25;25;25;25;25
"770";2;5;6;8;10;10;10;10;10;10;10;10;10;10;30;30;30;30;30;30;30;30;47;47
"771";2;4;4;4;4;13;13;16;19;19;19;24;24;24;24;24;24;37;37;37;37;37;37;37
"772";2;5;6;8;11;11;15;15;15;20;20;20;20;20;20;20;20;20;20;20;20;20;20;20
"773";2;5;6;8;11;11;15;15;15;21;21;21;21;21;21;32;32;32;39;39;39;39;39;39
"774";2;4;4;4;4;12;12;12;12;12;12;12;26;29;29;29;29;29;29;29;29;29;29;29
"775";2;5;6;8;10;10;10;10;10;10;10;10;10;10;31;31;31;31;31;31;31;31;31;31
"776";2;5;7;7;7;7;7;7;7;7;7;7;7;7;7;7;7;7;7;7;7;7;7;7
"777";2;4;4;4;4;13;13;16;19;19;19;25;25;25;25;25;25;25;25;25;25;25;25;25
"778";2;5;6;8;11;11;15;15;15;21;21;21;21;21;21;32;32;32;38;38;43;43;43;43
"779";2;4;4;4;4;13;13;17;17;17;17;17;17;17;17;17;17;17;17;17;17;17;17;17
"780";2;5;7;7;7;7;7;7;7;7;7;7;7;7;7;7;7;7;7;7;7;7;7;7
"781";2;5;6;8;11;11;14;14;14;14;14;14;14;14;14;14;14;14;14;14;14;14;14;49
"782";2;4;4;4;4;12;12;12;12;12;12;12;26;29;29;29;29;29;29;29;29;29;29;29
"783";2;5;6;8;10;10;10;10;10;10;10;10;10;10;30;30;30;30;30;30;30;30;47;47
"784";2;5;6;8;10;10;10;10;10;10;10;10;10;10;30;30;30;30;30;30;30;30;46;46
"785";2;4;4;4;4;13;13;17;17;17;17;17;17;17;17;17;17;17;17;17;17;17;17;17
"786";2;5;6;8;10;10;10;10;10;10;10;10;10;10;31;31;31;31;31;31;31;31;31;31
"787";2;5;6;8;11;11;14;14;14;14;14;14;14;14;14;14;14;14;14;14;14;14;14;49
"788";2;5;7;7;7;7;7;7;7;7;7;7;7;7;7;7;7;7;7;7;7;7;7;7
"789";2;5;6;9;9;9;9;9;9;9;22;22;22;22;22;22;35;35;35;40;40;44;44;44
"790";2;5;6;8;11;11;15;15;15;21;21;21;21;21;21;32;32;32;38;38;43;43;43;43
"791";2;5;6;9;9;9;9;9;9;9;22;22;22;22;22;22;35;35;35;41;41;41;41;41
"792";2;5;6;8;10;10;10;10;10;10;10;10;10;10;31;31;31;31;31;31;31;31;31;31
"793";2;5;6;9;9;9;9;9;9;9;23;23;23;23;23;23;23;23;23;23;23;23;23;23
"794";2;4;4;4;4;13;13;16;19;19;19;24;24;24;24;24;24;36;36;36;36;36;36;36
"795";2;5;6;8;10;10;10;10;10;10;10;10;10;10;31;31;31;31;31;31;31;31;31;31
"796";3;3;3;3;3;3;3;3;3;3;3;3;3;3;3;3;3;3;3;3;3;3;3;3
"797";2;4;4;4;4;12;12;12;12;12;12;12;26;29;29;29;29;29;29;29;29;29;29;29
"798";2;4;4;4;4;13;13;17;17;17;17;17;17;17;17;17;17;17;17;17;17;17;17;17
"799";2;5;7;7;7;7;7;7;7;7;7;7;7;7;7;7;7;7;7;7;7;7;7;7
"800";2;5;6;8;10;10;10;10;10;10;10;10;10;10;31;31;31;31;31;31;31;31;31;31
"801";2;5;6;8;11;11;14;14;14;14;14;14;14;14;14;14;14;14;14;14;14;14;14;48
"802";2;4;4;4;4;13;13;16;19;19;19;24;24;24;24;24;24;36;36;36;36;36;36;36
"803";2;4;4;4;4;13;13;16;18;18;18;18;18;18;18;18;18;18;18;18;18;18;18;18
"804";2;5;6;9;9;9;9;9;9;9;22;22;22;22;22;22;35;35;35;40;40;44;44;44
"805";2;4;4;4;4;13;13;16;19;19;19;24;24;24;24;24;24;36;36;36;36;36;36;36
"806";2;5;6;8;11;11;15;15;15;21;21;21;21;21;21;32;32;32;38;38;43;43;43;43
"807";2;5;6;9;9;9;9;9;9;9;22;22;22;22;22;22;35;35;35;41;41;41;41;41
"808";2;5;6;8;10;10;10;10;10;10;10;10;10;10;30;30;30;30;30;30;30;30;46;46
"809";2;5;7;7;7;7;7;7;7;7;7;7;7;7;7;7;7;7;7;7;7;7;7;7
"810";2;5;6;8;10;10;10;10;10;10;10;10;10;10;30;30;30;30;30;30;30;30;47;47
"811";2;5;6;8;11;11;15;15;15;21;21;21;21;21;21;32;32;32;38;38;43;43;43;43
"812";2;4;4;4;4;13;13;16;18;18;18;18;18;18;18;18;18;18;18;18;18;18;18;18
"813";2;4;4;4;4;13;13;16;19;19;19;24;24;24;24;24;24;37;37;37;37;37;37;37
"814";2;5;6;8;10;10;10;10;10;10;10;10;10;10;30;30;30;30;30;30;30;30;47;47
"815";2;4;4;4;4;13;13;17;17;17;17;17;17;17;17;17;17;17;17;17;17;17;17;17
"816";2;5;6;8;10;10;10;10;10;10;10;10;10;10;30;30;30;30;30;30;30;30;47;47
"817";2;5;6;9;9;9;9;9;9;9;22;22;22;22;22;22;35;35;35;40;40;44;44;44
"818";2;5;6;8;11;11;14;14;14;14;14;14;14;14;14;14;14;14;14;14;14;14;14;48
"819";2;4;4;4;4;12;12;12;12;12;12;12;26;28;28;28;28;28;28;28;28;28;28;28
"820";2;4;4;4;4;12;12;12;12;12;12;12;26;28;28;28;28;28;28;28;28;28;28;28
"821";2;5;6;8;10;10;10;10;10;10;10;10;10;10;31;31;31;31;31;31;31;31;31;31
"822";2;5;6;8;11;11;14;14;14;14;14;14;14;14;14;14;14;14;14;14;14;14;14;49
"823";2;5;6;8;10;10;10;10;10;10;10;10;10;10;30;30;30;30;30;30;30;30;47;47
"824";2;5;6;8;11;11;14;14;14;14;14;14;14;14;14;14;14;14;14;14;14;14;14;49
"825";2;5;7;7;7;7;7;7;7;7;7;7;7;7;7;7;7;7;7;7;7;7;7;7
"826";2;4;4;4;4;13;13;17;17;17;17;17;17;17;17;17;17;17;17;17;17;17;17;17
"827";2;4;4;4;4;12;12;12;12;12;12;12;26;29;29;29;29;29;29;29;29;29;29;29
"828";2;4;4;4;4;13;13;16;18;18;18;18;18;18;18;18;18;18;18;18;18;18;18;18
"829";2;4;4;4;4;13;13;16;19;19;19;25;25;25;25;25;25;25;25;25;25;25;25;25
"830";2;5;6;8;11;11;14;14;14;14;14;14;14;14;14;14;14;14;14;14;14;14;14;48
"831";2;4;4;4;4;13;13;16;19;19;19;24;24;24;24;24;24;37;37;37;37;37;37;37
"832";2;5;7;7;7;7;7;7;7;7;7;7;7;7;7;7;7;7;7;7;7;7;7;7
"833";2;5;6;8;11;11;15;15;15;21;21;21;21;21;21;32;32;32;38;38;42;42;42;42
"834";2;4;4;4;4;13;13;16;19;19;19;24;24;24;24;24;24;37;37;37;37;37;37;37
"835";2;5;6;9;9;9;9;9;9;9;23;23;23;23;23;23;23;23;23;23;23;23;23;23
"836";2;4;4;4;4;13;13;17;17;17;17;17;17;17;17;17;17;17;17;17;17;17;17;17
"837";2;5;6;8;11;11;15;15;15;21;21;21;21;21;21;32;32;32;38;38;42;42;42;42
"838";2;4;4;4;4;12;12;12;12;12;12;12;27;27;27;27;27;27;27;27;27;27;27;27
"839";2;5;6;8;11;11;15;15;15;21;21;21;21;21;21;33;33;33;33;33;33;33;33;33
"840";2;4;4;4;4;13;13;16;19;19;19;24;24;24;24;24;24;37;37;37;37;37;37;37
"841";2;4;4;4;4;13;13;16;19;19;19;24;24;24;24;24;24;37;37;37;37;37;37;37
"842";2;5;6;8;11;11;15;15;15;21;21;21;21;21;21;32;32;32;38;38;43;43;43;43
"843";2;4;4;4;4;12;12;12;12;12;12;12;27;27;27;27;27;27;27;27;27;27;27;27
"844";2;4;4;4;4;13;13;17;17;17;17;17;17;17;17;17;17;17;17;17;17;17;17;17
"845";2;5;6;9;9;9;9;9;9;9;22;22;22;22;22;22;35;35;35;40;40;45;45;45
"846";2;5;6;8;11;11;15;15;15;21;21;21;21;21;21;32;32;32;38;38;42;42;42;42
"847";2;5;7;7;7;7;7;7;7;7;7;7;7;7;7;7;7;7;7;7;7;7;7;7
"848";2;4;4;4;4;12;12;12;12;12;12;12;26;29;29;29;29;29;29;29;29;29;29;29
"849";2;5;6;8;11;11;15;15;15;20;20;20;20;20;20;20;20;20;20;20;20;20;20;20
"850";2;5;6;8;11;11;15;15;15;20;20;20;20;20;20;20;20;20;20;20;20;20;20;20
"851";2;5;7;7;7;7;7;7;7;7;7;7;7;7;7;7;7;7;7;7;7;7;7;7
"852";2;5;6;9;9;9;9;9;9;9;22;22;22;22;22;22;35;35;35;40;40;45;45;45
"853";2;4;4;4;4;13;13;16;19;19;19;25;25;25;25;25;25;25;25;25;25;25;25;25
"854";2;4;4;4;4;12;12;12;12;12;12;12;26;28;28;28;28;28;28;28;28;28;28;28
"855";2;5;6;9;9;9;9;9;9;9;22;22;22;22;22;22;34;34;34;34;34;34;34;34
"856";2;5;6;8;11;11;15;15;15;20;20;20;20;20;20;20;20;20;20;20;20;20;20;20
"857";2;5;6;8;10;10;10;10;10;10;10;10;10;10;30;30;30;30;30;30;30;30;47;47
"858";2;4;4;4;4;13;13;16;19;19;19;25;25;25;25;25;25;25;25;25;25;25;25;25
"859";2;4;4;4;4;12;12;12;12;12;12;12;26;29;29;29;29;29;29;29;29;29;29;29
"860";2;4;4;4;4;13;13;16;18;18;18;18;18;18;18;18;18;18;18;18;18;18;18;18
"861";2;4;4;4;4;13;13;16;19;19;19;25;25;25;25;25;25;25;25;25;25;25;25;25
"862";2;4;4;4;4;13;13;16;18;18;18;18;18;18;18;18;18;18;18;18;18;18;18;18
"863";2;5;7;7;7;7;7;7;7;7;7;7;7;7;7;7;7;7;7;7;7;7;7;7
"864";2;4;4;4;4;13;13;17;17;17;17;17;17;17;17;17;17;17;17;17;17;17;17;17
"865";2;4;4;4;4;13;13;17;17;17;17;17;17;17;17;17;17;17;17;17;17;17;17;17
"866";2;4;4;4;4;12;12;12;12;12;12;12;26;28;28;28;28;28;28;28;28;28;28;28
"867";2;4;4;4;4;12;12;12;12;12;12;12;26;29;29;29;29;29;29;29;29;29;29;29
"868";2;5;6;9;9;9;9;9;9;9;22;22;22;22;22;22;35;35;35;41;41;41;41;41
"869";2;5;6;8;10;10;10;10;10;10;10;10;10;10;30;30;30;30;30;30;30;30;46;46
"870";2;5;6;8;11;11;15;15;15;20;20;20;20;20;20;20;20;20;20;20;20;20;20;20
"871";2;5;6;8;11;11;15;15;15;20;20;20;20;20;20;20;20;20;20;20;20;20;20;20
"872";2;5;6;8;11;11;15;15;15;21;21;21;21;21;21;32;32;32;38;38;43;43;43;43
"873";2;5;6;8;11;11;15;15;15;21;21;21;21;21;21;32;32;32;38;38;42;42;42;42
"874";2;5;6;8;11;11;15;15;15;21;21;21;21;21;21;32;32;32;38;38;43;43;43;43
"875";2;4;4;4;4;12;12;12;12;12;12;12;26;29;29;29;29;29;29;29;29;29;29;29
"876";2;5;6;8;11;11;15;15;15;20;20;20;20;20;20;20;20;20;20;20;20;20;20;20
"877";2;5;6;9;9;9;9;9;9;9;22;22;22;22;22;22;35;35;35;40;40;45;45;45
"878";2;5;6;9;9;9;9;9;9;9;22;22;22;22;22;22;35;35;35;40;40;44;44;44
"879";2;4;4;4;4;13;13;16;18;18;18;18;18;18;18;18;18;18;18;18;18;18;18;18
"880";2;4;4;4;4;12;12;12;12;12;12;12;26;28;28;28;28;28;28;28;28;28;28;28
"881";2;4;4;4;4;12;12;12;12;12;12;12;26;28;28;28;28;28;28;28;28;28;28;28
"882";2;5;6;9;9;9;9;9;9;9;22;22;22;22;22;22;35;35;35;41;41;41;41;41
"883";2;4;4;4;4;13;13;17;17;17;17;17;17;17;17;17;17;17;17;17;17;17;17;17
"884";2;5;6;8;11;11;14;14;14;14;14;14;14;14;14;14;14;14;14;14;14;14;14;49
"885";2;5;6;8;10;10;10;10;10;10;10;10;10;10;30;30;30;30;30;30;30;30;47;47
"886";2;5;6;9;9;9;9;9;9;9;23;23;23;23;23;23;23;23;23;23;23;23;23;23
"887";2;4;4;4;4;13;13;16;19;19;19;24;24;24;24;24;24;36;36;36;36;36;36;36
"888";2;4;4;4;4;13;13;16;19;19;19;24;24;24;24;24;24;37;37;37;37;37;37;37
"889";2;4;4;4;4;13;13;16;19;19;19;24;24;24;24;24;24;36;36;36;36;36;36;36
"890";2;4;4;4;4;13;13;16;19;19;19;24;24;24;24;24;24;37;37;37;37;37;37;37
"891";2;4;4;4;4;12;12;12;12;12;12;12;26;28;28;28;28;28;28;28;28;28;28;28
"892";2;5;7;7;7;7;7;7;7;7;7;7;7;7;7;7;7;7;7;7;7;7;7;7
"893";2;5;6;8;11;11;14;14;14;14;14;14;14;14;14;14;14;14;14;14;14;14;14;49
"894";3;3;3;3;3;3;3;3;3;3;3;3;3;3;3;3;3;3;3;3;3;3;3;3
"895";2;4;4;4;4;13;13;17;17;17;17;17;17;17;17;17;17;17;17;17;17;17;17;17
"896";2;5;6;9;9;9;9;9;9;9;23;23;23;23;23;23;23;23;23;23;23;23;23;23
"897";2;5;6;8;11;11;15;15;15;20;20;20;20;20;20;20;20;20;20;20;20;20;20;20
"898";2;5;7;7;7;7;7;7;7;7;7;7;7;7;7;7;7;7;7;7;7;7;7;7
"899";2;4;4;4;4;13;13;16;19;19;19;24;24;24;24;24;24;36;36;36;36;36;36;36
"900";2;4;4;4;4;12;12;12;12;12;12;12;26;29;29;29;29;29;29;29;29;29;29;29
"901";2;5;6;8;11;11;14;14;14;14;14;14;14;14;14;14;14;14;14;14;14;14;14;48
"902";2;5;6;8;11;11;14;14;14;14;14;14;14;14;14;14;14;14;14;14;14;14;14;49
"903";2;5;6;8;11;11;15;15;15;21;21;21;21;21;21;33;33;33;33;33;33;33;33;33
"904";2;5;6;8;11;11;15;15;15;20;20;20;20;20;20;20;20;20;20;20;20;20;20;20
"905";3;3;3;3;3;3;3;3;3;3;3;3;3;3;3;3;3;3;3;3;3;3;3;3
"906";2;5;6;8;10;10;10;10;10;10;10;10;10;10;31;31;31;31;31;31;31;31;31;31
"907";2;4;4;4;4;13;13;17;17;17;17;17;17;17;17;17;17;17;17;17;17;17;17;17
"908";2;5;6;9;9;9;9;9;9;9;22;22;22;22;22;22;35;35;35;40;40;44;44;44
"909";2;4;4;4;4;12;12;12;12;12;12;12;26;29;29;29;29;29;29;29;29;29;29;29
"910";2;5;6;8;11;11;14;14;14;14;14;14;14;14;14;14;14;14;14;14;14;14;14;49
"911";2;5;6;8;10;10;10;10;10;10;10;10;10;10;30;30;30;30;30;30;30;30;46;46
"912";2;5;6;9;9;9;9;9;9;9;22;22;22;22;22;22;35;35;35;40;40;44;44;44
"913";2;5;6;8;11;11;14;14;14;14;14;14;14;14;14;14;14;14;14;14;14;14;14;48
"914";2;4;4;4;4;13;13;16;18;18;18;18;18;18;18;18;18;18;18;18;18;18;18;18
"915";2;5;6;8;11;11;15;15;15;21;21;21;21;21;21;33;33;33;33;33;33;33;33;33
"916";3;3;3;3;3;3;3;3;3;3;3;3;3;3;3;3;3;3;3;3;3;3;3;3
"917";2;5;6;8;11;11;15;15;15;21;21;21;21;21;21;32;32;32;38;38;43;43;43;43
"918";2;4;4;4;4;13;13;16;19;19;19;24;24;24;24;24;24;37;37;37;37;37;37;37
"919";2;4;4;4;4;13;13;16;19;19;19;24;24;24;24;24;24;36;36;36;36;36;36;36
"920";2;4;4;4;4;13;13;16;19;19;19;24;24;24;24;24;24;36;36;36;36;36;36;36
"921";2;5;7;7;7;7;7;7;7;7;7;7;7;7;7;7;7;7;7;7;7;7;7;7
"922";2;5;6;9;9;9;9;9;9;9;22;22;22;22;22;22;34;34;34;34;34;34;34;34
"923";2;4;4;4;4;12;12;12;12;12;12;12;26;29;29;29;29;29;29;29;29;29;29;29
"924";2;5;6;8;11;11;15;15;15;21;21;21;21;21;21;32;32;32;38;38;43;43;43;43
"925";2;5;6;9;9;9;9;9;9;9;22;22;22;22;22;22;35;35;35;40;40;44;44;44
"926";2;4;4;4;4;13;13;17;17;17;17;17;17;17;17;17;17;17;17;17;17;17;17;17
"927";2;5;6;9;9;9;9;9;9;9;22;22;22;22;22;22;35;35;35;40;40;44;44;44
"928";2;5;6;8;10;10;10;10;10;10;10;10;10;10;31;31;31;31;31;31;31;31;31;31
"929";2;4;4;4;4;12;12;12;12;12;12;12;26;28;28;28;28;28;28;28;28;28;28;28
"930";2;5;6;8;11;11;15;15;15;21;21;21;21;21;21;33;33;33;33;33;33;33;33;33
"931";2;5;6;8;11;11;15;15;15;20;20;20;20;20;20;20;20;20;20;20;20;20;20;20
"932";2;5;6;8;11;11;14;14;14;14;14;14;14;14;14;14;14;14;14;14;14;14;14;49
"933";2;4;4;4;4;12;12;12;12;12;12;12;26;28;28;28;28;28;28;28;28;28;28;28
"934";2;4;4;4;4;12;12;12;12;12;12;12;26;29;29;29;29;29;29;29;29;29;29;29
"935";2;4;4;4;4;12;12;12;12;12;12;12;26;28;28;28;28;28;28;28;28;28;28;28
"936";2;4;4;4;4;12;12;12;12;12;12;12;26;29;29;29;29;29;29;29;29;29;29;29
"937";2;5;6;8;11;11;14;14;14;14;14;14;14;14;14;14;14;14;14;14;14;14;14;48
"938";2;5;6;8;11;11;15;15;15;20;20;20;20;20;20;20;20;20;20;20;20;20;20;20
"939";2;4;4;4;4;13;13;16;19;19;19;24;24;24;24;24;24;37;37;37;37;37;37;37
"940";2;5;6;9;9;9;9;9;9;9;22;22;22;22;22;22;35;35;35;40;40;44;44;44
"941";2;5;6;8;10;10;10;10;10;10;10;10;10;10;30;30;30;30;30;30;30;30;46;46
"942";2;5;6;8;11;11;15;15;15;21;21;21;21;21;21;32;32;32;39;39;39;39;39;39
"943";2;4;4;4;4;12;12;12;12;12;12;12;26;28;28;28;28;28;28;28;28;28;28;28
"944";2;5;6;8;11;11;15;15;15;20;20;20;20;20;20;20;20;20;20;20;20;20;20;20
"945";2;5;6;9;9;9;9;9;9;9;22;22;22;22;22;22;35;35;35;40;40;44;44;44
"946";2;5;7;7;7;7;7;7;7;7;7;7;7;7;7;7;7;7;7;7;7;7;7;7
"947";2;5;6;8;11;11;15;15;15;21;21;21;21;21;21;32;32;32;38;38;42;42;42;42
"948";2;5;6;8;11;11;14;14;14;14;14;14;14;14;14;14;14;14;14;14;14;14;14;49
"949";2;5;6;9;9;9;9;9;9;9;23;23;23;23;23;23;23;23;23;23;23;23;23;23
"950";2;5;6;9;9;9;9;9;9;9;23;23;23;23;23;23;23;23;23;23;23;23;23;23
"951";2;5;6;8;11;11;14;14;14;14;14;14;14;14;14;14;14;14;14;14;14;14;14;49
"952";2;5;6;8;11;11;15;15;15;21;21;21;21;21;21;32;32;32;38;38;43;43;43;43
"953";2;5;6;8;11;11;15;15;15;21;21;21;21;21;21;33;33;33;33;33;33;33;33;33
"954";2;4;4;4;4;12;12;12;12;12;12;12;26;28;28;28;28;28;28;28;28;28;28;28
"955";2;5;6;8;11;11;14;14;14;14;14;14;14;14;14;14;14;14;14;14;14;14;14;48
"956";2;5;7;7;7;7;7;7;7;7;7;7;7;7;7;7;7;7;7;7;7;7;7;7
"957";2;5;7;7;7;7;7;7;7;7;7;7;7;7;7;7;7;7;7;7;7;7;7;7
"958";2;4;4;4;4;12;12;12;12;12;12;12;26;28;28;28;28;28;28;28;28;28;28;28
"959";2;4;4;4;4;12;12;12;12;12;12;12;26;29;29;29;29;29;29;29;29;29;29;29
"960";2;4;4;4;4;13;13;16;19;19;19;24;24;24;24;24;24;37;37;37;37;37;37;37
"961";2;5;6;8;10;10;10;10;10;10;10;10;10;10;31;31;31;31;31;31;31;31;31;31
"962";2;5;6;8;11;11;14;14;14;14;14;14;14;14;14;14;14;14;14;14;14;14;14;48
"963";2;5;6;8;11;11;15;15;15;20;20;20;20;20;20;20;20;20;20;20;20;20;20;20
"964";2;4;4;4;4;13;13;17;17;17;17;17;17;17;17;17;17;17;17;17;17;17;17;17
"965";2;5;6;8;10;10;10;10;10;10;10;10;10;10;30;30;30;30;30;30;30;30;46;46
"966";2;4;4;4;4;12;12;12;12;12;12;12;26;29;29;29;29;29;29;29;29;29;29;29
"967";2;5;7;7;7;7;7;7;7;7;7;7;7;7;7;7;7;7;7;7;7;7;7;7
"968";2;4;4;4;4;12;12;12;12;12;12;12;26;29;29;29;29;29;29;29;29;29;29;29
"969";2;5;6;8;11;11;15;15;15;21;21;21;21;21;21;32;32;32;38;38;43;43;43;43
"970";2;5;6;8;11;11;15;15;15;21;21;21;21;21;21;32;32;32;38;38;43;43;43;43
"971";2;5;6;8;11;11;15;15;15;20;20;20;20;20;20;20;20;20;20;20;20;20;20;20
"972";2;5;6;9;9;9;9;9;9;9;23;23;23;23;23;23;23;23;23;23;23;23;23;23
"973";2;5;6;8;11;11;14;14;14;14;14;14;14;14;14;14;14;14;14;14;14;14;14;48
"974";3;3;3;3;3;3;3;3;3;3;3;3;3;3;3;3;3;3;3;3;3;3;3;3
"975";2;4;4;4;4;12;12;12;12;12;12;12;26;29;29;29;29;29;29;29;29;29;29;29
"976";2;5;6;9;9;9;9;9;9;9;22;22;22;22;22;22;35;35;35;40;40;44;44;44
"977";2;5;7;7;7;7;7;7;7;7;7;7;7;7;7;7;7;7;7;7;7;7;7;7
"978";2;5;6;8;11;11;15;15;15;20;20;20;20;20;20;20;20;20;20;20;20;20;20;20
"979";2;5;6;9;9;9;9;9;9;9;23;23;23;23;23;23;23;23;23;23;23;23;23;23
"980";2;5;6;8;11;11;15;15;15;21;21;21;21;21;21;33;33;33;33;33;33;33;33;33
"981";2;4;4;4;4;12;12;12;12;12;12;12;26;29;29;29;29;29;29;29;29;29;29;29
"982";2;4;4;4;4;12;12;12;12;12;12;12;26;28;28;28;28;28;28;28;28;28;28;28
"983";2;4;4;4;4;12;12;12;12;12;12;12;26;29;29;29;29;29;29;29;29;29;29;29
"984";2;5;6;9;9;9;9;9;9;9;22;22;22;22;22;22;35;35;35;40;40;44;44;44
"985";2;4;4;4;4;13;13;17;17;17;17;17;17;17;17;17;17;17;17;17;17;17;17;17
"986";3;3;3;3;3;3;3;3;3;3;3;3;3;3;3;3;3;3;3;3;3;3;3;3
"987";2;5;6;9;9;9;9;9;9;9;22;22;22;22;22;22;35;35;35;40;40;44;44;44
"988";2;5;6;9;9;9;9;9;9;9;22;22;22;22;22;22;35;35;35;40;40;45;45;45
"989";2;5;6;8;10;10;10;10;10;10;10;10;10;10;30;30;30;30;30;30;30;30;47;47
"990";2;4;4;4;4;12;12;12;12;12;12;12;26;29;29;29;29;29;29;29;29;29;29;29
"991";2;5;6;9;9;9;9;9;9;9;22;22;22;22;22;22;35;35;35;40;40;44;44;44
"992";2;4;4;4;4;12;12;12;12;12;12;12;26;29;29;29;29;29;29;29;29;29;29;29
"993";2;5;6;8;11;11;15;15;15;21;21;21;21;21;21;32;32;32;38;38;43;43;43;43
"994";2;4;4;4;4;13;13;16;18;18;18;18;18;18;18;18;18;18;18;18;18;18;18;18
"995";2;5;6;9;9;9;9;9;9;9;22;22;22;22;22;22;35;35;35;40;40;44;44;44
"996";2;4;4;4;4;13;13;16;19;19;19;24;24;24;24;24;24;36;36;36;36;36;36;36
"997";2;5;6;8;10;10;10;10;10;10;10;10;10;10;31;31;31;31;31;31;31;31;31;31
