de;2884;pre
la;1678;art_def
le;1295;art_def
à;1193;pre
les;1162;art_def
avoir;1145;aux
des;1112;art_ind
l;1107;art_def
être;1076;aux
et;1071;con
en;823;pre
d;745;pre
un;725;art_ind
une;684;art_ind
pour;602;pre
du;558;art_def
dans;429;pre
par;385;pre
suisse;334;adj
sur;318;pre
au;311;art_def
emji_drapeau_suisse;305;nom
ce;264;pro_dem
plus;264;adv_sup
que;249;pro_rel
avec;245;pre
qui;220;pro_rel
son;208;adj_pos
an;205;nom_sup
cette;203;adj_dem
s;189;pro_per
aux;182;art_def
il;159;pro_per
sa;150;adj_pos
se;133;pro_per
après;133;pre
premier;128;adj
ne;127;adv_sup
selon;122;pre
personne;111;pro_ind
année;109;nom
comme;109;con
faire;109;ver_sup
pouvoir;99;ver_sup
ses;98;adj_pos
deux;95;adj_num
ces;94;adj_dem
leur;93;pro_per
entre;90;pre
genève;89;nr
ou;87;con
annoncer;83;ver
elle;81;pro_per
pas;81;adv_sup
depuis;78;pre
unir;78;ver
million;77;nom_sup
mais;76;con
devoir;74;ver_sup
contre;74;pre
2026;70;num
qu;67;con
jour;66;nom
conseil;66;nom
novembre;65;nom
dernier;65;adj
grand;64;adj
monde;63;nom
mettre;62;ver
fédéral;61;adj
nouveau;61;adj
2025;60;num
jeudi;58;nom
franc;58;adj
décembre;57;nom
canton;57;nom
lors;57;adv_sup
pays;57;nom
femme;57;nom
000;56;num
face;55;nom
notamment;55;adv
moins;55;adv_sup
viser;55;ver
dimanche;54;nom
révéler;53;ver
public;52;nom
projet;51;nom
bien;51;adv_sup
enfant;51;nom
lausanne;50;nr
dont;50;pro_rel
mondial;49;adj
sans;49;pre
trois;48;adj_num
jeune;48;adj
fin;47;nom
leurs;47;adj_pos
national;47;adj
près_de;46;adv
dès;46;pre
mardi;45;nom
lundi;45;nom
prendre;44;ver
permettre;44;ver
état;44;nom
service;44;nom
ainsi;43;adv_sup
initiative;43;nom
prix;43;nom
noël;42;nom
américain;42;adj
ville;42;nom
3;42;num
social;42;adj
président;41;nom
emji_drapeau_états;41;nr
vendredi;41;nom
devenir;40;ver
gaza;40;nr
nouvelle;40;adj
rester;40;ver
y;40;pro_per
santé;40;nom
prévoir;40;ver
sous;39;pre
20;39;num
octobre;39;nom
1;39;num
plusieurs;39;adj_ind
mort;39;nom
aller;39;ver
atteindre;39;ver
étude;39;nom
europe;39;nr
souligner;38;ver
emji_drapeau_france;38;nom
police;38;nom
mois;38;nom
semaine;38;nom
homme;38;nom
travail;37;nom
enquête;37;nom
5;37;num
mercredi;37;nom
avant;37;pre
c;37;pro_dem
victime;37;nom
souvent;36;adv_sup
grâce;36;pre
samedi;36;nom
offrir;36;ver
heure;36;nom
ligne;36;nom
rts;35;nr
publier;35;ver
lancer;35;ver
emji_ballon_de_football;35;nom
cinq;34;adj_num
connaître;34;ver
place;34;nom
passer;34;ver
trump;33;nr
où;33;pro_rel
partir;33;ver
prochain;33;adj
cet;33;adj_dem
réseau;33;nom
environ;32;adv_sup
déjà;32;ono
suite;32;nom
marquer;32;ver
2024;32;num
chaque;32;adj_ind
jusqu_à;32;pre
2;31;num
population;31;nom
même;31;pro_ind
partie;31;nom
voir;31;ver
français;31;nom
vaudois;31;adj
emji_drapeau_territoires_palestiniens;31;nom
groupe;31;nom
alors;30;adv_sup
demander;30;ver
violence;30;nom
ancien;30;adj
chez;30;pre
non;30;pro_per
international;30;adj
rendre;30;ver
donald;29;nr
nuit;29;nom
désormais;29;adv
ministre;29;nom
animal;29;nom
emji_balance_à_poids;29;nr
autres;29;pro_ind
couper;29;ver
france;28;nr
centre;28;nom
fois;28;nom
rapport;28;nom
4;28;num
on;28;pro_per
10;28;num
européen;28;adj
créer;28;ver
droit;28;nom
équipe;27;nom
30;27;num
tout;27;pro_ind
sécurité;27;nom
nombre;27;nom
6;27;num
israélien;27;adj
décision;27;nom
mesure;27;nom
chiffre;27;nom
réduire;27;ver
quatre;26;adj_num
également;26;adv
présenter;26;ver
encore;26;adv_sup
50;26;num
poste;26;nom
remporter;26;ver
soir;26;nom
début;26;nom
emji_gyrophare;26;nom
causer;26;ver
plan;25;nom
revenir;25;ver
saison;25;nom
retour;25;nom
famille;25;nom
attendre;25;ver
ton;25;nom_sup
11;25;num
affaire;25;nom
record;24;nom
politique;24;nom
accord;24;nom
membre;24;nom
nombreux;24;adj
ouvrir;24;ver
très;24;adv_sup
proposer;24;ver
15;24;num
vie;24;nom
palestinien;24;adj
artiste;24;nom
baisser;24;ver
emji_globe_tourné_sur_l;24;nr
sexuel;24;adj
rencard;24;nom
1er;23;nr
matin;23;nom
mener;23;ver
célèbre;23;adj
lieu;23;nom
toucher;23;ver
région;23;nom
manifestation;23;nom
raison;23;nom
emji_urne_électorale;23;nr
berner;23;ver
elles;23;pro_per
ils;23;pro_per
risque;23;nom
soutenir;23;ver
malgré;23;pre
concerner;23;ver
train;23;nom
fort;22;adv_sup
16;22;num
utiliser;22;ver
accuser;22;ver
majeur;22;adj
géant;22;adj
augmenter;22;ver
etat;22;nr
niveau;22;nom
expliquer;22;ver
e;22;nom_sup
lier;22;ver
aussi;22;adv_sup
cependant;22;con
afrique_et_l;22;nr
emji_main_avec_index_pointant_à_droite;22;nr
guerre;21;nom
inclure;21;ver
précédent;21;nom
suivre;21;ver
attaque;21;nom
entreprise;21;nom
association;21;nom
résultat;21;nom
montrer;21;ver
notre;21;adj_pos
seulement;21;adv
titre;21;nom
gouvernement;21;nom
cas;21;nom
emji_symbole_d_avertissement;21;nom
8;21;num
mètre;21;nom
humain;20;adj
durant;20;pre
cessez_le_feu;20;nom
temps;20;nom
the;20;nr
recevoir;20;ver
tour;20;nom
2023;20;num
nous;20;pro_per
directeur;20;nom
sortir;20;ver
saint;20;nom
habitant;20;nom
confirmer;20;ver
effet;20;nom
émission;20;nom
lui;20;pro_per
agir;20;ver
indiquer;20;ver
situation;20;nom
condition;20;nom
euses;20;nr
juger;20;ver
milliard;20;nom
campagne;20;nom
accident;20;nom
accueillir;20;ver
armée;20;nom
janvier;19;nom
toute;19;adj_ind
particulièrement;19;adv
crise;19;nom
succès;19;nom
officiel;19;adj
cantonal;19;adj
soutien;19;nom
parmi;19;pre
tuer;19;ver
journée;19;nom
autorité;19;nom
25;19;num
zurich;19;nr
vers;19;pre
recherche;19;nom
organisation;19;nom
12;19;num
espèce;19;nom
18;19;num
aujourd_hui;18;adv_sup
âgé;18;adj
âge;18;nom
ski;18;nom
conseiller;18;ver
édition;18;nom
naturel;18;adj
fermer;18;ver
office;18;nom
important;18;adj
pari;18;nom
estimer;18;ver
vente;18;nom
susciter;18;ver
prison;18;nom
billet;18;nom
voix;18;nom
rencontre;18;nom
proche;18;adj
annonce;18;nom
si;18;con
emji_flocon;18;nom
emji_drapeau_israël;18;nr
économique;18;adj
phénomène;18;nom
art;18;nom
neuchâtel;18;nr
cours;18;nom
romand;18;adj
13;18;num
200;18;num
participer;18;ver
7;18;num
critique;18;adj
cff;18;nr
force;18;adj_ind
haut;18;nom
cadre;18;nom
aide;18;nom
découvrir;17;ver
emji_sac_plein_d_argent;17;nom
budget;17;nom
euro;17;nom
jurer;17;ver
élection;17;nom
majorité;17;nom
bande;17;nom
feu;17;nom
élevé;17;adj
nos;17;adj_pos
histoire;17;nom
école;17;nom
14;17;num
tous;17;pro_ind
gauche;17;nom
40;17;num
300;17;num
jeu;16;nom
petit;16;adj
vaud;16;nr
renforcer;16;ver
vidéo;16;adj
général;16;nom
hôpital;16;nom
emji_ski;16;nom
deuxième;16;adj
site;16;nom
udc;16;nr
économie;16;nom
partager;16;ver
justice;16;nom
neige;16;nom
100;16;num
ère;16;nom
intervenir;16;ver
unique;16;adj
19;16;num
hiver;16;nom
espace;16;nom
université;16;nom
fribourg;16;nr
certains;16;adj_ind
rôle;16;nom
alimentaire;16;adj
zone;16;nom
film;16;nom
hausse;16;nom
etats;16;nr
bon;15;ono
station;15;nom
paix;15;nom
maladie;15;nom
moitié;15;nom
local;15;adj
km;15;adv
compte;15;nom
minute;15;nom
pendant;15;pre
week_end;15;nom
emji_clap;15;nom
cause;15;nom
tandis_que;15;con
élire;15;ver
bâle;15;nr
valoir;15;ver
changement;15;nom
produit;15;nom
emji_notes_de_musique;15;nom
affirmer;15;ver
marque;15;nom
civil;15;adj
système;15;nom
organiser;15;ver
décider;15;ver
secteur;15;nom
enregistrer;15;ver
chercheur;15;nom
victoire;15;nom
battre;15;ver
identifier;15;ver
danger;15;nom
eau;15;nom
septembre;15;nom
événement;15;nom
plein;15;pre
urgence;14;nom
emji_sapin_de_noël;14;nr
ukraine;14;nr
professionnel;14;adj
17;14;num
consommation;14;nom
contenir;14;ver
loi;14;nom
frapper;14;ver
dix;14;adj_num
figure;14;nom
acteur;14;nom
village;14;nom
rouge;14;adj
inédit;14;adj
porter;14;ver
quelques;14;adj_ind
marché;14;nom
produire;14;ver
peu;14;nom_sup
nouvel;14;adj
réunir;14;ver
protéger;14;ver
vert;14;adj
impact;14;nom
vol;14;nom
millier;14;nom
bernois;14;adj
quitter;14;ver
ferroviaire;14;adj
emji_train;14;nom
tiers;14;nom
riche;14;adj
chute;14;nom
degré;14;nom
humanitaire;14;adj
question;13;nom
2022;13;num
communiqué;13;nom
genevois;13;adj
période;13;nom
dévoiler;13;ver
commencer;13;ver
23;13;num
historique;13;adj
réaliser;13;ver
emji_skieur;13;nom
22;13;num
tenir;13;ver
autre;13;pro_ind
dollar;13;nom
moyenne;13;nom
climatique;13;adj
toujours;13;adv_sup
découverte;13;nom
emji_porte_documents;13;nom
ici;13;adv_sup
provoquer;13;ver
commun;13;nom
emji_cerveau;13;nom
menacer;13;ver
situer;13;ver
financier;13;adj
27;13;num
accepter;13;ver
interdire;13;ver
policier;13;nom
joueur;13;nom
vote;13;nom
trafic;13;nom
éviter;13;ver
arriver;13;ver
nommer;13;ver
retrouver;13;ver
protection;13;nom
9;13;num
course;13;nom
vous;12;pro_per
chat;12;nom
emji_montagne_enneigée;12;nr
charger;12;ver
but;12;nom
emji_étincelles;12;nr
relation;12;nom
inquiéter;12;ver
emji_livres;12;nom
porte;12;nom
emblématique;12;adj
emji_graphique_en_baisse;12;nom
faux;12;adj
essentiel;12;nom
seul;12;adj
autour;12;adv_sup
débat;12;nom
parlement;12;nom
déclarer;12;ver
voter;12;ver
décéder;12;ver
diminuer;12;ver
populaire;12;adj
près;12;pre
évolution;12;nom
24;12;num
déposer;12;ver
expérience;12;nom
fonds;12;nom
cour;12;nom
israël;12;nr
assurer;12;ver
vin;12;nom
donner;12;ver
tête;12;nom
oeuvre;12;nom
représenter;12;ver
société;12;nom
six;12;adj_num
naître;12;ver
match;12;nom
média;12;nom
aérien;12;adj
emji_trophée;12;nr
t;12;pro_per
grave;12;adj
initialement;12;adv
vouloir;12;ver_sup
choisir;12;ver
cela;12;pro_dem
appel;12;nom
reprendre;12;ver
final;12;adj
besoin;12;nom
droite;12;nom
croissant;12;nom
réduction;12;nom
musée;12;nom
laisser;12;ver
objectif;12;nom
0;12;num
étranger;12;nom
manquer;12;ver
journaliste;12;nom
emji_avion;12;nom
procès;12;nom
citoyen;12;nom
entrer;12;ver
officiellement;11;adv
venir;11;ver
26;11;num
fête;11;nom
moment;11;nom
augmentation;11;nom
interroger;11;ver
difficile;11;adj
fan;11;nom
carte;11;nom
image;11;nom
exprimer;11;ver
vigueur;11;nom
russe;11;adj
jouer;11;ver
garder;11;ver
long;11;adj
tôt;11;adv
température;11;nom
part;11;nom
conflit;11;nom
obtenir;11;ver
naissance;11;nom
répondre;11;ver
transport;11;nom
motion;11;nom
sentir;11;ver
installer;11;ver
60;11;num
vd;11;nr
bilan;11;nom
ministère;11;nom
appeler;11;ver
travers;11;nom
adopter;11;ver
transformer;11;ver
quotidien;11;adj
tempête;11;nom
tribunal;11;nom
devant;11;pre
stratégie;11;nom
rices;11;nr
derrière;11;pre
environnement;11;nom
accès;11;nom
plateforme;11;nom
froid;11;adj
arrivée;11;nom
via;11;pre
carrière;11;nom
concevoir;11;ver
comité;11;nom
culturel;11;adj
léman;11;nr
conserver;11;ver
meilleur;11;adj
comprendre;11;ver
continuer;11;ver
parent;11;nom
retraite;11;nom
traitement;11;nom
new;11;adj
midi;11;nom
nécessiter;11;ver
position;11;nom
tendance;11;nom
miseaupointrts;11;nr
régime;11;nom
gare;11;ono
emji_feu;11;nom
entraîner;11;ver
sujet;11;nom
soin;11;nom
dénoncer;11;ver
rejeter;11;ver
actuel;11;adj
toutes;11;pro_ind
football;11;nom
manifester;11;ver
emji_drapeau_royaume_uni;10;nom
emji_stéthoscope;10;nr
étudiant;10;nom
h;10;nr
spécial;10;adj
positif;10;adj
29;10;num
réaction;10;nom
avenir;10;nom
emji_voiture;10;nom
considérer;10;ver
information;10;nom
emji_drapeau_ukraine;10;nom
emji_micro;10;nom
emji_graphique_en_hausse;10;nom
imposer;10;ver
parlementaire;10;adj
liberté;10;nom
activité;10;nom
dire;10;ver_sup
privé;10;adj
nord;10;nom
objet;10;nom
récemment;10;adv
adolescent;10;nom
sud;10;nom
scientifique;10;adj
emji_hôpital;10;nr
terme;10;nom
visible;10;adj
italien;10;adj
domaine;10;nom
mal;10;adv_sup
double;10;adj
inspirer;10;ver
application;10;nom
médical;10;adj
rapide;10;adj
programme;10;nom
inscrire;10;ver
voiture;10;nom
culture;10;nom
netflix;10;nr
climat;10;nom
emji_symbole_d_interdiction;10;nom
dossier;10;nom
nom;10;nom
romain;10;adj
réponse;10;nom
avril;10;nom
juin;10;nom
beau;10;adj
actuellement;10;adv
électronique;10;adj
initier;10;ver
intelligence;10;nom
chaîne;10;nom
établir;10;ver
chanson;10;nom
certaines;10;adj_ind
union;10;nom
explorer;10;ver
traditionnel;10;adj
futur;10;nom
arrêter;10;ver
occasion;10;nom
400;10;num
centaine;10;nom
adulte;10;nom
ssr;10;nr
mouvement;10;nom
500;10;num
39;10;num
2027;10;num
oms;10;nr
2019;10;num
départ;10;nom
maison;10;nom
siège;10;nom
adapter;10;ver
coût;10;nom
durable;10;adj
hamas;10;nr
coeur;10;nom
confédération;9;nom
jean;9;nom
afin;9;adv_sup
fonction;9;nom
apporter;9;ver
budgétaire;9;adj
trouver;9;ver
propriétaire;9;nom
communauté;9;nom
28;9;num
lutte;9;nom
amende;9;nom
musique;9;nom
emji_explosion;9;nom
emji_voiture_de_police_de_face;9;nom
instagram;9;nr
russie;9;nr
ukrainien;9;nom
scène;9;nom
qualifié;9;adj
performance;9;nom
chine;9;nom
militaire;9;adj
sport;9;nom
individu;9;nom
troisième;9;adj
benjamin;9;nom
renoncer;9;ver
promettre;9;ver
domicile;9;nom
poursuivre;9;ver
opposition;9;nom
dépasser;9;ver
genevoise;9;nr
intervention;9;nom
scrutin;9;nom
dérouler;9;ver
ouverture;9;nom
améliorer;9;ver
romands;9;nr
delémont;9;nr
milieu;9;nom
étendre;9;ver
base;9;nom
streaming;9;nr
musical;9;adj
cérémonie;9;nom
prestigieux;9;adj
jusqu;9;pre
forme;9;nom
londres;9;nr
aider;9;ver
large;9;adj
décennie;9;nom
origine;9;nom
plaindre;9;ver
étape;9;nom
onu;9;nr
70;9;num
patient;9;nom
crime;9;nom
présent;9;nom
emji_billet_avec_des_ailes;9;nom
séduire;9;ver
awards;9;nr
tester;9;ver
élève;9;nom
député;9;nom
artificiel;9;adj
importance;9;nom
contrôle;9;nom
achat;9;nom
test;9;nom
blesser;9;ver
attribuer;9;ver
remplacer;9;ver
détention;9;nom
32;9;num
point;9;nom_sup
complexe;9;adj
incident;9;nom
bienne;9;nr
travailleur;9;nom
personnel;9;adj
possible;9;adj
emji_robot;9;nom
débuter;9;ver
allemand;9;adj
décrire;9;ver
dizaine;9;nom
bas;9;adj
pilote;9;nom
négociation;9;nom
règle;9;nom
york;9;nom
largement;9;adv
coup;9;nom
emji_drapeau_brésil;9;nr
brésilien;9;nom
violent;9;adj
guy;8;nr
parmelin;8;nr
pression;8;nom
entrée;8;nom
commercial;8;adj
emji_téléviseur;8;nr
sortie;8;nom
série;8;nom
31;8;num
assurance;8;nom
écrire;8;ver
amateur;8;nom
emji_drapeau_russie;8;nom
siècle;8;nom
pénal;8;adj
prévention;8;nom
or;8;con
gros;8;adj
super;8;adj
skieur;8;nom
fribourgeois;8;nr
65;8;num
côté;8;nom
gall;8;nr
solution;8;nom
trajet;8;nom
argent;8;nom
trouble;8;nom
direct;8;nom
bientôt;8;adv
visiteur;8;nom
modèle;8;nom
régional;8;adj
frontière;8;nom
célébrer;8;ver
geste;8;nom
emji_maison;8;nom
défi;8;nom
remonter;8;ver
patrimoine;8;nom
procédure;8;nom
engager;8;ver
condamner;8;ver
blanc;8;adj
territoire;8;nom
médecin;8;nom
piste;8;nom
passage;8;nom
emji_ordinateur_portable;8;nom
cinéma;8;nom
interrompre;8;ver
vingt;8;adj_num
déclencher;8;ver
dédier;8;ver
introduire;8;ver
direction;8;nom
nes;8;nr
arme;8;nom
album;8;nom
surtout;8;adv_sup
donnée;8;nom
emji_palette_de_peinture;8;nom
emji_loupe_orientée_à_gauche;8;nr
annuel;8;adj
outil;8;nom
fm;8;nr
mars;8;nom
rejoindre;8;ver
noir;8;adj
défendre;8;ver
pousser;8;ver
acte;8;nom
al;8;nr
évoquer;8;ver
aucun;8;adj_ind
limiter;8;ver
cible;8;nom
commission;8;nom
production;8;nom
traverser;8;ver
vétérinaire;8;nom
extrême;8;adj
accessible;8;adj
récent;8;adj
milan;8;nom
rare;8;adj
signer;8;ver
sommeil;8;nom
version;8;nom
21;8;num
pluie;8;nom
impliquer;8;ver
nobel;8;nr
sarkozy;8;nr
livre;8;nom
transférer;8;ver
brésil;8;nom
aucune;8;adj_ind
pourquoi;8;con
perturber;8;ver
rapporter;8;ver
changer;8;ver
refuser;8;ver
reconnaître;8;ver
fille;8;nom
davantage;8;adv_sup
chinois;8;nom
magasin;8;nom
festival;8;nom
démocrate;8;adj
cave;8;nom
manière;8;nom
inviter;8;ver
emji_monument_classique;8;nom
louvre;8;nr
swiss;8;nr
bain;8;nom
st;8;nr
décès;8;nom
grippe;7;nom
touriste;7;nom
employé;7;nom
actualité;7;nom
emji_appareil_photo_avec_flash;7;nom
sept;7;adj_num
ensemble;7;adv
of;7;nr
philippe;7;nr
prolonger;7;ver
supplémentaire;7;adj
incendie;7;nom
massif;7;adj
visite;7;nom
espérer;7;ver
supérieur;7;adj
penser;7;ver
accompagner;7;ver
préparer;7;ver
italie;7;nr
terminer;7;ver
drone;7;nom
accusation;7;nom
exceptionnel;7;adj
engagement;7;nom
personnalité;7;nom
propos;7;nom
liste;7;nom
fondation;7;nom
vaste;7;adj
capitale;7;nom
rue;7;nom
apprendre;7;ver
90;7;num
britannique;7;adj
immédiat;7;adj
opération;7;nom
candidat;7;nom
35;7;num
plateformes;7;nr
réclamer;7;ver
tension;7;nom
travailler;7;ver
matinal;7;adj
cacher;7;ver
libérer;7;ver
falloir;7;ver_sup
réserver;7;ver
ices;7;nr
presque;7;adv_sup
obligatoire;7;adj
chaud;7;adj
vraiment;7;adv
science;7;nom
champion;7;nom
commerce;7;nom
illégal;7;adj
bloquer;7;ver
nécessaire;7;adj
australie;7;nr
interdiction;7;nom
sondage;7;nom
problème;7;nom
comportement;7;nom
jeffrey;7;nr
partiel;7;adj
supprimer;7;ver
exemple;7;nom
tradition;7;nom
provenir;7;ver
représentant;7;nom
logement;7;nom
croissance;7;nom
physique;7;adj
légende;7;nom
tant;7;adv_sup
fantastique;7;adj
exposition;7;nom
réalité;7;nom
tenter;7;ver
observer;7;ver
tels;7;adj_ind
transporter;7;ver
tard;7;adv_sup
jamais;7;adv_sup
marco;7;nr
odermatt;7;nr
magazine;7;nom
affecter;7;ver
présence;7;nom
médicament;7;nom
qualifier;7;ver
45;7;num
total;7;adj
150;7;num
valider;7;ver
effort;7;nom
météorologique;7;adj
action;7;nom
lorsqu;7;con
hors;7;pre
véhicule;7;nom
douane;7;nom
discussion;7;nom
menace;7;nom
beaucoup;7;adv_sup
mineur;7;adj
blessure;7;nom
père;7;nom
emji_pilule;7;nom
capable;7;adj
faveur;7;nom
percevoir;7;ver
refléter;7;ver
génération;7;nom
mai;7;nom
sauvage;7;adj
grève;7;nom
salaire;7;nom
2000;7;num
placer;7;ver
route;7;nom
témoigner;7;ver
vivre;7;ver
compter;7;ver
composer;7;ver
vendre;7;ver
significatif;7;adj
tourner;7;ver
contrôler;7;ver
analyser;7;ver
relier;7;ver
théâtre;7;nom
concours;7;nom
survenir;7;ver
emji_poignée_de_main;7;nr
municipal;7;adj
opposer;7;ver
yodel;7;nr
second;7;adj
frère;7;nom
lumière;7;nom
intérieur;7;nom
au_dessus;7;pre
plonger;7;ver
mobiliser;7;ver
envisager;7;ver
texte;7;nom
moyen;7;nom
alerte;7;ono
parcours;7;nom
soupçonner;7;ver
m;7;pro_per
participant;7;nom
pratique;7;adj
pièce;7;nom
échange;7;nom
compagnie;7;nom
mission;7;nom
communal;7;adj
80;7;num
coalition;7;nom
statistique;7;adj
satellite;7;nom
oiseau;7;nom
kilomètre;7;nom
montant;7;nom
infrastructure;7;nom
époux;7;nom
canada;7;nom
spectaculaire;7;adj
vent;7;nom
source;7;nom
cambriolage;7;nom
évaluer;7;ver
epstein;7;nr
maurice;7;nr
défense;7;nom
bord;7;nom
abonnement;7;nom
ordre;7;nom
souhaiter;6;ver
vivant;6;adj
encourager;6;ver
catastrophe;6;nom
sportif;6;adj
savoir;6;ver_sup
harry;6;nr
2021;6;num
message;6;nom
vitesse;6;nom
peine;6;nom
cinquième;6;adj
star;6;nom
pop;6;adj
explosif;6;nom
tiktok;6;nr
générer;6;ver
durée;6;nom
huit;6;adj_num
date;6;nom
tournée;6;nom
juillet;6;nom
traiter;6;ver
entamer;6;ver
exercice;6;nom
contexte;6;nom
australien;6;adj
affrontement;6;nom
mandat;6;nom
progrès;6;nom
autriche;6;nr
espoir;6;nom
féminin;6;adj
arrêt;6;nom
lorsque;6;con
suspension;6;nom
pc;6;nom
dispositif;6;nom
destiner;6;ver
indépendant;6;adj
frontalier;6;adj
viande;6;nom
justifier;6;ver
cadeau;6;nom
avancé;6;adj
envers;6;pre
portée;6;nom
ça;6;pro_dem
spectacle;6;nom
préserver;6;ver
ambitieux;6;adj
développer;6;ver
parfois;6;adv_sup
agence;6;nom
potentiellement;6;adv
celle;6;pro_dem
diffuser;6;ver
2028;6;num
sensation;6;nom
recul;6;nom
couleur;6;nom
développement;6;nom
taxe;6;nom
taux;6;nom
étudier;6;ver
plaque;6;nom
approuver;6;ver
installation;6;nom
former;6;ver
producteur;6;nom
relancer;6;ver
annuler;6;ver
honorer;6;ver
emji_vague;6;nom
document;6;nom
sentiment;6;nom
lien;6;nom
mécanisme;6;nom
votre;6;adj_pos
professeur;6;nom
jusqu_au;6;pre
intensifier;6;ver
alémanique;6;nr
allemagne;6;nom
décerner;6;ver
baser;6;ver
amélioration;6;nom
provisoire;6;adj
réforme;6;nom
emji_drapeau_union_européenne;6;nr
matière;6;nom
utilisation;6;nom
scolaire;6;adj
chef;6;nom
emji_drapeau_australie;6;nom
sydney;6;nr
nature;6;nom
prononcer;6;ver
urgent;6;adj
japonais;6;nom
devancer;6;ver
exposer;6;ver
norme;6;nom
saisir;6;ver
collaborateur;6;nom
bénéficier;6;ver
tarif;6;nom
maintenir;6;ver
constater;6;ver
spécialiser;6;ver
ue;6;nr
potentiel;6;nom
terre;6;nom
proposition;6;nom
disparaître;6;ver
infraction;6;nom
concernant;6;pre
tentative;6;nom
conservateur;6;adj
neuf;6;adj_num
discours;6;nom
covid;6;nr
diminution;6;nom
recours;6;nom
valeur;6;nom
clé;6;nom
apprêter;6;ver
bois;6;nom
34;6;num
radio;6;nom
auteur;6;nom
washington;6;nr
automne;6;nom
erreur;6;nom
domestique;6;nom
interpeller;6;ver
hommage;6;nom
41;6;num
soirée;6;nom
processus;6;nom
2017;6;num
cycle;6;nom
éclater;6;ver
référence;6;nom
profiter;6;ver
analyse;6;nom
consultation;6;nom
subir;6;ver
liaison;6;nom
limite;6;nom
voyage;6;nom
emji_spectacle_vivant;6;nom
emji_haut_parleur;6;nom
nicolas;6;nr
financement;6;nom
66;6;num
altitude;6;nom
limité;6;adj
vieux;6;adj
fsr;6;nr
principal;6;adj
royal;6;adj
institut;6;nom
ouvrier;6;nom
fournir;6;ver
organisateur;6;nom
afp;6;nr
tabac;6;nom
agent;6;nom
chambre;6;nom
garantir;6;ver
pro;6;nom
comment;6;con
favoriser;6;ver
mental;6;adj
session;6;nom
minimum;6;nom
diriger;6;ver
disposer;6;ver
nati;6;nr
inondation;6;nom
foyer;6;nom
collection;6;nom
conduire;6;ver
drogue;6;nom
cop30;6;nr
signaler;6;ver
air;6;nom
andrew;6;nr
ouragan;6;nom
typhon;6;nom
cigarette;6;nom
agression;6;nom
champignon;6;nom
otage;6;nom
accru;5;adj
recommander;5;ver
gérer;5;ver
pic;5;nom
vacance;5;nom
achever;5;ver
emji_globe_tourné_sur_les_amériques;5;nr
photo;5;nom
frais;5;adj
horaire;5;nom
parler;5;ver
auprès_de;5;nr
café;5;nom
potter;5;nr
fermeture;5;nom
endommager;5;ver
août;5;nom
cibler;5;ver
syndicat;5;nom
routier;5;adj
chanteur;5;nom
emji_téléphone_portable;5;nr
emji_journal;5;nom
relayer;5;ver
émotionnel;5;adj
créateur;5;nom
zelensky;5;nr
lever;5;ver
émotion;5;nom
black;5;adj
saluer;5;ver
réel;5;adj
emji_tennis;5;nom
44;5;num
législatif;5;adj
podium;5;nom
monter;5;ver
laquelle;5;pro_rel
symbole;5;nom
brigitte;5;nr
icône;5;nom
cardiaque;5;adj
emji_billet_en_euros;5;nom
fortement;5;adv
raconter;5;ver
relever;5;ver
temporairement;5;adv
capacité;5;nom
accueil;5;nom
abri;5;nom
entier;5;adj
reconnaissance;5;nom
centrale;5;nom
entendre;5;ver
effectuer;5;ver
langue;5;nom
élu;5;adj
sommet;5;nom
industriel;5;adj
neuchâtelois;5;nr
conforme;5;adj
quelque;5;adj_ind
score;5;nom
pourtant;5;adv_sup
syrien;5;adj
emji_colombe;5;nom
amour;5;nom
mêler;5;ver
lumineux;5;adj
restauration;5;nom
accorder;5;ver
sion;5;nr
préoccupation;5;nom
emji_bougie;5;nom
maire;5;nom
attirer;5;ver
verbier;5;nr
seconde;5;nom
cap;5;nom
avis;5;nom
puis;5;con
suppression;5;nom
commentaire;5;nom
ciel;5;nom
thomas;5;nom
telles;5;adj_ind
formel;5;adj
uniquement;5;adv
licenciement;5;nom
après_des;5;nr
engin;5;nom
celui;5;pro_dem
roi;5;nom
finance;5;nom
occuper;5;ver
compétition;5;nom
ong;5;nr
majoritairement;5;adv
richard;5;adj
couvrir;5;ver
hivernal;5;adj
administration;5;nom
innovation;5;nom
soldat;5;nom
construire;5;ver
alimenter;5;ver
insécurité;5;nom
disparition;5;nom
article;5;nom
univers;5;nom
immunitaire;5;adj
avion;5;nom
circuler;5;ver
dangereux;5;adj
pied;5;nom
dépendant;5;adj
intérêt;5;nom
entièrement;5;adv
global;5;adj
idéal;5;adj
fonder;5;ver
perte;5;nom
retirer;5;ver
poupée;5;nom
championnat;5;nom
financer;5;ver
val;5;nom
elon;5;nr
musk;5;nr
x;5;adj_num
dirigeant;5;nom
studio;5;nom
création;5;nom
soulever;5;ver
faciliter;5;ver
nécessité;5;nom
influencer;5;ver
église;5;nom
là;5;ono
bonheur;5;nom
royaume;5;nom
classement;5;nom
distinction;5;nom
mode;5;nom
viral;5;adj
banque;5;nom
printemps;5;nom
supporter;5;ver
lutter;5;ver
concentrer;5;ver
emji_goutte_d_eau;5;nom
risquer;5;ver
bureau;5;nom
genou;5;nom
58;5;num
avocat;5;nom
puissant;5;adj
classique;5;adj
tenue;5;nom
témoignage;5;nom
industrie;5;nom
structure;5;nom
énergie;5;nom
faune;5;nom
présidence;5;nom
rival;5;nom
poser;5;ver
emji_feuille;5;nom
efficacité;5;nom
trace;5;nom
mobilité;5;nom
eux;5;pro_per
sembler;5;ver
crucial;5;adj
douze;5;adj_num
danse;5;nom
différent;5;adj
journal;5;nom
réussir;5;ver
suède;5;nom
comparer;5;ver
ressource;5;nom
emji_microscope;5;nom
macron;5;nr
empêcher;5;ver
cabinet;5;nom
marier;5;ver
opposant;5;nom
lauréat;5;nom
peuple;5;nom
ceux;5;pro_dem
démission;5;nom
corruption;5;nom
quant;5;nom_sup
2020;5;num
revoir;5;ver
express;5;adj
emji_poing_levé;5;nr
modifier;5;ver
insecte;5;nom
détenu;5;nom
succéder;5;ver
1000;5;num
précipitation;5;nom
hauteur;5;nom
car;5;con
chose;5;nom
principalement;5;adv
fusionner;5;ver
parole;5;nom
emji_toque_universitaire;5;nom
télévision;5;nom
perturbation;5;nom
japon;5;nom
nourriture;5;nom
tomber;5;ver
exploitation;5;nom
quand;5;con
responsable;5;adj
écrivain;5;nom
suivant;5;pre
centre_ville;5;nom
photographie;5;nom
ménage;5;nom
emji_interdiction_de_fumer;5;nom
publicité;5;nom
retard;5;nom
raclette;5;nom
précis;5;adj
lune;5;nom
corps;5;nom
enseignant;5;nom
disponible;5;adj
matériel;5;nom
refus;5;nom
loyer;5;nom
casque;5;nom
collectif;5;nom
stress;5;nom
bébé;5;nom
directement;5;adv
récolter;5;ver
volonté;5;nom
socialiste;5;adj
plr;5;nr
lac;5;nom
lara;5;nr
gut;5;nom
behrami;5;nr
pain;5;nom
centimètre;5;nom
zoo;5;nom
scandale;5;nom
yverdon;5;nr
douleur;5;nom
emji_immeuble_de_bureaux;5;nom
incroyable;5;adj
metal;5;nr
ofs;5;nr
redevance;5;nom
violer;5;ver
mexique;5;nr
alpin;5;adj
boîte;5;nom
amazonie;5;nr
fruit;5;nom
rencontrer;5;ver
croix;5;nom
souffrir;5;ver
consommer;5;ver
conséquence;5;nom
capturer;5;ver
paiement;5;nom
38;5;num
clavier;5;nom
prince;5;nom
universitaire;5;adj
durer;5;ver
aventure;5;nom
dinosaure;5;nom
conclure;5;ver
spatial;5;adj
dégât;5;nom
stationnement;5;nom
emji_tornade;5;nom
emji_caméra;5;nr
détecter;5;ver
malfaiteur;5;nom
jurassien;5;adj
divers;5;adj_ind
secours;5;nom
recenser;5;ver
caractère;5;nom
bijoux;5;nom
wilders;5;nr
arbre;5;nom
mtv;5;nr
lecornu;5;nr
emji_cotillons;4;nom
info;4;nom
fêter;4;ver
désigner;4;ver
120;4;num
emji_père_noël;4;nr
bô;4;nr
blatten;4;nr
tu;4;pro_per
quoi;4;pro_rel
di;4;nr
spécialiste;4;nom
bar;4;nom
ouvert;4;adj
établissement;4;nom
79;4;num
rouvrir;4;ver
david;4;nr
taylor;4;nr
saga;4;nom
préjudice;4;nom
dérober;4;ver
recette;4;nom
concurrence;4;nom
milliardaire;4;nom
club;4;nom
distributeur;4;nom
automatique;4;adj
ia;4;nr
garantie;4;nom
volodymyr;4;nr
foule;4;nom
terroriste;4;nom
résidence;4;nom
kiev;4;nr
emji_drapeau_syrie;4;nom
emji_colis;4;nom
distribuer;4;ver
colis;4;nom
emji_drapeau_chine;4;nom
tir;4;nom
au_delà;4;adv
kosovo;4;nr
entretien;4;nom
valaisanne;4;nr
reprise;4;nom
1970;4;num
ensuite;4;adv_sup
autant;4;adv_sup
condamnation;4;nom
perdant;4;nom
légendaire;4;adj
75;4;num
emji_drapeau_espagne;4;nom
el;4;nr
province;4;nom
poursuite;4;nom
pénurie;4;nom
carburant;4;nom
régaler;4;ver
1990;4;num
court;4;adj
immense;4;adj
netanyahu;4;nr
république;4;nom
thaïlande;4;nr
conjoint;4;nom
combat;4;nom
lucerne;4;nr
mâle;4;nom
éliminer;4;ver
emji_verre_de_vin;4;nom
avancer;4;ver
symbolique;4;adj
électrique;4;adj
suffrage;4;nom
voisin;4;nom
fréquenter;4;ver
lendemain;4;nom_sup
abandonner;4;ver
servir;4;ver
dériver;4;ver
pape;4;nom
longtemps;4;adv_sup
mot;4;nom
surpasser;4;ver
roman;4;nom
toxique;4;adj
jardin;4;nom
afrique;4;nr
srf;4;nr
associé;4;nom
malade;4;adj
bombardement;4;nom
bougie;4;nom
emji_drapeau_italie;4;nom
février;4;nom
proximité;4;nom
attente;4;nom
certain;4;adj_ind
oscar;4;nom
2029;4;num
diffusion;4;nom
d_abord;4;adv_sup
google;4;nr
whatsapp;4;nr
récupération;4;nom
mauvais;4;adj
proportion;4;nom
légèrement;4;adv
brûler;4;ver
85;4;num
diversité;4;nom
spécifiquement;4;adv
papier;4;nom
touchant;4;adj
publication;4;nom
voie;4;nom
examen;4;nom
virus;4;nom
veille;4;nom
trêve;4;nom
nocturne;4;adj
59;4;num
emji_seringue;4;nom
emji_bouclier;4;nom
peau;4;nom
cancer;4;nom
particulier;4;adj
taille;4;nom
poids;4;nom
caisse;4;nom
météosuisse;4;nr
licence;4;nom
emji_mage_homme;4;nom
hôtel;4;nom
warner;4;nr
bros;4;nr
robert;4;nom
chômage;4;nom
repas;4;nom
emploi;4;nom
essai;4;nom
clinique;4;nom
briser;4;ver
judiciaire;4;adj
shein;4;nr
apparence;4;nom
surprise;4;nom
pire;4;adj
inscription;4;nom
emji_école;4;nr
formation;4;nom
suédois;4;nom
chuv;4;nr
nidwaldien;4;nr
descente;4;nom
signe;4;nom
ordinaire;4;adj
courageux;4;adj
motiver;4;ver
responsabilité;4;nom
drame;4;nom
inciter;4;ver
initial;4;adj
définitif;4;adj
ni;4;con
issue;4;nom
assemblée;4;nom
promesse;4;nom
capitaine;4;nom
reposer;4;ver
web;4;nom
douanier;4;nom
choix;4;nom
assister;4;ver
fifa;4;nr
catégorie;4;nom
bulletin;4;nom
portugal;4;nr
consommateur;4;nom
aliment;4;nom
glacier;4;nom
habitude;4;nom
alcool;4;nom
pratiquant;4;adj
courant;4;nom
dépression;4;nom
provenance;4;nom
excessif;4;adj
perdre;4;ver
64;4;num
patron;4;nom
ampleur;4;nom
élément;4;nom
mélange;4;nom
sauce;4;nom
mesurer;4;ver
disputer;4;ver
rive;4;nom
confier;4;ver
emji_pancarte;4;nom
stade;4;nom
central;4;adj
fils;4;nom
rob;4;nr
fixer;4;ver
bulle;4;nom
micro;4;nom
rythme;4;nom
déplacement;4;nom
armer;4;ver
aquatique;4;adj
investissement;4;nom
1995;4;num
héritage;4;nom
norvégien;4;adj
investigation;4;nom
tragique;4;adj
mélodie;4;nom
adaptation;4;nom
louis;4;nom
96;4;num
rer;4;nr
dater;4;ver
emji_drapeau_corée_du_sud;4;nr
exploit;4;nom
île;4;nom
précaire;4;adj
accélérer;4;ver
emji_coeur_brisé;4;nr
doubler;4;ver
richesse;4;nom
posséder;4;ver
cérébral;4;adj
controverse;4;nom
préciser;4;ver
emji_tête_de_chien;4;nr
tirer;4;ver
recueillir;4;ver
spécimen;4;nom
partenaire;4;nom
réaffirmer;4;ver
retourner;4;ver
trop;4;adv_sup
arrestation;4;nom
celles;4;pro_dem
participation;4;nom
inquiétude;4;nom
prime;4;nom
internet;4;nom
aéroport;4;nom
erratum;4;nom
humanité;4;nom
vernier;4;nom
paul;4;nr
contribuer;4;ver
sensibiliser;4;ver
prisonnier;4;nom
innocence;4;nom
importation;4;nom
alpe;4;nom
emji_t_rex;4;nom
envoyer;4;ver
multiplier;4;ver
signature;4;nom
reporter;4;ver
concession;4;nom
tonne;4;nom
propre;4;adj
assureur;4;nom
1800;4;num
usager;4;nom
escalade;4;nom
ascension;4;nom
exister;4;ver
délai;4;nom
dehors;4;ono
rejeté;4;adj
soudan;4;nr
paramount;4;nr
rachat;4;nom
qualité;4;nom
promouvoir;4;ver
examiner;4;ver
tournoi;4;nom
lire;4;ver
écraser;4;ver
chercher;4;ver
rémunération;4;nom
37;4;num
emji_ampoule;4;nom
jimmy;4;nr
luxe;4;nom
laurent;4;nr
personnage;4;nom
voyager;4;ver
2016;4;num
ressentir;4;ver
finir;4;ver
lausannoise;4;nr
soigner;4;ver
te;4;pro_per
emji_part_de_fromage;4;nom
compétence;4;nom
interruption;4;nom
lionel;4;nr
emji_pierre_précieuse;4;nr
esthétique;4;adj
hygiène;4;nom
locataire;4;nom
inférieur;4;adj
voyageur;4;nom
chien;4;nom
autoriser;4;ver
facture;4;nom
doux;4;adj
emji_tête_qui_parle;4;nr
jury;4;nom
distinguer;4;ver
concept;4;nom
annulation;4;nom
pierre;4;nom
animation;4;nom
ps;4;nr
succession;4;nom
collègue;4;nom
accroître;4;ver
emji_thermomètre;4;nr
éducation;4;nom
idée;4;nom
extrêmement;4;adv
défaite;4;nom
sécuriser;4;ver
vulnérable;4;adj
bien_être;4;nom
libre;4;adj
galerie;4;nom
prouver;4;ver
retrait;4;nom
juste;4;adj_sup
gagner;4;ver
contraint;4;nom
presse;4;nom
exécutif;4;adj
emji_drapeau_soudan;4;nom
écarter;4;ver
considérablement;4;adv
déplorer;4;ver
qualification;4;nom
romandes;4;nr
mortalité;4;nom
harcèlement;4;nom
humoriste;4;adj
54;4;num
suicide;4;nom
riponne;4;nr
évacuer;4;ver
sein;4;nom
automobiliste;4;nom
utilisateur;4;nom
emji_adn;4;nom
inceste;4;nom
chuter;4;ver
panne;4;nom
investir;4;ver
récompenser;4;ver
atlas;4;nom
abbaye;4;nom
différents;4;adj_ind
avc;4;nr
emji_bébé;4;nr
charles;4;nr
kit;4;nom
avatar;4;nom
steam;4;nr
strict;4;adj
autonome;4;adj
postulat;4;nom
melissa;4;nr
jamaïque;4;nr
blessé;4;nom
fromage;4;nom
organisé;4;adj
payer;4;ver
terrain;4;nom
kalmaegi;4;nr
destruction;4;nom
panoramique;4;adj
emji_fourchette_et_couteau_avec_assiette;4;nom
beauté;4;nom
port;4;nom
incarcérer;4;ver
foire;4;nom
terrorisme;4;nom
emji_arbre_à_feuilles_caduques;4;nr
irlande;4;nr
meurtre;4;nom
textile;4;adj
gaz;4;nom
approcher;4;ver
jordanie;4;nr
preuve;4;nom
emji_nuage_avec_pluie;4;nom
collaboration;4;nom
emji_église;4;nr
restaurant;4;nom
affronter;4;ver
centriste;4;adj
sol;4;nom
plupart;4;adv_sup
nu;4;adj
emji_voiture_de_police;4;nom
remettre;4;ver
emji_visage_avec_des_étoiles_à_la_place_des_yeux;4;nr
virtuel;4;adj
prêter;3;ver
world;3;nr
von;3;nr
symptôme;3;nom
plutôt;3;adv
jeunesse;3;nom
collège;3;nom
chancellerie;3;nom
cliché;3;nom
regarder;3;ver
phare;3;nom
masculinisme;3;nr
négatif;3;adj
rente;3;nom
cotisation;3;nom
moniteur;3;nom
emji_haute_tension;3;nom
j;3;pro_per
k;3;nom
gravement;3;adv
cédric;3;nr
liquide;3;nom
chauffeur;3;nom
craindre;3;ver
sévère;3;adj
rappeur;3;nom
swift;3;nr
attaquer;3;ver
marin;3;nom
migros;3;nr
vraisemblablement;3;adv
souhait;3;nom
prolongé;3;adj
minorité;3;nom
syrie;3;nr
friday;3;nr
blocage;3;nom
camille;3;nr
slalom;3;nom
électeur;3;nom
anticiper;3;ver
dégager;3;ver
bardot;3;nom
constituer;3;ver
controversé;3;adj
raciste;3;adj
gagnant;3;nom
bison;3;nom
réjouir;3;ver
fervent;3;adj
espagne;3;nr
véritable;3;adj
ravager;3;ver
emji_banque;3;nom
déployer;3;ver
quel;3;adj_int
lit;3;nom
g;3;nom_sup
top;3;nom
cure;3;nom
cambodge;3;nr
artifice;3;nom
sylvestre;3;adj
oeuf;3;nom
bénévole;3;adj
désactiver;3;ver
mont;3;nom
opérateur;3;nom
certaine;3;adj_ind
semer;3;ver
trottinette;3;nom
pompier;3;nom
prévoyance;3;nom
nouveauté;3;nom
montreux;3;nr
900;3;num
emji_symbole_recyclage;3;nom
léon;3;nr
électricité;3;nom
matériau;3;nom
lâcher;3;ver
physiquement;3;adv
emji_livre_ouvert;3;nom
algérien;3;adj
excuse;3;nom
décoration;3;nom
chaux;3;nom
vitrail;3;nom
réparer;3;ver
technique;3;adj
belgique;3;nom
élite;3;nom
front;3;nom
paysage;3;nom
plaine;3;nom
montagne;3;nom
évoluer;3;ver
agriculteur;3;nom
rural;3;adj
distance;3;nom
céline;3;nr
dégrader;3;ver
festif;3;adj
pétrolier;3;adj
rome;3;nr
détenteur;3;nom
résident;3;nom
spotify;3;nr
clientèle;3;nom
contraire;3;nom
vite;3;adv_sup
simple;3;adj
exclusivement;3;adv
emji_dent;3;nom
olympique;3;adj
anglais;3;nom
fracture;3;nom
73;3;num
250;3;num
avalanche;3;nom
maps;3;nr
graffiti;3;nom
courir;3;ver
touristique;3;adj
écran;3;nom
emji_sparadrap;3;nom
médecine;3;nom
survivre;3;ver
gratuit;3;adj
usage;3;nom
rédaction;3;nom
parallèle;3;adj
introduction;3;nom
moscou;3;nr
tournant;3;nom
iii;3;nr
arracher;3;ver
façonner;3;ver
documentaire;3;nom
décevoir;3;ver
toi;3;pro_per
infection;3;nom
emji_parchemin;3;nom
époque;3;nom
ailleurs;3;adv_sup
quartier;3;nom
régulation;3;nom
efficace;3;adj
structurel;3;adj
anneau;3;nom
inaugurer;3;ver
immersion;3;nom
migrer;3;ver
cellule;3;nom
épuiser;3;ver
sensible;3;adj
type;3;nom
emji_détective;3;nr
concret;3;adj
attacher;3;ver
contenu;3;nom
emji_visage_rouge_et_chaud;3;nom
alternative;3;nom
couronner;3;ver
discovery;3;nr
ford;3;nr
incarner;3;ver
rang;3;nom
équivalent;3;nom
don;3;nom
jugement;3;nom
emji_sacs_de_shopping;3;nom
courrier;3;nom
isoler;3;ver
obligation;3;nom
2e;3;nr
tchèque;3;adj
start_up;3;nom
twitter;3;nr
84;3;num
toutefois;3;adv_sup
fashion;3;nom
christmas;3;nom
féminicide;3;nr
portable;3;adj
appareil;3;nom
antoinette;3;nr
convaincre;3;ver
loup;3;nom
accumuler;3;ver
artistique;3;adj
soleil;3;nom
ahmed;3;nr
antisémite;3;adj
plage;3;nom
facteur;3;nom
chacun;3;pro_ind
rompre;3;ver
emji_coeur_rouge;3;nr
solidarité;3;nom
emji_hockey_sur_glace;3;nom
julien;3;adj
maillot;3;nom
dragon;3;nom
glace;3;nom
éphémère;3;adj
emji_métro;3;nr
métro;3;nom
trésor;3;nom
conquérir;3;ver
kilo;3;nom
matinée;3;nom
forfait;3;nom
stable;3;adj
opportunité;3;nom
abordable;3;adj
astronomique;3;adj
48;3;num
chf;3;nr
sanction;3;nom
venezuela;3;nr
fléau;3;nom
emji_jeune_pousse;3;nom
délivrer;3;ver
alerter;3;ver
écosystème;3;nom
emji_plant_de_riz;3;nom
nourrir;3;ver
gens;3;nom
epfz;3;nr
automobile;3;nom
environnemental;3;adj
bpa;3;nr
antonio;3;nr
kast;3;nr
communiste;3;adj
incarné;3;adj
gabriel;3;nr
emji_montre;3;nom
effectif;3;nom
exigeant;3;adj
incontournable;3;adj
avent;3;nom
chalet;3;nom
cinquante;3;adj_num
diamètre;3;nom
abriter;3;ver
marc;3;nom
animé;3;adj
fidèle;3;adj
attentat;3;nom
idéologie;3;nom
contraindre;3;ver
biodiversité;3;nom
fonctionnaire;3;nom
christelle;3;nr
luisier;3;nr
carey;3;nr
thème;3;nom
inculper;3;ver
immigration;3;nom
réunion;3;nom
reportage;3;nom
rechercher;3;ver
écologique;3;adj
genre;3;nom
parc;3;nom
complet;3;adj
sérieux;3;adj
loïc;3;nr
meillard;3;nr
phase;3;nom
rassembler;3;ver
suspect;3;nom
exemplaire;3;adj
absence;3;nom
totalement;3;adv
citer;3;ver
exploser;3;ver
adolescence;3;nom
étoile;3;nom
33;3;num
mortel;3;adj
fermé;3;adj
indépendance;3;nom
for;3;nom
reléguer;3;ver
ch;3;nr
laboratoire;3;nom
détenir;3;ver
56;3;num
cerveau;3;nom
vieillesse;3;nom
nord_ouest;3;nom
militant;3;nom
justesse;3;nom
saut;3;nom
acquérir;3;ver
psa;3;nr
lapin;3;nom
poisson;3;nom
sanctionner;3;ver
décrocher;3;ver
vénézuélien;3;adj
exigence;3;nom
eurovision;3;nr
entraînement;3;nom
opérer;3;ver
réguler;3;ver
tunnel;3;nom
contrat;3;nom
immatériel;3;adj
unesco;3;nr
implication;3;nom
présumer;3;ver
emji_note_de_musique;3;nom
fascinant;3;adj
musicien;3;nom
collaborer;3;ver
vibration;3;nom
sonore;3;adj
sexiste;3;adj
2007;3;num
abaisser;3;ver
déterminer;3;ver
revue;3;nom
helvétique;3;adj
ignazio;3;nr
cassis;3;nom
afficher;3;ver
bachar;3;nr
assad;3;nr
viol;3;nom
collecte;3;nom
vs;3;nr
protester;3;ver
manifestant;3;nom
malmö;3;nr
volaille;3;nom
exportation;3;nom
user;3;ver
habituer;3;ver
emji_femme_qui_court;3;nom
épreuve;3;nom
similaire;3;adj
2031;3;num
coûter;3;ver
63;3;num
paramilitaire;3;adj
soudanais;3;nom
racisme;3;nom
séisme;3;nom
émettre;3;ver
vague;3;nom
logiciel;3;nom
emji_plume;3;nom
commandant;3;nom
gruyère;3;nom
fr;3;nr
appartenir;3;ver
intention;3;nom
tokyo;3;nr
réagir;3;ver
chimpanzé;3;nom
compiler;3;ver
fischer;3;nr
yves;3;nr
atelier;3;nom
procureur;3;nom
rentable;3;adj
rivaliser;3;ver
emji_croix;3;nom
prétendu;3;adj
divertissement;3;nom
garçon;3;nom
toilette;3;nom
commerçant;3;nom
varié;3;adj
vision;3;nom
talent;3;nom
canadien;3;adj
robot;3;nom
menu;3;nom
19h30;3;nr
sénateur;3;nom
emji_pleine_lune;3;nom
apparition;3;nom
scénario;3;nom
néerlandais;3;adj
destination;3;nom
hambourg;3;nr
soulager;3;ver
tirage;3;nom
renens;3;nr
ir95;3;nr
nyon;3;nr
fraude;3;nom
enchère;3;nom
témoin;3;nom
dentaire;3;adj
ancêtre;3;nom
rénovation;3;nom
détourner;3;ver
accessoire;3;nom
conclusion;3;nom
coach;3;nom
nouvelliste;3;nom
arc;3;nom
lémanique;3;nr
férié;3;adj
circulation;3;nom
passager;3;nom
actif;3;adj
équilibre;3;nom
feuille;3;nom
maman;3;nom
zhaw;3;nr
langage;3;nom
voici;3;pre
artisan;3;nom
centenaire;3;nom
dessiner;3;ver
pauvreté;3;nom
mandater;3;ver
2015;3;num
2030;3;num
démarrage;3;nom
systématiquement;3;adv
convention;3;nom
revanche;3;nom
varier;3;ver
présidentiel;3;adj
division;3;nom
nier;3;ver
pause;3;nom
annuellement;3;adv
innovant;3;adj
impôt;3;nom
impactant;3;nr
53;3;num
gardien;3;nom
intense;3;adj
emmanuel;3;nr
volontaire;3;adj
interviewer;3;ver
christian;3;nr
taliban;3;nom
destinée;3;nom
escroc;3;nom
confort;3;nom
commander;3;ver
solaire;3;adj
aboutir;3;ver
passionner;3;ver
caméra;3;nom
muséum;3;nom
francophone;3;adj
cran;3;nom
requin;3;nom
350;3;num
survie;3;nom
enjeu;3;nom
propagande;3;nom
recrutement;3;nom
plastique;3;nom
copper;3;nr
mountain;3;nr
différence;3;nom
2009;3;num
parquet;3;nom
mécanique;3;adj
criminel;3;nom
infliger;3;ver
ex;3;nr
tessinoise;3;nr
interne;3;adj
obliger;3;ver
cinquantaine;3;nom
ajouter;3;ver
affiche;3;nom
conférence;3;nom
zohran;3;nr
mamdani;3;nr
culte;3;nom
subvention;3;nom
ex_président;3;nom
lula;3;nr
fuite;3;nom
forcer;3;ver
remise;3;nom
visage;3;nom
2010;3;num
reculer;3;ver
régulièrement;3;adv
révélation;3;nom
bridget;3;nr
amoureux;3;adj
anticipé;3;adj
énergétique;3;adj
prévenir;3;ver
emji_globe_avec_méridiens;3;nr
portant;3;adj
partout;3;adv_sup
compliquer;3;ver
saisonnier;3;adj
je;3;pro_per
boseman;3;nr
hollywood;3;nr
b;3;nom_sup
emji_travaux;3;nom
prélever;3;ver
réintégrer;3;ver
intégrer;3;ver
secret;3;nom
sonder;3;ver
quart;3;nom
harvard;3;nr
abus;3;nom
exiger;3;ver
expression;3;nom
albert;3;nr
rösti;3;nr
rêve;3;nom
emji_enfant;3;nom
haineux;3;adj
météo;3;nom
hébergement;3;nom
lourd;3;adv
cicr;3;nr
détail;3;nom
bénéfice;3;nom
11e;3;nr
méthode;3;nom
rappeler;3;ver
vérité;3;nom
axer;3;ver
théorie;3;nom
600;3;num
photographe;3;nom
continu;3;adj
osav;3;nr
légume;3;nom
républicain;3;adj
plateau;3;nom
sauf;3;pre
déficit;3;nom
discuter;3;ver
times;3;nr
labubu;3;nr
emji_ville;3;nom
3500;3;num
honneur;3;nom
légal;3;adj
grotte;3;nom
pneu;3;nom
déchet;3;nom
décharge;3;nom
consacrer;3;ver
contemporain;3;adj
césar;3;nom
nomination;3;nom
granit;3;nom
xhaka;3;nr
demi;3;adj_sup
critère;3;nom
emji_jeu_vidéo;3;nr
valve;3;nom
machine;3;nom
ours;3;nom
mère;3;nom
neutralité;3;nom
débris;3;nom
aire;3;nom
tourisme;3;nom
reconstruction;3;nom
be;3;nr
serbe;3;adj
emji_nuage_avec_éclair_et_pluie;3;nr
barcelone;3;nr
congrès;3;nom
expert;3;nom
atp;3;nr
prêt;3;adj
récompense;3;nom
primaire;3;adj
bruit;3;nom
réparation;3;nom
intempérie;3;nom
bbc;3;nr
déclin;3;nom
libyen;3;adj
démissionner;3;ver
emji_marteau_et_clé_à_molette;3;nr
persistant;3;adj
fumer;3;ver
compléter;3;ver
déforestation;3;nom
emji_drapeau_philippines;3;nom
philippin;3;nom
archipel;3;nom
fact;3;nr
numéro;3;nom
banc;3;nom
noix;3;nom
essor;3;nom
propagation;3;nom
éthique;3;nom
emji_juge_femme;3;nom
cheffe;3;nr
répression;3;nom
vêtement;3;nom
live;3;adj
projection;3;nom
séparer;3;ver
arabe;3;nom
league;3;nr
bâtiment;3;nom
contribution;3;nom
afghanistan;3;nr
emji_construction_d_un_bâtiment;3;nr
reggaeton;3;nr
fasciner;3;ver
expédition;3;nom
économiste;3;nom
alléger;3;ver
jetten;3;nr
emji_couronne;3;nom
constellation;3;nom
insister;3;ver
partiellement;3;adv
violation;3;nom
wikipédia;3;nr
soumettre;3;ver
contester;3;ver
câble;3;nom
contrôleur;3;nom
emji_drapeau_allemagne;3;nom
sölden;3;nr
wta;3;nr
3e;3;nr
verre;3;nom
découper;3;ver
140;3;num
lisbonne;3;nr
takaichi;3;nr
valendas;3;nr
regard;3;nom
connaissance;3;nom
funiculaire;3;nom
amazon;3;nr
institution;3;nom
stéphane;3;nr
halle;3;nom
libération;3;nom
aghion;3;nr
howitt;3;nr
sébastien;3;nr
retenir;3;ver
pomme;3;nom
emji_feu_d_artifice;2;nom
heureux;2;adj
316;2;num
correspondre;2;ver
pharmacie;2;nom
fréquentation;2;nom
fragile;2;adj
confiant;2;adj
enseignement;2;nom
vevey;2;nr
perspective;2;nom
authentique;2;adj
gouvernemental;2;adj
photographier;2;ver
figurer;2;ver
best;2;nom
emji_cocktail;2;nom
inspection;2;nom
emji_argent_dans_les_yeux_et_la_bouche;2;nom
retraité;2;adj
bénéficieront;2;nr
aube;2;pre
procédé;2;nom
ajustement;2;nom
joindre;2;ver
bout;2;nom
house;2;nom
priser;2;ver
curieux;2;adj
réouverture;2;nom
rénover;2;ver
arrondissement;2;nom
cambrioleur;2;nom
informer;2;ver
emji_taxi_de_face;2;nom
uber;2;nr
implanter;2;ver
taxi;2;nom
difficulté;2;nom
passible;2;adj
beyoncé;2;nr
mari;2;nom
neuchâteloise;2;nr
inventer;2;ver
générées;2;nr
conséquent;2;adj
martial;2;adj
surprendre;2;ver
forever;2;nr
clip;2;nom
91;2;num
vladimir;2;nr
poutine;2;adj
manoeuvre;2;nom
munition;2;nom
tendre;2;ver
nick;2;nr
sexe;2;nom
set;2;nom
emji_visage_avec_un_doigt_sur_la_bouche;2;nom
silence;2;nom
emji_drapeau_kosovo;2;nom
préliminaire;2;adj
paralysant;2;adj
homologue;2;nom
clair;2;adj
1950;2;num
influent;2;adj
après_de;2;nr
chapitre;2;nom
régner;2;ver
doré;2;adj
1960;2;num
daniel;2;nr
miracle;2;nom
roller;2;nom
1994;2;num
tell;2;nom
lausannois;2;adj
explosion;2;nom
glacial;2;adj
existant;2;adj
franjo;2;nr
allmen;2;nr
emji_guitare;2;nom
guitariste;2;nom
perry;2;nr
bamonte;2;nr
tristesse;2;nom
emji_drapeau_thaïlande;2;nr
convenir;2;ver
déclaration;2;nom
cambodgien;2;adj
déplacer;2;ver
filière;2;nom
branche;2;nom
sociétal;2;adj
nez;2;nom
ramener;2;ver
5000;2;num
naturalisation;2;nom
emji_pièce;2;nr
seuil;2;nom
métal;2;nom
précieux;2;adj
héros;2;nom
instable;2;adj
éventuel;2;adj
flexibilité;2;nom
pilier;2;nom
associer;2;ver
652;2;num
emji_cadeau;2;nom
revente;2;nom
sapin;2;nom
emji_drapeau_liban;2;nom
emji_drapeau_état_de_la_cité_du_vatican;2;nr
basilique;2;nom
xiv;2;nr
emji_voiture_de_face;2;nom
ion;2;nom
échanger;2;ver
dark;2;nr
auprès_des;2;nr
emji_drapeau_algérie;2;nr
dominique;2;nr
douceur;2;nom
commettre;2;ver
génocide;2;nom
tireur;2;nom
interview;2;nom
recouvrir;2;ver
exception;2;nom
emji_visage_avec_masque;2;nom
épidémie;2;nom
onze;2;adj_num
progressivement;2;adv
hectare;2;nom
respect;2;nom
harmonieux;2;adj
dresser;2;ver
parfumé;2;adj
élaboré;2;adj
substance;2;nom
débourser;2;ver
fontaine;2;nom
gratuité;2;nom
informatique;2;nom
diversifier;2;ver
après_ski;2;nom
originaire;2;adj
zermatt;2;nr
impression;2;nom
youtube;2;nr
académie;2;nom
boxe;2;nom
anthony;2;nr
mâchoire;2;nom
réputation;2;nom
note;2;nom
bonnet;2;nom
caoutchouc;2;nom
allonger;2;ver
pointe;2;nom
ver;2;nom
molécule;2;nom
gel;2;nom
dr;2;nr
apnée;2;nom
in;2;adj_sup
égalité;2;nom
stigmate;2;nom
cesser;2;ver
existence;2;nom
éditeur;2;nom
group;2;nom
médiatique;2;adj
contraceptif;2;nom
stimuler;2;ver
pékin;2;nom
fiscal;2;adj
mariage;2;nom
parking;2;nom
stèle;2;nom
marchand;2;nom
colonie;2;nom
cisjordanie;2;nr
autorisation;2;nom
boy;2;nom
simon;2;nr
cowell;2;nr
asie_et_l;2;nr
zoug;2;nr
adhésion;2;nom
nucléaire;2;adj
emji_visage_qui_éternue;2;nr
mêmes;2;pro_ind
cheveu;2;nom
clore;2;ver
présumé;2;adj
critiquer;2;ver
emji_enveloppe;2;nom
rituel;2;nom
nourrissant;2;adj
emji_personne_jouant_au_handball;2;nom
nul;2;adj_ind
rien;2;pro_ind
statuette;2;nom
bondir;2;ver
nuisance;2;nom
slate;2;nr
psychique;2;adj
real;2;nr
matche;2;nom
seigneur;2;nom
technologie;2;nom
quelle;2;adj_int
encre;2;nom
inflammation;2;nom
chronique;2;adj
solliciter;2;ver
altérer;2;ver
variable;2;adj
vélo;2;nom
vif;2;adj
marchandise;2;nom
main;2;nom
dépenser;2;ver
renouveler;2;ver
consécutif;2;adj
renommée;2;nom
charme;2;nom
deutschland;2;nr
sag;2;nr
aftra;2;nr
award;2;nr
profession;2;nom
jones;2;nr
han;2;adj
stan;2;nr
wawrinka;2;nr
diabète;2;nom
californien;2;adj
hormone;2;nom
persister;2;ver
notable;2;adj
mi;2;nom_sup
suspendre;2;ver
volontairement;2;adv
illicite;2;adj
fillette;2;nom
fléchette;2;nom
van;2;nom_sup
distribution;2;nom
universel;2;adj
périphérique;2;nom
gardena;2;nr
jan;2;nr
centième;2;adj
emji_oiseau;2;nom
recréer;2;ver
solde;2;nom
marge;2;nom
recourir;2;ver
faute;2;nom
pull;2;nom
code;2;nom
enceinte;2;adj
67;2;num
réglementation;2;nom
spot;2;nom
cuisiner;2;ver
forêt;2;nom
emji_drapeau_suède;2;nr
remédier;2;ver
peggy;2;nr
chekroun;2;nr
perception;2;nom
inaction;2;nom
jurassiennes;2;nr
marcel;2;nom
moutier;2;nom
matcher;2;ver
tache;2;nom
laponie;2;nr
vitrine;2;nom
antique;2;adj
technologique;2;adj
apparaître;2;ver
célébrité;2;nom
fortnite;2;nr
combiner;2;ver
emji_huître;2;nr
127;2;num
mobile;2;nom
ge;2;nr
avance;2;nom
hébergements;2;nr
fréquent;2;adj
enthousiaste;2;adj
irrégularité;2;nom
expertise;2;nom
graphologique;2;adj
blocus;2;nom
azulejo;2;nom
lucratif;2;adj
brigade;2;nom
emji_tube_à_essai;2;nr
pesticide;2;nom
agronomique;2;adj
privilégier;2;ver
alimentation;2;nom
élevage;2;nom
abandon;2;nom
excuser;2;ver
réfléchir;2;ver
réflexe;2;nom
constructeur;2;nom
josé;2;nr
chili;2;nom
jeannette;2;nom
jara;2;nr
dictature;2;nom
pinochet;2;nr
admirateur;2;nom
ultralibéral;2;nr
sécuritaire;2;adj
criminalité;2;nom
expulsion;2;nom
migrant;2;adj
souffrance;2;nom
bouger;2;ver
échec;2;nom
observation;2;nom
180;2;num
volume;2;nom
ralentissement;2;nom
rht;2;nr
ponctualité;2;nom
xvie;2;nr
attention;2;ono
détacher;2;ver
horlogerie;2;nom
emji_frites;2;nom
entendeur;2;nom
couronne;2;nom
empreinte;2;nom
télévisé;2;adj
lui_même;2;pro_per
probablement;2;adv
emji_chat;2;nom
relâcher;2;ver
amener;2;ver
celle_ci;2;pro_dem
rapace;2;adj
mobilisation;2;nom
mariah;2;nr
spectateur;2;nom
260;2;num
reiner;2;nr
800;2;num
registre;2;nom
portugais;2;nom
entourer;2;ver
plongée;2;nom
coulisse;2;nom
reconvilier;2;nr
renaturation;2;nr
2018;2;num
attirant;2;adj
original;2;nom
emji_bus;2;nom
pôle;2;nom
doter;2;ver
urbain;2;adj
bosnie;2;nr
trente;2;adj_num
prudence;2;nom
victorieux;2;adj
isère;2;nr
emji_croissant_de_lune;2;nom
minuit;2;nom
profond;2;adj
british;2;adj
blessant;2;adj
célébration;2;nom
emji_canard;2;nom
canard;2;nom
werner;2;nr
tchip;2;nr
tessin;2;nr
fier;2;ver
enquêter;2;ver
post;2;adv
estimation;2;nom
séoul;2;nr
solitude;2;nom
formidable;2;adj
demi_finale;2;nom
dictionnaire;2;nom
oeil;2;nom
filant;2;adj
pollution;2;nom
grec;2;nom
réfugier;2;ver
asile;2;nom
economist;2;nr
célibat;2;nom
engendrer;2;ver
you;2;nr
last;2;nr
esprit;2;nom
inégalité;2;nom
accentuer;2;ver
pauvre;2;adj
001;2;num
cambridge;2;nr
dur;2;adj
scanner;2;ver
bruxelles;2;nr
amsterdam;2;nr
briguer;2;ver
emprunter;2;ver
acheter;2;ver
f;2;nom_sup
jet;2;nom
sonnette;2;nom
alarme;2;nom
079;2;num
572;2;num
rongeur;2;nom
emji_tête_qui_explose;2;nr
circuit;2;nom
moritz;2;nr
emji_orang_outan;2;nom
comedy;2;nr
wildlife;2;nr
angle;2;nom
inattendu;2;adj
submerger;2;ver
téléphonique;2;adj
oslo;2;nr
corina;2;nr
machado;2;nr
rentrer;2;ver
chanter;2;ver
préalable;2;nom
guider;2;ver
joie;2;nom
trophée;2;nom
bulgare;2;adj
célibataire;2;adj
misogyne;2;adj
contourner;2;ver
michelle;2;nr
emji_radio;2;nom
dab;2;nom
cannabis;2;nom
municipalité;2;nom
féliciter;2;ver
desservir;2;ver
proie;2;nom
temporaire;2;adj
représentatif;2;adj
rex;2;nom
communication;2;nom
composition;2;nom
clara;2;nr
rarement;2;adv
agresseur;2;nom
instance;2;nom
libye;2;nr
dépeindre;2;ver
mutuellement;2;adv
thaïlandais;2;adj
fuir;2;ver
intensif;2;adj
circonstance;2;nom
impressionnant;2;adj
ptérosaure;2;nr
telle;2;adj_ind
valable;2;adj
libéral;2;adj
radical;2;adj
gallois;2;adj
vice_président;2;nom
prévision;2;nom
exploiter;2;ver
spécialement;2;adv
débuteront;2;nr
starlink;2;nr
atterrir;2;ver
d_ores_et_déjà;2;adv
305;2;num
défilé;2;nom
métier;2;nom
poulet;2;nom
chlore;2;nom
favorable;2;adj
renvoyer;2;ver
assouplir;2;ver
invoquer;2;ver
2600;2;num
1400;2;num
emji_homme_qui_court;2;nom
marathon;2;nom
désactivation;2;nom
sévèrement;2;adv
114;2;num
maternel;2;adj
secouriste;2;nom
skydance;2;nr
concurrent;2;nom
wbd;2;nr
valoriser;2;ver
aigle;2;nom
oui;2;adv_sup
suffire;2;ver
argument;2;nom
candidature;2;nom
chant;2;nom
pratiquer;2;ver
identité;2;nom
dialogue;2;nom
magnitude;2;nom
secouer;2;ver
épicentre;2;nom
menaçant;2;adj
côte;2;nom
iwate;2;nr
fortune;2;nom
chasse;2;nom
emji_policier;2;nom
monumental;2;adj
funéraire;2;adj
prostitution;2;nom
isolé;2;adj
quarantaine;2;nom
désiré;2;adj
jouet;2;nom
emji_empreintes_d_animaux;2;nom
turc;2;adj
filmer;2;ver
génétique;2;adj
emji_femme;2;nom
emballage;2;nom
stephen;2;nr
youtubeur;2;nr
confondu;2;adj
fabriquer;2;ver
approvisionnement;2;nom
diffuseur;2;nom
audience;2;nom
réalisateur;2;nom
conduite;2;nom
cher;2;adj
auto_écoles;2;nr
acquisition;2;nom
83;2;num
emparer;2;ver
catalogue;2;nom
disney;2;nr
élever;2;ver
rychner;2;nr
roulotte;2;nom
ju;2;nr
capsule;2;nom
littérature;2;nom
sses;2;nr
effraction;2;nom
bouteille;2;nom
agglomération;2;nom
attractivité;2;nr
emji_médaille_d;2;nr
1839;2;num
photography;2;nr
shanghai;2;nr
architecte;2;nom
planète;2;nom
good;2;nr
disposition;2;nom
vingtaine;2;nom
creux;2;adj
interpellation;2;nom
doute;2;nom
confirmé;2;adj
outre;2;pre
céleste;2;adj
brillant;2;adj
41e;2;nr
emji_drapeau_autriche;2;nom
espagnol;2;nom
irlandais;2;adj
ryan;2;nr
gland;2;nom
ic1;2;nr
ir;2;nr
ir15;2;nr
ir57;2;nr
ir90;2;nr
re33;2;nr
rolle;2;nom
emji_bombe;2;nom
dugerdil;2;nr
chance;2;nom
vaudoises;2;nr
somme;2;nom
tartre;2;nom
désagrément;2;nom
fenêtre;2;nom
bactérie;2;nom
disparu;2;nom
antibiotique;2;nom
festi;2;nr
neuch;2;nr
programmation;2;nom
paradis;2;nom
gaël;2;nr
rock;2;nom
résilier;2;ver
congé;2;nom
accusé;2;nom
motif;2;nom
fonctionner;2;ver
patrick;2;nr
sélectionneur;2;nom
nestlé;2;nr
asf;2;nr
jonathan;2;nr
châble;2;nr
routine;2;nom
emji_main_qui_écrit;2;nr
pétition;2;nom
enfantin;2;adj
écharpe;2;nom
clairement;2;adv
anticipation;2;nom
attrayant;2;adj
mieux;2;adv_sup
démontrer;2;ver
hiberner;2;ver
assistant;2;nom
zurichois;2;nom
appliquer;2;ver
scandinavie;2;nr
emji_maison_avec_jardin;2;nom
76;2;num
apprécier;2;ver
ambiance;2;nom
chaleureux;2;adj
possibilité;2;nom
financeurs;2;nr
vital;2;adj
calculer;2;ver
remplir;2;ver
quinze;2;adj_num
dénonciation;2;nom
page;2;nom
ofsp;2;nr
renaître;2;ver
neutralisation;2;nom
enlèvement;2;nom
zootopie;2;nr
box_office;2;nom
quatrième;2;adj
marvel;2;nr
pédopornographique;2;nr
généralement;2;adv
évian;2;nr
rejet;2;nom
78;2;num
61;2;num
expérimenté;2;adj
grandeur;2;nom
confronter;2;ver
évènement;2;nom
mince;2;ono
instauration;2;nom
celui_ci;2;pro_dem
thérapie;2;nom
désir;2;nom
fantasme;2;nom
sensoriel;2;adj
climate;2;nr
simuler;2;ver
clot;2;nr
chaleur;2;nom
spirituel;2;adj
rafel;2;nr
navarro;2;nr
emji_famille_homme_femme_fille_et_garçon;2;nr
emji_boisson_chaude;2;nom
isolement;2;nom
plaisir;2;nom
certitude;2;nom
encourir;2;ver
asie;2;nr
grimper;2;ver
emji_microbe;2;nom
infestation;2;nom
dommage;2;ono
préoccupant;2;adj
montana;2;nr
emji_requin;2;nom
compagnon;2;nom
schéma;2;nom
klaus;2;nr
ouvrage;2;nom
puidoux;2;nr
bus;2;nom
lot;2;nom
contaminer;2;ver
240;2;num
embauche;2;nom
nice;2;nom
emji_réveil;2;nr
sérieusement;2;adv
remontée;2;nom
coupable;2;adj
assassinat;2;nom
enterrer;2;ver
auto;2;nom
elles_mêmes;2;pro_per
86;2;num
pleuvoir;2;ver
millimètre;2;nom
flottille;2;nom
rembourser;2;ver
prestation;2;nom
colère;2;nom
linguistique;2;nom
emji_trois_heures;2;nom
rétablir;2;ver
correspondance;2;nom
hong_kong;2;nom
escroquerie;2;nom
consister;2;ver
profondeur;2;nom
birdlife;2;nr
emji_statue_de_la_liberté;2;nr
tel;2;adj_ind
jair;2;nr
bolsonaro;2;nr
purger;2;ver
transfert;2;nom
fréquemment;2;adv
stock;2;nom
manipuler;2;ver
vide;2;adj
juridique;2;adj
diablerets;2;nr
séverine;2;nr
chavrier;2;nr
comédie;2;nom
tribune;2;nom
audit;2;pre
externe;2;adj
emji_appareil_photo;2;nom
lancet;2;nr
statue;2;nom
chardonnay;2;nom
gorge;2;nom
progresser;2;ver
energie;2;nr
telegram;2;nr
bal;2;nom
conjugal;2;adj
combattre;2;ver
revendication;2;nom
infini;2;adj
permanent;2;adj
retombée;2;nom
buffon;2;nr
sélection;2;nom
tarifaire;2;nr
emji_drapeau_jamaïque;2;nr
jamaïcain;2;adj
cliff;2;nr
81;2;num
triste;2;adj
mon;2;adj_pos
économiser;2;ver
270;2;num
335;2;num
inflation;2;nom
alias;2;adv_sup
abonné;2;nom
énorme;2;adj
emji_étoile_brillante;2;nr
généreux;2;adj
frédéric;2;nr
exorbitant;2;adj
ricola;2;nr
menthe;2;nom
fusil;2;nom
assaut;2;nom
traditionnellement;2;adv
baromètre;2;nom
dément;2;adj
brévine;2;nr
emji_oeuf_au_plat;2;nr
rumeur;2;nom
petit_déjeuner;2;nom
allié;2;nom
consensus;2;nom
hostile;2;adj
3000;2;num
infirmier;2;nom
sûr;2;adj
pourparlers;2;nom
orchestrer;2;ver
activiste;2;nom
observateur;2;nom
mécontentement;2;nom
mélanie;2;nr
décisif;2;adj
détriment;2;nom
gueule;2;nom
kahlo;2;nr
peindre;2;ver
dormir;2;ver
squelette;2;nom
folklorique;2;adj
mexicain;2;nom
schwyz;2;nr
emji_ciseaux;2;nom
jeter;2;ver
bel;2;adj
contredire;2;ver
amical;2;adj
familial;2;adj
bob;2;nom
crack;2;nom
stand;2;nom
fumée;2;nom
extérieur;2;nom
redécouvrir;2;ver
vidy;2;nr
pénétrer;2;ver
archéologique;2;adj
voler;2;ver
corcelles;2;nr
emji_nuage_avec_neige;2;nom
denis;2;nr
meta;2;nr
licencier;2;ver
pré;2;nom
complice;2;nom
ghislaine;2;nr
maxwell;2;nr
roux;2;adj
hospitalier;2;adj
stop;2;nom
faîtier;2;adj
tabou;2;adj
emji_soleil_avec_visage;2;nom
unicef;2;nr
emji_pomme_rouge;2;nom
boisson;2;nom
sucré;2;adj
quotidiennement;2;adv
morceau;2;nom
silencieux;2;adj
hans;2;nr
politicien;2;nom
charge;2;nom
taxer;2;ver
quels;2;adj_int
pristina;2;nr
géologue;2;nom
brienz;2;nr
grison;2;nom
déséquilibre;2;nom
cloudflare;2;nr
chatgpt;2;nr
signalement;2;nom
colm;2;nr
kelleher;2;nr
scott;2;nr
bessent;2;nr
emji_ours_en_peluche;2;nom
cinématographique;2;adj
expansion;2;nom
fossé;2;nom
sotomo;2;nr
tataki;2;nr
emji_drapeau_nations_unies;2;nom
étendue;2;nom
tom;2;nom
emji_carte_du_monde;2;nom
emji_visage_bleu_et_froid;2;nom
normal;2;adj
inhabituellement;2;adv
clément;2;adj
modération;2;nom
satisfaisant;2;adj
éclairage;2;nom
vaisseau;2;nom
sanguin;2;adj
vasculaire;2;adj
endroit;2;nom
acheminer;2;ver
emji_ordinateur_de_bureau;2;nom
végétal;2;adj
maintenant;2;adv_sup
cigogne;2;nom
elmiger;2;nr
primé;2;adj
emji_clavier;2;nom
james;2;nr
oncue;2;nr
parkinson;2;nom
tremblement;2;nom
intègre;2;adj
design;2;nom
personnalisable;2;nr
catherine;2;nr
show;2;nom
coéquipier;2;nom
parfaitement;2;adv
prématuré;2;adj
aya;2;nom
emji_fondue;2;nom
fondue;2;nom
triompher;2;ver
aop;2;nr
sang;2;nom
menstruel;2;adj
échantillon;2;nom
emji_volcan;2;nom
clan;2;nom
volcan;2;nom
hybride;2;nom
xbox;2;nr
playstation;2;nr
inconnu;2;nom
emji_ours;2;nom
abattre;2;ver
inquiétant;2;adj
département;2;nom
emji_raisin;2;nom
emji_deux_coeurs;2;nr
femelle;2;nom
paléontologue;2;nom
vertèbre;2;nom
accidentellement;2;adv
72;2;num
parcourir;2;ver
assistance;2;nom
moderniser;2;ver
hug;2;nr
administrateur;2;nom
gestion;2;nom
couple;2;nom
séparation;2;nom
emji_fusée;2;nr
emji_voie_lactée;2;nr
visiter;2;ver
77;2;num
sarajevo;2;nr
terrasse;2;nom
commando;2;nom
terreur;2;nom
emji_soleil;2;nom
barre;2;nom
indemnisation;2;nom
équipement;2;nom
catalan;2;nom
schertenleib;2;nr
individuel;2;adj
emji_douche;2;nom
douche;2;nom
paralysie;2;nom
assumer;2;ver
emji_voilier;2;nom
épave;2;nom
hoi;2;nr
vietnam;2;nr
navire;2;nom
130;2;num
obus;2;nom
unité;2;nom
101e;2;nr
emji_soleil_levant_derrière_les_montagnes;2;nr
aurore;2;nom
boréal;2;adj
maillard;2;nr
demain;2;adv_sup
inhabituel;2;adj
epson;2;nr
pano;2;adj
restriction;2;nom
encadrer;2;ver
autrefois;2;pro_ind
progressiste;2;adj
king;2;nr
elisabeth;2;nr
schneider;2;nr
gremlins;2;nr
mythique;2;adj
microbiome;2;nr
intestinal;2;adj
intestin;2;nom
précoce;2;adj
coréen;2;adj
beauty;2;nr
imperfection;2;nom
sud_coréen;2;adj
training;2;nom
diviser;2;ver
montre_bracelet;2;nom
fécondité;2;nom
ordonner;2;ver
éléphant;2;nom
captif;2;adj
pangea;2;nr
incarcération;2;nom
emji_grande_roue;2;nom
555e;2;nr
emji_décamper;2;nr
fumeur;2;nom
probable;2;adj
chareh;2;nr
renversement;2;nom
photographer;2;nr
year;2;nr
fung;2;adj
wong;2;nr
océan;2;nom
checking;2;nr
échelle;2;nom
piéger;2;ver
classer;2;ver
enfin;2;adv_sup
faillite;2;nom
wenger;2;nr
cardiovasculaires;2;nr
monstrueux;2;adj
monstre;2;nom
serveur;2;nom
statut;2;nom
joseph;2;nom
lettre;2;nom
ipi;2;nr
vitamine;2;nom
activer;2;ver
balcon;2;nom
aviaire;2;adj
occupant;2;nom
recrudescence;2;nom
embrasser;2;ver
intercepter;2;ver
pelosi;2;nr
dun;2;nr
canon;2;nom
adn;2;nr
martin;2;nom
calme;2;nom
emji_drapeau_irlande;2;nom
franchir;2;ver
pionnier;2;nom
discipline;2;nom
débloquer;2;ver
emji_t_shirt;2;nom
rallier;2;ver
quinzaine;2;nom
copenhague;2;nr
automatiquement;2;adv
tabagisme;2;nom
priver;2;ver
avion_cargo;2;nom
équipage;2;nom
hawaï;2;nr
contrairement;2;adv
ravage;2;nom
93;2;num
résoudre;2;ver
innovantes;2;nr
château;2;nom
castor;2;nom
colon;2;nom
luminosité;2;nom
brutal;2;adj
pia;2;nr
sundhage;2;nr
turquie;2;nr
qatar;2;nr
émirat;2;nom
pakistan;2;nr
indonésie;2;nr
section;2;nom
positionner;2;ver
2x;2;nr
progression;2;nom
ongle;2;nom
allier;2;ver
conducteur;2;nom
graine;2;nom
appuyer;2;ver
onde;2;nom
emji_drapeau_afghanistan;2;nom
meurtrier;2;nom
exclure;2;ver
omar;2;nr
460;2;num
maternité;2;nom
lugano;2;nr
prédire;2;ver
prevost;2;nr
françois;2;nr
cardinal;2;nom
facturer;2;ver
ineichen;2;nr
nippon;2;adj
nta;2;nr
parisien;2;adj
rassemblement;2;nom
disperser;2;ver
cultivé;2;adj
préparation;2;nom
catan;2;nr
scriptées;2;nr
teuber;2;nr
roy;2;nom
impactés;2;nr
chantier;2;nom
promotion;2;nom
gp;2;nr
malaisie;2;nr
fer;2;nom
religieux;2;adj
sortant;2;adj
97;2;num
700;2;num
pacifique;2;adj
surveiller;2;ver
patois;2;nom
walkman;2;nom
lecteur;2;nom
transmettre;2;ver
halloween;2;nom
horreur;2;nom
cathédrale;2;nom
zucman;2;nr
contribuable;2;nom
exil;2;nom
caraïbe;2;nom
haïti;2;nr
diego;2;nr
bleu;2;adj
argentin;2;adj
emji_drapeau_pays_bas;2;nom
d66;2;nr
geert;2;nr
emji_avion_au_décollage;2;nr
windsor;2;nr
minimiser;2;ver
2500;2;num
sismique;2;adj
giroud;2;nr
vérifier;2;ver
emji_ballon_gonflable;2;nom
montgolfière;2;nom
obsèques;2;nom
préférer;2;ver
demeure;2;nom
fait;2;nom
apollon;2;nom
aggraver;2;ver
beyeler;2;nr
xi;2;nr
jinping;2;nr
corée;2;nr
prolifération;2;nom
vandalisme;2;nom
skiable;2;adj
considérable;2;adj
précaution;2;nom
flagrant;2;adj
encyclopédie;2;nom
mâchefers;2;nr
stockage;2;nom
surpoids;2;nom
refuge;2;nom
chaussure;2;nom
correctionnel;2;adj
répandre;2;ver
sumo;2;nom
zweifel;2;nr
chips;2;nom
aromat;2;nr
kg;2;nr
féminisme;2;nom
rega;2;nr
92;2;num
bakary;2;nr
lacrymogène;2;adj
balle;2;nom
planter;2;ver
uicn;2;nr
choc;2;nom
catastrophique;2;adj
emji_champignon;2;nom
björk;2;nr
finn;2;nr
ursina;2;nr
réserve;2;nom
parer;2;ver
reine;2;nom
carnivore;2;adj
profit;2;nom
vanter;2;ver
chauffer;2;ver
dalaï_lama;2;nom
thurgovie;2;nr
souffrant;2;adj
grégory;2;nr
repérer;2;ver
accéder;2;ver
coude;2;nom
astérix;2;nr
journalière;2;nom
rafale;2;nom
emji_chien;2;nom
alarmant;2;adj
emji_baril_de_pétrole;2;nr
immédiatement;2;adv
automnal;2;adj
réviser;2;ver
entretenir;2;ver
emblème;2;nom
moustique;2;nom
islande;2;nr
transplantation;2;nom
cardiopathie;2;nr
congénital;2;adj
défaillant;2;adj
moto;2;nom
inox;2;nom
stratus;2;nom
conservation;2;nom
emji_drapeau_japon;2;nom
nationaliste;2;adj
sanae;2;nr
pegasos;2;nr
client;2;nom
emji_cadenas_fermé;2;nr
clamer;2;ver
fedpol;2;nr
vapko;2;nr
champignouf;2;nr
picture;2;nr
mushroom;2;nr
domination;2;nom
pologne;2;nr
sam;2;nr
athlète;2;nom
stabilité;2;nom
rose;2;adj
cordonnier;2;nom
réinventer;2;ver
palestine;2;nr
emmener;2;ver
jubillar;2;nr
freiner;2;ver
survivant;2;nom
indignation;2;nom
meo;2;nr
sanitaire;2;adj
mathieu;2;nr
neurologique;2;adj
alzheimer;2;nr
invalidité;2;nom
fast;2;nr
environnementales;2;nr
moderne;2;adj
amérique;2;nom
peter;2;nr
méga;2;adj
atmosphère;2;nom
alien;2;nr
mokyr;2;nr
autodiagnostics;2;nr
eliot;2;nr
reconduire;2;ver
censurer;2;ver
passionné;2;adj
kusama;2;nr
mercier;2;nom
épisode;2;nom
podcast;2;nr
carnet;2;nom
2034;2;num
masculinistes;2;nr
finaliste;2;nom
après_deux;2;nr
gta;2;nr
emji_médaille_sportive;2;nr
764;2;num
météorite;2;nom
résolution;2;nom