"";"";"";"";"*postLikes_7000";""
"1";"*postLikes_7000";"-1.75317452063938";"-2.22102025349071";"1.98723446743716";"13"
"2";"*i_0905";"-1.75317452063938";"-2.22102025349071";"1.98723446743716";"16"
"3";"*i_0861";"-1.75317452063938";"-2.22102025349071";"1.98723446743716";"17"
"4";"*i_0801";"-1.75317452063938";"-2.22102025349071";"1.98723446743716";"18"
"5";"*postReposts_131";"-1.75317452063938";"-2.22102025349071";"1.98723446743716";"19"
"6";"*i_0732";"-1.75317452063938";"-2.22102025349071";"1.98723446743716";"20"
"7";"*i_0608";"-1.75317452063938";"-2.22102025349071";"1.98723446743716";"22"
"8";"*i_0574";"-1.75317452063938";"-2.22102025349071";"1.98723446743716";"23"
"9";"*i_0563";"-1.75317452063938";"-2.22102025349071";"1.98723446743716";"24"
"10";"*i_0513";"-1.75317452063938";"-2.22102025349071";"1.98723446743716";"25"
"11";"*i_0480";"-1.75317452063938";"-2.22102025349071";"1.98723446743716";"26"
"12";"*i_0468";"-1.75317452063938";"-2.22102025349071";"1.98723446743716";"27"
"13";"*postLikes_11900";"-1.75317452063938";"-2.22102025349071";"1.98723446743716";"28"
"14";"*postReposts_218";"-1.75317452063938";"-2.22102025349071";"1.98723446743716";"29"
"15";"*i_0459";"-1.75317452063938";"-2.22102025349071";"1.98723446743716";"30"
"16";"*i_0436";"-1.75317452063938";"-2.22102025349071";"1.98723446743716";"31"
"17";"*i_0411";"-1.75317452063938";"-2.22102025349071";"1.98723446743716";"32"
"18";"*i_0312";"-1.75317452063938";"-2.22102025349071";"1.98723446743716";"33"
"19";"*i_0272";"-1.75317452063938";"-2.22102025349071";"1.98723446743716";"34"
"20";"*i_0197";"-1.75317452063938";"-2.22102025349071";"1.98723446743716";"35"
"21";"*i_0179";"-1.75317452063938";"-2.22102025349071";"1.98723446743716";"36"
"22";"*i_0107";"-1.75317452063938";"-2.22102025349071";"1.98723446743716";"37"
"23";"*postLikes_15700";"-1.75317452063938";"-2.22102025349071";"1.98723446743716";"38"
"24";"*i_0078";"-1.75317452063938";"-2.22102025349071";"1.98723446743716";"40"
"25";"*i_0061";"-1.75317452063938";"-2.22102025349071";"1.98723446743716";"41"
"26";"*i_0051";"-1.75317452063938";"-2.22102025349071";"1.98723446743716";"42"
"27";"*i_0043";"-1.75317452063938";"-2.22102025349071";"1.98723446743716";"43"
"28";"*postReposts_116";"-1.75317452063938";"-2.22102025349071";"1.98723446743716";"44"
"29";"*i_0025";"-1.75317452063938";"-2.22102025349071";"1.98723446743716";"45"
"30";"*postLikes_987";"-1.75317452063938";"-2.22102025349071";"1.98723446743716";"46"
"31";"*i_0007";"-1.75317452063938";"-2.22102025349071";"1.98723446743716";"47"
"32";"*i_0756";"1.37212102890775";"1.36726958999826";"1.98723446743716";"53"
"33";"*postComments_202";"1.37212102890775";"1.36726958999826";"1.98723446743716";"54"
"34";"*i_0698";"1.37212102890775";"1.36726958999826";"1.98723446743716";"55"
"35";"*i_0595";"1.37212102890775";"1.36726958999826";"1.98723446743716";"57"
"36";"*i_0570";"1.37212102890775";"1.36726958999826";"1.98723446743716";"58"
"37";"*i_0493";"1.37212102890775";"1.36726958999826";"1.98723446743716";"59"
"38";"*i_0457";"1.37212102890775";"1.36726958999826";"1.98723446743716";"60"
"39";"*postComments_186";"1.37212102890775";"1.36726958999826";"1.98723446743716";"61"
"40";"*i_0419";"1.37212102890775";"1.36726958999826";"1.98723446743716";"62"
"41";"*i_0401";"1.37212102890775";"1.36726958999826";"1.98723446743716";"63"
"42";"*i_0400";"1.37212102890775";"1.36726958999826";"1.98723446743716";"64"
"43";"*i_0398";"1.37212102890775";"1.36726958999826";"1.98723446743716";"65"
"44";"*i_0394";"1.37212102890775";"1.36726958999826";"1.98723446743716";"66"
"45";"*i_0363";"1.37212102890775";"1.36726958999826";"1.98723446743716";"67"
"46";"*i_0352";"1.37212102890775";"1.36726958999826";"1.98723446743716";"68"
"47";"*i_0345";"1.37212102890775";"1.36726958999826";"1.98723446743716";"69"
"48";"*postLikes_8000";"1.37212102890775";"1.36726958999826";"1.98723446743716";"70"
"49";"*i_0335";"1.37212102890775";"1.36726958999826";"1.98723446743716";"71"
"50";"*i_0266";"1.37212102890775";"1.36726958999826";"1.98723446743716";"72"
"51";"*i_0216";"1.37212102890775";"1.36726958999826";"1.98723446743716";"73"
"52";"*i_0195";"1.37212102890775";"1.36726958999826";"1.98723446743716";"74"
"53";"*i_0170";"1.37212102890775";"1.36726958999826";"1.98723446743716";"75"
"54";"*i_0167";"1.37212102890775";"1.36726958999826";"1.98723446743716";"76"
"55";"*postLikes_903";"1.37212102890775";"1.36726958999826";"1.98723446743716";"77"
"56";"*i_0158";"1.37212102890775";"1.36726958999826";"1.98723446743716";"78"
"57";"*i_0138";"1.37212102890775";"1.36726958999826";"1.98723446743716";"79"
"58";"*i_0079";"1.37212102890775";"1.36726958999826";"1.98723446743716";"80"
"59";"*postLikes_16400";"1.37212102890775";"1.36726958999826";"1.98723446743716";"81"
"60";"*postComments_283";"1.37212102890775";"1.36726958999826";"1.98723446743716";"82"
"61";"*postReposts_605";"1.37212102890775";"1.36726958999826";"1.98723446743716";"83"
"62";"*i_0004";"1.37212102890775";"1.36726958999826";"1.98723446743716";"84"
"63";"*postLikes_4800";"0.060549452277886";"0.258511214197772";"1.91727116147874";"86"
"64";"*postReposts_95";"-2.17241273026262";"2.20132345926316";"1.90711165472654";"94"
"65";"*i_0959";"-2.17241273026262";"2.20132345926316";"1.90711165472654";"95"
"66";"*i_0927";"-2.17241273026262";"2.20132345926316";"1.90711165472654";"96"
"67";"*postReposts_160";"-2.17241273026262";"2.20132345926316";"1.90711165472654";"97"
"68";"*i_0910";"-2.17241273026262";"2.20132345926316";"1.90711165472654";"98"
"69";"*i_0907";"-2.17241273026262";"2.20132345926316";"1.90711165472654";"99"
"70";"*i_0868";"-2.17241273026262";"2.20132345926316";"1.90711165472654";"100"
"71";"*i_0830";"-2.17241273026262";"2.20132345926316";"1.90711165472654";"101"
"72";"*i_0814";"-2.17241273026262";"2.20132345926316";"1.90711165472654";"102"
"73";"*postReposts_362";"-2.17241273026262";"2.20132345926316";"1.90711165472654";"103"
"74";"*i_0694";"-2.17241273026262";"2.20132345926316";"1.90711165472654";"104"
"75";"*i_0569";"-2.17241273026262";"2.20132345926316";"1.90711165472654";"106"
"76";"*postLikes_11600";"-2.17241273026262";"2.20132345926316";"1.90711165472654";"107"
"77";"*postReposts_233";"-2.17241273026262";"2.20132345926316";"1.90711165472654";"108"
"78";"*i_0536";"-2.17241273026262";"2.20132345926316";"1.90711165472654";"109"
"79";"*i_0507";"-2.17241273026262";"2.20132345926316";"1.90711165472654";"110"
"80";"*i_0490";"-2.17241273026262";"2.20132345926316";"1.90711165472654";"111"
"81";"*i_0405";"-2.17241273026262";"2.20132345926316";"1.90711165472654";"112"
"82";"*i_0367";"-2.17241273026262";"2.20132345926316";"1.90711165472654";"113"
"83";"*i_0329";"-2.17241273026262";"2.20132345926316";"1.90711165472654";"114"
"84";"*i_0294";"-2.17241273026262";"2.20132345926316";"1.90711165472654";"115"
"85";"*i_0290";"-2.17241273026262";"2.20132345926316";"1.90711165472654";"116"
"86";"*i_0238";"-2.17241273026262";"2.20132345926316";"1.90711165472654";"117"
"87";"*i_0191";"-2.17241273026262";"2.20132345926316";"1.90711165472654";"118"
"88";"*i_0136";"-2.17241273026262";"2.20132345926316";"1.90711165472654";"119"
"89";"*postReposts_217";"-2.17241273026262";"2.20132345926316";"1.90711165472654";"120"
"90";"*i_0090";"-2.17241273026262";"2.20132345926316";"1.90711165472654";"121"
"91";"*i_0086";"-2.17241273026262";"2.20132345926316";"1.90711165472654";"122"
"92";"*i_0084";"-2.17241273026262";"2.20132345926316";"1.90711165472654";"123"
"93";"*i_0026";"-2.17241273026262";"2.20132345926316";"1.90711165472654";"124"
"94";"*postLikes_17800";"-2.17241273026262";"2.20132345926316";"1.90711165472654";"125"
"95";"*i_0014";"-2.17241273026262";"2.20132345926316";"1.90711165472654";"126"
"96";"*i_0010";"-2.17241273026262";"2.20132345926316";"1.90711165472654";"127"
"97";"*postLikes_21200";"-2.17241273026262";"2.20132345926316";"1.90711165472654";"128"
"98";"*postComments_769";"-2.17241273026262";"2.20132345926316";"1.90711165472654";"129"
"99";"*postDate_25-12-2025";"0.00625062973011771";"-1.16100446694206";"1.8847607398717";"130"
"100";"*i_0918";"-0.983831665476242";"-2.12586828539016";"1.87081201168218";"132"
"101";"*postReposts_264";"-0.983831665476242";"-2.12586828539016";"1.87081201168218";"133"
"102";"*postReposts_54";"-0.983831665476242";"-2.12586828539016";"1.87081201168218";"134"
"103";"*i_0850";"-0.983831665476242";"-2.12586828539016";"1.87081201168218";"135"
"104";"*i_0848";"-0.983831665476242";"-2.12586828539016";"1.87081201168218";"136"
"105";"*i_0832";"-0.983831665476242";"-2.12586828539016";"1.87081201168218";"137"
"106";"*i_0766";"-0.983831665476242";"-2.12586828539016";"1.87081201168218";"138"
"107";"*i_0681";"-0.983831665476242";"-2.12586828539016";"1.87081201168218";"139"
"108";"*i_0674";"-0.983831665476242";"-2.12586828539016";"1.87081201168218";"140"
"109";"*i_0673";"-0.983831665476242";"-2.12586828539016";"1.87081201168218";"141"
"110";"*i_0631";"-0.983831665476242";"-2.12586828539016";"1.87081201168218";"142"
"111";"*i_0627";"-0.983831665476242";"-2.12586828539016";"1.87081201168218";"143"
"112";"*i_0623";"-0.983831665476242";"-2.12586828539016";"1.87081201168218";"144"
"113";"*i_0597";"-0.983831665476242";"-2.12586828539016";"1.87081201168218";"145"
"114";"*i_0518";"-0.983831665476242";"-2.12586828539016";"1.87081201168218";"146"
"115";"*i_0478";"-0.983831665476242";"-2.12586828539016";"1.87081201168218";"147"
"116";"*postReposts_230";"-0.983831665476242";"-2.12586828539016";"1.87081201168218";"148"
"117";"*i_0445";"-0.983831665476242";"-2.12586828539016";"1.87081201168218";"149"
"118";"*i_0410";"-0.983831665476242";"-2.12586828539016";"1.87081201168218";"150"
"119";"*i_0409";"-0.983831665476242";"-2.12586828539016";"1.87081201168218";"151"
"120";"*i_0402";"-0.983831665476242";"-2.12586828539016";"1.87081201168218";"152"
"121";"*postReposts_181";"-0.983831665476242";"-2.12586828539016";"1.87081201168218";"153"
"122";"*i_0381";"-0.983831665476242";"-2.12586828539016";"1.87081201168218";"154"
"123";"*i_0368";"-0.983831665476242";"-2.12586828539016";"1.87081201168218";"155"
"124";"*i_0322";"-0.983831665476242";"-2.12586828539016";"1.87081201168218";"156"
"125";"*i_0289";"-0.983831665476242";"-2.12586828539016";"1.87081201168218";"157"
"126";"*i_0252";"-0.983831665476242";"-2.12586828539016";"1.87081201168218";"158"
"127";"*i_0226";"-0.983831665476242";"-2.12586828539016";"1.87081201168218";"159"
"128";"*i_0225";"-0.983831665476242";"-2.12586828539016";"1.87081201168218";"160"
"129";"*i_0180";"-0.983831665476242";"-2.12586828539016";"1.87081201168218";"161"
"130";"*i_0168";"-0.983831665476242";"-2.12586828539016";"1.87081201168218";"162"
"131";"*i_0156";"-0.983831665476242";"-2.12586828539016";"1.87081201168218";"163"
"132";"*i_0056";"-0.983831665476242";"-2.12586828539016";"1.87081201168218";"164"
"133";"*i_0033";"-0.983831665476242";"-2.12586828539016";"1.87081201168218";"165"
"134";"*i_0011";"-0.983831665476242";"-2.12586828539016";"1.87081201168218";"166"
"135";"*postLikes_12200";"-1.23153390281515";"-2.04268686841869";"1.87081201168218";"167"
"136";"*postLikes_1000";"-1.23153390281515";"-2.04268686841869";"1.87081201168218";"168"
"137";"*i_0929";"-1.23153390281515";"-2.04268686841869";"1.87081201168218";"169"
"138";"*i_0919";"-1.23153390281515";"-2.04268686841869";"1.87081201168218";"170"
"139";"*i_0896";"-1.23153390281515";"-2.04268686841869";"1.87081201168218";"171"
"140";"*postReposts_130";"-1.23153390281515";"-2.04268686841869";"1.87081201168218";"172"
"141";"*i_0849";"-1.23153390281515";"-2.04268686841869";"1.87081201168218";"173"
"142";"*postLikes_8700";"-1.23153390281515";"-2.04268686841869";"1.87081201168218";"174"
"143";"*postReposts_204";"-1.23153390281515";"-2.04268686841869";"1.87081201168218";"175"
"144";"*i_0842";"-1.23153390281515";"-2.04268686841869";"1.87081201168218";"176"
"145";"*i_0824";"-1.23153390281515";"-2.04268686841869";"1.87081201168218";"177"
"146";"*i_0823";"-1.23153390281515";"-2.04268686841869";"1.87081201168218";"178"
"147";"*i_0809";"-1.23153390281515";"-2.04268686841869";"1.87081201168218";"179"
"148";"*i_0790";"-1.23153390281515";"-2.04268686841869";"1.87081201168218";"180"
"149";"*i_0739";"-1.23153390281515";"-2.04268686841869";"1.87081201168218";"181"
"150";"*i_0711";"-1.23153390281515";"-2.04268686841869";"1.87081201168218";"182"
"151";"*postComments_332";"-1.23153390281515";"-2.04268686841869";"1.87081201168218";"183"
"152";"*i_0695";"-1.23153390281515";"-2.04268686841869";"1.87081201168218";"184"
"153";"*i_0687";"-1.23153390281515";"-2.04268686841869";"1.87081201168218";"185"
"154";"*i_0682";"-1.23153390281515";"-2.04268686841869";"1.87081201168218";"186"
"155";"*i_0671";"-1.23153390281515";"-2.04268686841869";"1.87081201168218";"187"
"156";"*postComments_205";"-1.23153390281515";"-2.04268686841869";"1.87081201168218";"188"
"157";"*i_0632";"-1.23153390281515";"-2.04268686841869";"1.87081201168218";"189"
"158";"*i_0621";"-1.23153390281515";"-2.04268686841869";"1.87081201168218";"190"
"159";"*postReposts_272";"-1.23153390281515";"-2.04268686841869";"1.87081201168218";"191"
"160";"*i_0615";"-1.23153390281515";"-2.04268686841869";"1.87081201168218";"192"
"161";"*i_0552";"-1.23153390281515";"-2.04268686841869";"1.87081201168218";"193"
"162";"*i_0508";"-1.23153390281515";"-2.04268686841869";"1.87081201168218";"194"
"163";"*i_0485";"-1.23153390281515";"-2.04268686841869";"1.87081201168218";"195"
"164";"*i_0466";"-1.23153390281515";"-2.04268686841869";"1.87081201168218";"196"
"165";"*postReposts_305";"-1.23153390281515";"-2.04268686841869";"1.87081201168218";"197"
"166";"*i_0455";"-1.23153390281515";"-2.04268686841869";"1.87081201168218";"198"
"167";"*i_0421";"-1.23153390281515";"-2.04268686841869";"1.87081201168218";"199"
"168";"*i_0414";"-1.23153390281515";"-2.04268686841869";"1.87081201168218";"200"
"169";"*i_0395";"-1.23153390281515";"-2.04268686841869";"1.87081201168218";"201"
"170";"*i_0277";"-1.23153390281515";"-2.04268686841869";"1.87081201168218";"202"
"171";"*postLikes_873";"-1.23153390281515";"-2.04268686841869";"1.87081201168218";"203"
"172";"*postComments_180";"-1.23153390281515";"-2.04268686841869";"1.87081201168218";"204"
"173";"*i_0217";"-1.23153390281515";"-2.04268686841869";"1.87081201168218";"205"
"174";"*i_0211";"-1.23153390281515";"-2.04268686841869";"1.87081201168218";"206"
"175";"*i_0176";"-1.23153390281515";"-2.04268686841869";"1.87081201168218";"207"
"176";"*postReposts_69";"-1.23153390281515";"-2.04268686841869";"1.87081201168218";"208"
"177";"*i_0066";"-1.23153390281515";"-2.04268686841869";"1.87081201168218";"209"
"178";"*i_0050";"-1.23153390281515";"-2.04268686841869";"1.87081201168218";"210"
"179";"*postComments_131";"1.728425843265";"0.853428670924243";"1.85862060357954";"212"
"180";"*postReposts_86";"0.206607053008667";"-1.80986916180069";"1.8366541024937";"213"
"181";"*postComments_59";"0.206607053008667";"-1.80986916180069";"1.8366541024937";"215"
"182";"*postComments_195";"0.206607053008667";"-1.80986916180069";"1.8366541024937";"216"
"183";"*i_0954";"0.206607053008667";"-1.80986916180069";"1.8366541024937";"218"
"184";"*i_0857";"0.206607053008667";"-1.80986916180069";"1.8366541024937";"219"
"185";"*postComments_137";"0.206607053008667";"-1.80986916180069";"1.8366541024937";"220"
"186";"*i_0813";"0.206607053008667";"-1.80986916180069";"1.8366541024937";"221"
"187";"*i_0800";"0.206607053008667";"-1.80986916180069";"1.8366541024937";"222"
"188";"*postLikes_18000";"0.206607053008667";"-1.80986916180069";"1.8366541024937";"223"
"189";"*i_0778";"0.206607053008667";"-1.80986916180069";"1.8366541024937";"224"
"190";"*postLikes_11200";"0.206607053008667";"-1.80986916180069";"1.8366541024937";"225"
"191";"*postComments_176";"0.206607053008667";"-1.80986916180069";"1.8366541024937";"226"
"192";"*i_0758";"0.206607053008667";"-1.80986916180069";"1.8366541024937";"227"
"193";"*i_0752";"0.206607053008667";"-1.80986916180069";"1.8366541024937";"228"
"194";"*i_0746";"0.206607053008667";"-1.80986916180069";"1.8366541024937";"229"
"195";"*postReposts_67";"0.206607053008667";"-1.80986916180069";"1.8366541024937";"230"
"196";"*i_0712";"0.206607053008667";"-1.80986916180069";"1.8366541024937";"231"
"197";"*i_0706";"0.206607053008667";"-1.80986916180069";"1.8366541024937";"232"
"198";"*i_0699";"0.206607053008667";"-1.80986916180069";"1.8366541024937";"233"
"199";"*i_0683";"0.206607053008667";"-1.80986916180069";"1.8366541024937";"234"
"200";"*postLikes_14600";"0.206607053008667";"-1.80986916180069";"1.8366541024937";"235"
"201";"*i_0672";"0.206607053008667";"-1.80986916180069";"1.8366541024937";"236"
"202";"*i_0622";"0.206607053008667";"-1.80986916180069";"1.8366541024937";"237"
"203";"*i_0609";"0.206607053008667";"-1.80986916180069";"1.8366541024937";"238"
"204";"*i_0602";"0.206607053008667";"-1.80986916180069";"1.8366541024937";"239"
"205";"*postLikes_13100";"0.206607053008667";"-1.80986916180069";"1.8366541024937";"240"
"206";"*i_0534";"0.206607053008667";"-1.80986916180069";"1.8366541024937";"241"
"207";"*i_0526";"0.206607053008667";"-1.80986916180069";"1.8366541024937";"242"
"208";"*postComments_255";"0.206607053008667";"-1.80986916180069";"1.8366541024937";"243"
"209";"*postReposts_184";"0.206607053008667";"-1.80986916180069";"1.8366541024937";"244"
"210";"*i_0504";"0.206607053008667";"-1.80986916180069";"1.8366541024937";"245"
"211";"*i_0378";"0.206607053008667";"-1.80986916180069";"1.8366541024937";"246"
"212";"*postComments_104";"0.206607053008667";"-1.80986916180069";"1.8366541024937";"247"
"213";"*i_0351";"0.206607053008667";"-1.80986916180069";"1.8366541024937";"248"
"214";"*i_0283";"0.206607053008667";"-1.80986916180069";"1.8366541024937";"249"
"215";"*i_0233";"0.206607053008667";"-1.80986916180069";"1.8366541024937";"250"
"216";"*i_0212";"0.206607053008667";"-1.80986916180069";"1.8366541024937";"251"
"217";"*i_0203";"0.206607053008667";"-1.80986916180069";"1.8366541024937";"252"
"218";"*i_0198";"0.206607053008667";"-1.80986916180069";"1.8366541024937";"253"
"219";"*i_0181";"0.206607053008667";"-1.80986916180069";"1.8366541024937";"254"
"220";"*i_0160";"0.206607053008667";"-1.80986916180069";"1.8366541024937";"255"
"221";"*i_0113";"0.206607053008667";"-1.80986916180069";"1.8366541024937";"256"
"222";"*i_0092";"0.206607053008667";"-1.80986916180069";"1.8366541024937";"257"
"223";"*i_0037";"0.206607053008667";"-1.80986916180069";"1.8366541024937";"258"
"224";"*postDate_1-1-2026";"-0.55528927465935";"-1.69821333119619";"1.8366541024937";"259"
"225";"*i_0999";"-0.55528927465935";"-1.69821333119619";"1.8366541024937";"260"
"226";"*i_0991";"-0.55528927465935";"-1.69821333119619";"1.8366541024937";"261"
"227";"*i_0968";"-0.55528927465935";"-1.69821333119619";"1.8366541024937";"262"
"228";"*i_0966";"-0.55528927465935";"-1.69821333119619";"1.8366541024937";"263"
"229";"*postComments_152";"-0.55528927465935";"-1.69821333119619";"1.8366541024937";"264"
"230";"*i_0953";"-0.55528927465935";"-1.69821333119619";"1.8366541024937";"265"
"231";"*postLikes_10800";"-0.55528927465935";"-1.69821333119619";"1.8366541024937";"266"
"232";"*postComments_674";"-0.55528927465935";"-1.69821333119619";"1.8366541024937";"267"
"233";"*i_0946";"-0.55528927465935";"-1.69821333119619";"1.8366541024937";"268"
"234";"*i_0933";"-0.55528927465935";"-1.69821333119619";"1.8366541024937";"269"
"235";"*i_0925";"-0.55528927465935";"-1.69821333119619";"1.8366541024937";"270"
"236";"*i_0893";"-0.55528927465935";"-1.69821333119619";"1.8366541024937";"271"
"237";"*postComments_308";"-0.55528927465935";"-1.69821333119619";"1.8366541024937";"272"
"238";"*i_0887";"-0.55528927465935";"-1.69821333119619";"1.8366541024937";"273"
"239";"*i_0870";"-0.55528927465935";"-1.69821333119619";"1.8366541024937";"274"
"240";"*postLikes_13000";"-0.55528927465935";"-1.69821333119619";"1.8366541024937";"275"
"241";"*postReposts_254";"-0.55528927465935";"-1.69821333119619";"1.8366541024937";"276"
"242";"*postLikes_8400";"-0.55528927465935";"-1.69821333119619";"1.8366541024937";"277"
"243";"*i_0793";"-0.55528927465935";"-1.69821333119619";"1.8366541024937";"278"
"244";"*postComments_403";"-0.55528927465935";"-1.69821333119619";"1.8366541024937";"279"
"245";"*postReposts_183";"-0.55528927465935";"-1.69821333119619";"1.8366541024937";"280"
"246";"*i_0784";"-0.55528927465935";"-1.69821333119619";"1.8366541024937";"281"
"247";"*postLikes_12100";"-0.55528927465935";"-1.69821333119619";"1.8366541024937";"282"
"248";"*postComments_268";"-0.55528927465935";"-1.69821333119619";"1.8366541024937";"283"
"249";"*i_0741";"-0.55528927465935";"-1.69821333119619";"1.8366541024937";"284"
"250";"*i_0735";"-0.55528927465935";"-1.69821333119619";"1.8366541024937";"285"
"251";"*i_0727";"-0.55528927465935";"-1.69821333119619";"1.8366541024937";"286"
"252";"*i_0705";"-0.55528927465935";"-1.69821333119619";"1.8366541024937";"287"
"253";"*i_0692";"-0.55528927465935";"-1.69821333119619";"1.8366541024937";"288"
"254";"*i_0691";"-0.55528927465935";"-1.69821333119619";"1.8366541024937";"289"
"255";"*i_0626";"-0.55528927465935";"-1.69821333119619";"1.8366541024937";"290"
"256";"*i_0555";"-0.55528927465935";"-1.69821333119619";"1.8366541024937";"291"
"257";"*postLikes_14100";"-0.55528927465935";"-1.69821333119619";"1.8366541024937";"292"
"258";"*i_0491";"-0.55528927465935";"-1.69821333119619";"1.8366541024937";"293"
"259";"*i_0413";"-0.55528927465935";"-1.69821333119619";"1.8366541024937";"294"
"260";"*postComments_354";"-0.55528927465935";"-1.69821333119619";"1.8366541024937";"295"
"261";"*i_0412";"-0.55528927465935";"-1.69821333119619";"1.8366541024937";"296"
"262";"*postComments_194";"-0.55528927465935";"-1.69821333119619";"1.8366541024937";"297"
"263";"*i_0342";"-0.55528927465935";"-1.69821333119619";"1.8366541024937";"298"
"264";"*postComments_260";"-0.55528927465935";"-1.69821333119619";"1.8366541024937";"299"
"265";"*postReposts_70";"-0.55528927465935";"-1.69821333119619";"1.8366541024937";"300"
"266";"*i_0311";"-0.55528927465935";"-1.69821333119619";"1.8366541024937";"301"
"267";"*i_0310";"-0.55528927465935";"-1.69821333119619";"1.8366541024937";"302"
"268";"*postReposts_140";"-0.55528927465935";"-1.69821333119619";"1.8366541024937";"303"
"269";"*i_0267";"-0.55528927465935";"-1.69821333119619";"1.8366541024937";"304"
"270";"*i_0183";"-0.55528927465935";"-1.69821333119619";"1.8366541024937";"305"
"271";"*postReposts_108";"-0.55528927465935";"-1.69821333119619";"1.8366541024937";"306"
"272";"*i_0126";"-0.55528927465935";"-1.69821333119619";"1.8366541024937";"307"
"273";"*i_0125";"-0.55528927465935";"-1.69821333119619";"1.8366541024937";"308"
"274";"*i_0076";"-0.55528927465935";"-1.69821333119619";"1.8366541024937";"309"
"275";"*i_0005";"-0.55528927465935";"-1.69821333119619";"1.8366541024937";"310"
"276";"*postComments_204";"1.35647870269958";"0.350048943823779";"1.80458301090836";"311"
"277";"*postReposts_145";"1.35647870269958";"0.350048943823779";"1.80458301090836";"312"
"278";"*i_0865";"1.35647870269958";"0.350048943823779";"1.80458301090836";"313"
"279";"*i_0854";"1.35647870269958";"0.350048943823779";"1.80458301090836";"314"
"280";"*i_0787";"1.35647870269958";"0.350048943823779";"1.80458301090836";"316"
"281";"*postLikes_15500";"1.35647870269958";"0.350048943823779";"1.80458301090836";"317"
"282";"*postComments_618";"1.35647870269958";"0.350048943823779";"1.80458301090836";"318"
"283";"*postReposts_243";"1.35647870269958";"0.350048943823779";"1.80458301090836";"319"
"284";"*i_0786";"1.35647870269958";"0.350048943823779";"1.80458301090836";"320"
"285";"*postComments_215";"1.35647870269958";"0.350048943823779";"1.80458301090836";"322"
"286";"*i_0713";"1.35647870269958";"0.350048943823779";"1.80458301090836";"323"
"287";"*postReposts_250";"1.35647870269958";"0.350048943823779";"1.80458301090836";"324"
"288";"*i_0707";"1.35647870269958";"0.350048943823779";"1.80458301090836";"325"
"289";"*postComments_296";"1.35647870269958";"0.350048943823779";"1.80458301090836";"326"
"290";"*i_0697";"1.35647870269958";"0.350048943823779";"1.80458301090836";"327"
"291";"*postComments_545";"1.35647870269958";"0.350048943823779";"1.80458301090836";"328"
"292";"*i_0689";"1.35647870269958";"0.350048943823779";"1.80458301090836";"329"
"293";"*i_0677";"1.35647870269958";"0.350048943823779";"1.80458301090836";"330"
"294";"*postComments_472";"1.35647870269958";"0.350048943823779";"1.80458301090836";"331"
"295";"*i_0656";"1.35647870269958";"0.350048943823779";"1.80458301090836";"332"
"296";"*postComments_169";"1.35647870269958";"0.350048943823779";"1.80458301090836";"333"
"297";"*i_0651";"1.35647870269958";"0.350048943823779";"1.80458301090836";"334"
"298";"*postComments_409";"1.35647870269958";"0.350048943823779";"1.80458301090836";"335"
"299";"*i_0604";"1.35647870269958";"0.350048943823779";"1.80458301090836";"336"
"300";"*postComments_115";"1.35647870269958";"0.350048943823779";"1.80458301090836";"337"
"301";"*i_0596";"1.35647870269958";"0.350048943823779";"1.80458301090836";"338"
"302";"*i_0589";"1.35647870269958";"0.350048943823779";"1.80458301090836";"339"
"303";"*i_0556";"1.35647870269958";"0.350048943823779";"1.80458301090836";"340"
"304";"*i_0548";"1.35647870269958";"0.350048943823779";"1.80458301090836";"341"
"305";"*i_0488";"1.35647870269958";"0.350048943823779";"1.80458301090836";"342"
"306";"*i_0447";"1.35647870269958";"0.350048943823779";"1.80458301090836";"343"
"307";"*postLikes_11700";"1.35647870269958";"0.350048943823779";"1.80458301090836";"344"
"308";"*postReposts_211";"1.35647870269958";"0.350048943823779";"1.80458301090836";"345"
"309";"*i_0408";"1.35647870269958";"0.350048943823779";"1.80458301090836";"346"
"310";"*i_0376";"1.35647870269958";"0.350048943823779";"1.80458301090836";"347"
"311";"*postComments_237";"1.35647870269958";"0.350048943823779";"1.80458301090836";"348"
"312";"*i_0324";"1.35647870269958";"0.350048943823779";"1.80458301090836";"349"
"313";"*i_0296";"1.35647870269958";"0.350048943823779";"1.80458301090836";"350"
"314";"*i_0254";"1.35647870269958";"0.350048943823779";"1.80458301090836";"351"
"315";"*i_0235";"1.35647870269958";"0.350048943823779";"1.80458301090836";"352"
"316";"*postComments_117";"1.35647870269958";"0.350048943823779";"1.80458301090836";"353"
"317";"*i_0153";"1.35647870269958";"0.350048943823779";"1.80458301090836";"354"
"318";"*i_0111";"1.35647870269958";"0.350048943823779";"1.80458301090836";"355"
"319";"*i_0110";"1.35647870269958";"0.350048943823779";"1.80458301090836";"356"
"320";"*i_0099";"1.35647870269958";"0.350048943823779";"1.80458301090836";"357"
"321";"*i_0080";"1.35647870269958";"0.350048943823779";"1.80458301090836";"358"
"322";"*i_0059";"1.35647870269958";"0.350048943823779";"1.80458301090836";"359"
"323";"*i_0038";"1.35647870269958";"0.350048943823779";"1.80458301090836";"360"
"324";"*i_0015";"1.35647870269958";"0.350048943823779";"1.80458301090836";"361"
"325";"*postComments_583";"1.35647870269958";"0.350048943823779";"1.80458301090836";"362"
"326";"*postReposts_1500";"1.35647870269958";"0.350048943823779";"1.80458301090836";"363"
"327";"*postComments_145";"0.431929479019768";"0.172083725925495";"1.80128803574549";"364"
"328";"*postLikes_6700";"1.24009331755072";"0.397484723162617";"1.7746536531789";"366"
"329";"*postDate_27-12-2025";"1.94278276682075";"0.794397585060944";"1.74066049274856";"367"
"330";"*postReposts_31";"1.21147623738821";"1.08246340738306";"1.74066049274856";"368"
"331";"*i_0965";"-1.72254044631686";"1.06927427873774";"1.69304810164499";"373"
"332";"*i_0947";"-1.72254044631686";"1.06927427873774";"1.69304810164499";"374"
"333";"*i_0921";"-1.72254044631686";"1.06927427873774";"1.69304810164499";"376"
"334";"*i_0903";"-1.72254044631686";"1.06927427873774";"1.69304810164499";"377"
"335";"*postLikes_727";"-1.72254044631686";"1.06927427873774";"1.69304810164499";"378"
"336";"*i_0901";"-1.72254044631686";"1.06927427873774";"1.69304810164499";"379"
"337";"*postLikes_874";"-1.72254044631686";"1.06927427873774";"1.69304810164499";"380"
"338";"*i_0837";"-1.72254044631686";"1.06927427873774";"1.69304810164499";"381"
"339";"*i_0822";"-1.72254044631686";"1.06927427873774";"1.69304810164499";"382"
"340";"*i_0803";"-1.72254044631686";"1.06927427873774";"1.69304810164499";"383"
"341";"*i_0709";"-1.72254044631686";"1.06927427873774";"1.69304810164499";"384"
"342";"*i_0684";"-1.72254044631686";"1.06927427873774";"1.69304810164499";"385"
"343";"*i_0669";"-1.72254044631686";"1.06927427873774";"1.69304810164499";"386"
"344";"*i_0668";"-1.72254044631686";"1.06927427873774";"1.69304810164499";"387"
"345";"*i_0577";"-1.72254044631686";"1.06927427873774";"1.69304810164499";"388"
"346";"*i_0573";"-1.72254044631686";"1.06927427873774";"1.69304810164499";"389"
"347";"*i_0572";"-1.72254044631686";"1.06927427873774";"1.69304810164499";"390"
"348";"*i_0557";"-1.72254044631686";"1.06927427873774";"1.69304810164499";"391"
"349";"*i_0515";"-1.72254044631686";"1.06927427873774";"1.69304810164499";"392"
"350";"*i_0473";"-1.72254044631686";"1.06927427873774";"1.69304810164499";"393"
"351";"*i_0467";"-1.72254044631686";"1.06927427873774";"1.69304810164499";"394"
"352";"*i_0432";"-1.72254044631686";"1.06927427873774";"1.69304810164499";"395"
"353";"*i_0396";"-1.72254044631686";"1.06927427873774";"1.69304810164499";"396"
"354";"*i_0388";"-1.72254044631686";"1.06927427873774";"1.69304810164499";"397"
"355";"*i_0355";"-1.72254044631686";"1.06927427873774";"1.69304810164499";"398"
"356";"*postReposts_212";"-1.72254044631686";"1.06927427873774";"1.69304810164499";"399"
"357";"*i_0336";"-1.72254044631686";"1.06927427873774";"1.69304810164499";"400"
"358";"*i_0292";"-1.72254044631686";"1.06927427873774";"1.69304810164499";"401"
"359";"*i_0288";"-1.72254044631686";"1.06927427873774";"1.69304810164499";"402"
"360";"*i_0276";"-1.72254044631686";"1.06927427873774";"1.69304810164499";"403"
"361";"*i_0206";"-1.72254044631686";"1.06927427873774";"1.69304810164499";"404"
"362";"*i_0143";"-1.72254044631686";"1.06927427873774";"1.69304810164499";"405"
"363";"*i_0102";"-1.72254044631686";"1.06927427873774";"1.69304810164499";"406"
"364";"*i_0060";"-1.72254044631686";"1.06927427873774";"1.69304810164499";"407"
"365";"*i_0048";"-1.72254044631686";"1.06927427873774";"1.69304810164499";"408"
"366";"*i_0019";"-1.72254044631686";"1.06927427873774";"1.69304810164499";"409"
"367";"*i_0003";"-1.72254044631686";"1.06927427873774";"1.69304810164499";"410"
"368";"*postDate_17-10-2025";"1.18832891817923";"0.407312410729802";"1.68942362896583";"411"
"369";"*postComments_4";"-0.837963005429629";"0.163462113165676";"1.6727840043933";"412"
"370";"*postComments_487";"-3.64324926578452";"5.17500325377591";"1.66872020169242";"420"
"371";"*i_0879";"-3.64324926578452";"5.17500325377591";"1.66872020169242";"421"
"372";"*i_0871";"-3.64324926578452";"5.17500325377591";"1.66872020169242";"422"
"373";"*postLikes_0";"-3.64324926578452";"5.17500325377591";"1.66872020169242";"423"
"374";"*i_0862";"-3.64324926578452";"5.17500325377591";"1.66872020169242";"424"
"375";"*i_0833";"-3.64324926578452";"5.17500325377591";"1.66872020169242";"425"
"376";"*postLikes_8900";"-3.64324926578452";"5.17500325377591";"1.66872020169242";"426"
"377";"*i_0767";"-3.64324926578452";"5.17500325377591";"1.66872020169242";"427"
"378";"*postLikes_27100";"-3.64324926578452";"5.17500325377591";"1.66872020169242";"428"
"379";"*i_0751";"-3.64324926578452";"5.17500325377591";"1.66872020169242";"429"
"380";"*i_0740";"-3.64324926578452";"5.17500325377591";"1.66872020169242";"430"
"381";"*i_0688";"-3.64324926578452";"5.17500325377591";"1.66872020169242";"431"
"382";"*i_0679";"-3.64324926578452";"5.17500325377591";"1.66872020169242";"432"
"383";"*i_0599";"-3.64324926578452";"5.17500325377591";"1.66872020169242";"433"
"384";"*i_0587";"-3.64324926578452";"5.17500325377591";"1.66872020169242";"434"
"385";"*i_0571";"-3.64324926578452";"5.17500325377591";"1.66872020169242";"435"
"386";"*postLikes_27600";"-3.64324926578452";"5.17500325377591";"1.66872020169242";"436"
"387";"*i_0437";"-3.64324926578452";"5.17500325377591";"1.66872020169242";"437"
"388";"*i_0427";"-3.64324926578452";"5.17500325377591";"1.66872020169242";"438"
"389";"*i_0406";"-3.64324926578452";"5.17500325377591";"1.66872020169242";"439"
"390";"*i_0361";"-3.64324926578452";"5.17500325377591";"1.66872020169242";"440"
"391";"*i_0323";"-3.64324926578452";"5.17500325377591";"1.66872020169242";"441"
"392";"*i_0285";"-3.64324926578452";"5.17500325377591";"1.66872020169242";"442"
"393";"*i_0274";"-3.64324926578452";"5.17500325377591";"1.66872020169242";"443"
"394";"*i_0247";"-3.64324926578452";"5.17500325377591";"1.66872020169242";"444"
"395";"*i_0236";"-3.64324926578452";"5.17500325377591";"1.66872020169242";"445"
"396";"*i_0218";"-3.64324926578452";"5.17500325377591";"1.66872020169242";"446"
"397";"*i_0202";"-3.64324926578452";"5.17500325377591";"1.66872020169242";"447"
"398";"*i_0177";"-3.64324926578452";"5.17500325377591";"1.66872020169242";"448"
"399";"*i_0173";"-3.64324926578452";"5.17500325377591";"1.66872020169242";"449"
"400";"*i_0166";"-3.64324926578452";"5.17500325377591";"1.66872020169242";"450"
"401";"*postComments_193";"-3.64324926578452";"5.17500325377591";"1.66872020169242";"451"
"402";"*postReposts_270";"-3.64324926578452";"5.17500325377591";"1.66872020169242";"452"
"403";"*i_0151";"-3.64324926578452";"5.17500325377591";"1.66872020169242";"453"
"404";"*i_0147";"-3.64324926578452";"5.17500325377591";"1.66872020169242";"454"
"405";"*i_0135";"-3.64324926578452";"5.17500325377591";"1.66872020169242";"455"
"406";"*i_0122";"-3.64324926578452";"5.17500325377591";"1.66872020169242";"456"
"407";"*i_0106";"-3.64324926578452";"5.17500325377591";"1.66872020169242";"457"
"408";"*i_0100";"-3.64324926578452";"5.17500325377591";"1.66872020169242";"458"
"409";"*i_0021";"-3.64324926578452";"5.17500325377591";"1.66872020169242";"459"
"410";"*i_0006";"-3.64324926578452";"5.17500325377591";"1.66872020169242";"460"
"411";"*postReposts_15";"0.371573287688228";"-0.438876827306834";"1.66185567010309";"461"
"412";"*i_0912";"1.67489184622014";"0.651725355978431";"1.64565537555228";"463"
"413";"*i_0840";"1.67489184622014";"0.651725355978431";"1.64565537555228";"465"
"414";"*i_0834";"1.67489184622014";"0.651725355978431";"1.64565537555228";"466"
"415";"*postReposts_52";"1.67489184622014";"0.651725355978431";"1.64565537555228";"467"
"416";"*i_0825";"1.67489184622014";"0.651725355978431";"1.64565537555228";"468"
"417";"*i_0819";"1.67489184622014";"0.651725355978431";"1.64565537555228";"469"
"418";"*postReposts_169";"1.67489184622014";"0.651725355978431";"1.64565537555228";"470"
"419";"*i_0815";"1.67489184622014";"0.651725355978431";"1.64565537555228";"471"
"420";"*postComments_229";"1.67489184622014";"0.651725355978431";"1.64565537555228";"472"
"421";"*i_0768";"1.67489184622014";"0.651725355978431";"1.64565537555228";"473"
"422";"*i_0742";"1.67489184622014";"0.651725355978431";"1.64565537555228";"474"
"423";"*i_0663";"1.67489184622014";"0.651725355978431";"1.64565537555228";"475"
"424";"*i_0661";"1.67489184622014";"0.651725355978431";"1.64565537555228";"476"
"425";"*i_0624";"1.67489184622014";"0.651725355978431";"1.64565537555228";"477"
"426";"*i_0605";"1.67489184622014";"0.651725355978431";"1.64565537555228";"478"
"427";"*i_0601";"1.67489184622014";"0.651725355978431";"1.64565537555228";"479"
"428";"*postReposts_303";"1.67489184622014";"0.651725355978431";"1.64565537555228";"480"
"429";"*i_0547";"1.67489184622014";"0.651725355978431";"1.64565537555228";"481"
"430";"*i_0531";"1.67489184622014";"0.651725355978431";"1.64565537555228";"482"
"431";"*postComments_162";"1.67489184622014";"0.651725355978431";"1.64565537555228";"483"
"432";"*i_0527";"1.67489184622014";"0.651725355978431";"1.64565537555228";"484"
"433";"*i_0461";"1.67489184622014";"0.651725355978431";"1.64565537555228";"485"
"434";"*i_0451";"1.67489184622014";"0.651725355978431";"1.64565537555228";"486"
"435";"*i_0444";"1.67489184622014";"0.651725355978431";"1.64565537555228";"487"
"436";"*postReposts_573";"1.67489184622014";"0.651725355978431";"1.64565537555228";"488"
"437";"*i_0430";"1.67489184622014";"0.651725355978431";"1.64565537555228";"489"
"438";"*i_0387";"1.67489184622014";"0.651725355978431";"1.64565537555228";"490"
"439";"*i_0370";"1.67489184622014";"0.651725355978431";"1.64565537555228";"491"
"440";"*postComments_387";"1.67489184622014";"0.651725355978431";"1.64565537555228";"492"
"441";"*i_0348";"1.67489184622014";"0.651725355978431";"1.64565537555228";"493"
"442";"*i_0339";"1.67489184622014";"0.651725355978431";"1.64565537555228";"494"
"443";"*postReposts_139";"1.67489184622014";"0.651725355978431";"1.64565537555228";"495"
"444";"*i_0307";"1.67489184622014";"0.651725355978431";"1.64565537555228";"496"
"445";"*i_0303";"1.67489184622014";"0.651725355978431";"1.64565537555228";"497"
"446";"*postComments_747";"1.67489184622014";"0.651725355978431";"1.64565537555228";"498"
"447";"*i_0262";"1.67489184622014";"0.651725355978431";"1.64565537555228";"499"
"448";"*postComments_373";"1.67489184622014";"0.651725355978431";"1.64565537555228";"500"
"449";"*i_0178";"1.67489184622014";"0.651725355978431";"1.64565537555228";"501"
"450";"*postComments_305";"1.67489184622014";"0.651725355978431";"1.64565537555228";"502"
"451";"*postReposts_190";"1.67489184622014";"0.651725355978431";"1.64565537555228";"503"
"452";"*postReposts_72";"1.67489184622014";"0.651725355978431";"1.64565537555228";"504"
"453";"*i_0155";"1.67489184622014";"0.651725355978431";"1.64565537555228";"505"
"454";"*i_0144";"1.67489184622014";"0.651725355978431";"1.64565537555228";"506"
"455";"*i_0118";"1.67489184622014";"0.651725355978431";"1.64565537555228";"507"
"456";"*i_0117";"1.67489184622014";"0.651725355978431";"1.64565537555228";"508"
"457";"*postComments_675";"1.67489184622014";"0.651725355978431";"1.64565537555228";"509"
"458";"*i_0069";"1.67489184622014";"0.651725355978431";"1.64565537555228";"510"
"459";"*postComments_929";"1.67489184622014";"0.651725355978431";"1.64565537555228";"511"
"460";"*i_0065";"1.67489184622014";"0.651725355978431";"1.64565537555228";"512"
"461";"*i_0055";"1.67489184622014";"0.651725355978431";"1.64565537555228";"513"
"462";"*postComments_1100";"1.67489184622014";"0.651725355978431";"1.64565537555228";"514"
"463";"*i_0044";"1.67489184622014";"0.651725355978431";"1.64565537555228";"515"
"464";"*postComments_756";"1.67489184622014";"0.651725355978431";"1.64565537555228";"516"
"465";"*i_0040";"1.67489184622014";"0.651725355978431";"1.64565537555228";"517"
"466";"*i_0013";"1.67489184622014";"0.651725355978431";"1.64565537555228";"518"
"467";"*i_0994";"-0.269852700147709";"-0.370292061519691";"1.60276578218217";"519"
"468";"*postLikes_15400";"-0.269852700147709";"-0.370292061519691";"1.60276578218217";"520"
"469";"*i_0964";"-0.269852700147709";"-0.370292061519691";"1.60276578218217";"522"
"470";"*i_0928";"-0.269852700147709";"-0.370292061519691";"1.60276578218217";"523"
"471";"*i_0916";"-0.269852700147709";"-0.370292061519691";"1.60276578218217";"524"
"472";"*postReposts_59";"-0.269852700147709";"-0.370292061519691";"1.60276578218217";"525"
"473";"*i_0895";"-0.269852700147709";"-0.370292061519691";"1.60276578218217";"526"
"474";"*i_0851";"-0.269852700147709";"-0.370292061519691";"1.60276578218217";"527"
"475";"*i_0795";"-0.269852700147709";"-0.370292061519691";"1.60276578218217";"528"
"476";"*i_0779";"-0.269852700147709";"-0.370292061519691";"1.60276578218217";"529"
"477";"*i_0769";"-0.269852700147709";"-0.370292061519691";"1.60276578218217";"530"
"478";"*i_0738";"-0.269852700147709";"-0.370292061519691";"1.60276578218217";"531"
"479";"*i_0737";"-0.269852700147709";"-0.370292061519691";"1.60276578218217";"532"
"480";"*i_0724";"-0.269852700147709";"-0.370292061519691";"1.60276578218217";"533"
"481";"*i_0723";"-0.269852700147709";"-0.370292061519691";"1.60276578218217";"534"
"482";"*i_0696";"-0.269852700147709";"-0.370292061519691";"1.60276578218217";"535"
"483";"*i_0657";"-0.269852700147709";"-0.370292061519691";"1.60276578218217";"536"
"484";"*i_0540";"-0.269852700147709";"-0.370292061519691";"1.60276578218217";"537"
"485";"*postLikes_953";"-0.269852700147709";"-0.370292061519691";"1.60276578218217";"538"
"486";"*i_0514";"-0.269852700147709";"-0.370292061519691";"1.60276578218217";"539"
"487";"*i_0497";"-0.269852700147709";"-0.370292061519691";"1.60276578218217";"540"
"488";"*i_0495";"-0.269852700147709";"-0.370292061519691";"1.60276578218217";"541"
"489";"*i_0449";"-0.269852700147709";"-0.370292061519691";"1.60276578218217";"542"
"490";"*postComments_226";"-0.269852700147709";"-0.370292061519691";"1.60276578218217";"543"
"491";"*i_0439";"-0.269852700147709";"-0.370292061519691";"1.60276578218217";"544"
"492";"*postLikes_9500";"-0.269852700147709";"-0.370292061519691";"1.60276578218217";"545"
"493";"*i_0416";"-0.269852700147709";"-0.370292061519691";"1.60276578218217";"546"
"494";"*i_0393";"-0.269852700147709";"-0.370292061519691";"1.60276578218217";"547"
"495";"*postLikes_11300";"-0.269852700147709";"-0.370292061519691";"1.60276578218217";"548"
"496";"*postReposts_98";"-0.269852700147709";"-0.370292061519691";"1.60276578218217";"549"
"497";"*i_0382";"-0.269852700147709";"-0.370292061519691";"1.60276578218217";"550"
"498";"*i_0377";"-0.269852700147709";"-0.370292061519691";"1.60276578218217";"551"
"499";"*i_0349";"-0.269852700147709";"-0.370292061519691";"1.60276578218217";"552"
"500";"*i_0344";"-0.269852700147709";"-0.370292061519691";"1.60276578218217";"553"
"501";"*i_0343";"-0.269852700147709";"-0.370292061519691";"1.60276578218217";"554"
"502";"*i_0297";"-0.269852700147709";"-0.370292061519691";"1.60276578218217";"555"
"503";"*i_0295";"-0.269852700147709";"-0.370292061519691";"1.60276578218217";"556"
"504";"*postComments_99";"-0.269852700147709";"-0.370292061519691";"1.60276578218217";"557"
"505";"*i_0243";"-0.269852700147709";"-0.370292061519691";"1.60276578218217";"558"
"506";"*i_0234";"-0.269852700147709";"-0.370292061519691";"1.60276578218217";"559"
"507";"*postLikes_13600";"-0.269852700147709";"-0.370292061519691";"1.60276578218217";"560"
"508";"*postReposts_223";"-0.269852700147709";"-0.370292061519691";"1.60276578218217";"561"
"509";"*i_0209";"-0.269852700147709";"-0.370292061519691";"1.60276578218217";"562"
"510";"*i_0149";"-0.269852700147709";"-0.370292061519691";"1.60276578218217";"563"
"511";"*i_0134";"-0.269852700147709";"-0.370292061519691";"1.60276578218217";"564"
"512";"*i_0114";"-0.269852700147709";"-0.370292061519691";"1.60276578218217";"565"
"513";"*postLikes_369";"-0.269852700147709";"-0.370292061519691";"1.60276578218217";"566"
"514";"*i_0112";"-0.269852700147709";"-0.370292061519691";"1.60276578218217";"567"
"515";"*i_0070";"-0.269852700147709";"-0.370292061519691";"1.60276578218217";"568"
"516";"*i_0029";"-0.269852700147709";"-0.370292061519691";"1.60276578218217";"569"
"517";"*i_0027";"-0.269852700147709";"-0.370292061519691";"1.60276578218217";"570"
"518";"*i_0020";"-0.269852700147709";"-0.370292061519691";"1.60276578218217";"571"
"519";"*postLikes_12300";"-0.132111561311763";"-1.16500139013173";"1.59914130950301";"572"
"520";"*postReposts_80";"-0.0358307057873626";"-1.26655947357915";"1.59914130950301";"573"
"521";"*postReposts_58";"-0.776399041855811";"-0.0923795097767991";"1.59914130950301";"574"
"522";"*postLikes_2100";"0.0978593034622974";"-0.719896609167934";"1.5900801278051";"576"
"523";"*postDate_16-11-2025";"-1.60744732902206";"-0.531289641108479";"1.59002521155238";"577"
"524";"*postComments_90";"1.83549383735472";"1.25683530081587";"1.58277626619405";"578"
"525";"*i_0934";"1.83549383735472";"1.25683530081587";"1.58277626619405";"581"
"526";"*i_0904";"1.83549383735472";"1.25683530081587";"1.58277626619405";"582"
"527";"*i_0880";"1.83549383735472";"1.25683530081587";"1.58277626619405";"583"
"528";"*i_0798";"1.83549383735472";"1.25683530081587";"1.58277626619405";"584"
"529";"*postComments_227";"1.83549383735472";"1.25683530081587";"1.58277626619405";"585"
"530";"*postReposts_87";"1.83549383735472";"1.25683530081587";"1.58277626619405";"586"
"531";"*i_0772";"1.83549383735472";"1.25683530081587";"1.58277626619405";"587"
"532";"*i_0771";"1.83549383735472";"1.25683530081587";"1.58277626619405";"588"
"533";"*postComments_189";"1.83549383735472";"1.25683530081587";"1.58277626619405";"589"
"534";"*i_0718";"1.83549383735472";"1.25683530081587";"1.58277626619405";"590"
"535";"*i_0639";"1.83549383735472";"1.25683530081587";"1.58277626619405";"591"
"536";"*i_0619";"1.83549383735472";"1.25683530081587";"1.58277626619405";"592"
"537";"*i_0613";"1.83549383735472";"1.25683530081587";"1.58277626619405";"593"
"538";"*postLikes_10900";"1.83549383735472";"1.25683530081587";"1.58277626619405";"594"
"539";"*i_0598";"1.83549383735472";"1.25683530081587";"1.58277626619405";"595"
"540";"*i_0592";"1.83549383735472";"1.25683530081587";"1.58277626619405";"596"
"541";"*i_0551";"1.83549383735472";"1.25683530081587";"1.58277626619405";"597"
"542";"*i_0543";"1.83549383735472";"1.25683530081587";"1.58277626619405";"598"
"543";"*postComments_220";"1.83549383735472";"1.25683530081587";"1.58277626619405";"599"
"544";"*i_0538";"1.83549383735472";"1.25683530081587";"1.58277626619405";"600"
"545";"*i_0516";"1.83549383735472";"1.25683530081587";"1.58277626619405";"601"
"546";"*i_0501";"1.83549383735472";"1.25683530081587";"1.58277626619405";"602"
"547";"*i_0498";"1.83549383735472";"1.25683530081587";"1.58277626619405";"603"
"548";"*postComments_208";"1.83549383735472";"1.25683530081587";"1.58277626619405";"604"
"549";"*i_0438";"1.83549383735472";"1.25683530081587";"1.58277626619405";"605"
"550";"*postComments_121";"1.83549383735472";"1.25683530081587";"1.58277626619405";"606"
"551";"*i_0431";"1.83549383735472";"1.25683530081587";"1.58277626619405";"607"
"552";"*i_0403";"1.83549383735472";"1.25683530081587";"1.58277626619405";"608"
"553";"*postComments_192";"1.83549383735472";"1.25683530081587";"1.58277626619405";"609"
"554";"*i_0397";"1.83549383735472";"1.25683530081587";"1.58277626619405";"610"
"555";"*i_0365";"1.83549383735472";"1.25683530081587";"1.58277626619405";"611"
"556";"*i_0364";"1.83549383735472";"1.25683530081587";"1.58277626619405";"612"
"557";"*i_0359";"1.83549383735472";"1.25683530081587";"1.58277626619405";"613"
"558";"*i_0325";"1.83549383735472";"1.25683530081587";"1.58277626619405";"614"
"559";"*i_0304";"1.83549383735472";"1.25683530081587";"1.58277626619405";"615"
"560";"*i_0280";"1.83549383735472";"1.25683530081587";"1.58277626619405";"616"
"561";"*i_0263";"1.83549383735472";"1.25683530081587";"1.58277626619405";"617"
"562";"*i_0248";"1.83549383735472";"1.25683530081587";"1.58277626619405";"618"
"563";"*i_0239";"1.83549383735472";"1.25683530081587";"1.58277626619405";"619"
"564";"*i_0200";"1.83549383735472";"1.25683530081587";"1.58277626619405";"620"
"565";"*i_0162";"1.83549383735472";"1.25683530081587";"1.58277626619405";"621"
"566";"*i_0130";"1.83549383735472";"1.25683530081587";"1.58277626619405";"622"
"567";"*i_0119";"1.83549383735472";"1.25683530081587";"1.58277626619405";"623"
"568";"*i_0115";"1.83549383735472";"1.25683530081587";"1.58277626619405";"624"
"569";"*i_0109";"1.83549383735472";"1.25683530081587";"1.58277626619405";"625"
"570";"*i_0108";"1.83549383735472";"1.25683530081587";"1.58277626619405";"626"
"571";"*i_0103";"1.83549383735472";"1.25683530081587";"1.58277626619405";"627"
"572";"*i_0072";"1.83549383735472";"1.25683530081587";"1.58277626619405";"628"
"573";"*i_0034";"1.83549383735472";"1.25683530081587";"1.58277626619405";"629"
"574";"*postComments_78";"-2.06820487967601";"1.73885632805528";"1.56569731159981";"630"
"575";"*postLikes_8200";"-1.66180498760665";"2.23209177508586";"1.56569731159981";"631"
"576";"*postComments_52";"-0.220712128505642";"0.937662946204417";"1.56328099648037";"633"
"577";"*postDate_15-10-2025";"-0.121373369463466";"0.478160079187764";"1.56328099648037";"634"
"578";"*postComments_5";"-1.12295615496859";"-0.938121801220681";"1.55696562741819";"635"
"579";"*postComments_38";"-0.444305214265738";"-0.298971260552203";"1.55696562741819";"636"
"580";"*postComments_267";"1.5195958560119";"0.755192311444725";"1.54263248545967";"637"
"581";"*postDate_1-12-2025";"0.339347636493925";"0.500608232293728";"1.54263248545967";"638"
"582";"*postReposts_1400";"4.56696482527695";"1.87138740239999";"1.52813459474302";"645"
"583";"*i_0911";"4.56696482527695";"1.87138740239999";"1.52813459474302";"646"
"584";"*postComments_297";"4.56696482527695";"1.87138740239999";"1.52813459474302";"647"
"585";"*postReposts_155";"4.56696482527695";"1.87138740239999";"1.52813459474302";"648"
"586";"*i_0881";"4.56696482527695";"1.87138740239999";"1.52813459474302";"649"
"587";"*i_0806";"4.56696482527695";"1.87138740239999";"1.52813459474302";"650"
"588";"*postLikes_11100";"4.56696482527695";"1.87138740239999";"1.52813459474302";"652"
"589";"*postReposts_66";"4.56696482527695";"1.87138740239999";"1.52813459474302";"654"
"590";"*i_0753";"4.56696482527695";"1.87138740239999";"1.52813459474302";"655"
"591";"*i_0748";"4.56696482527695";"1.87138740239999";"1.52813459474302";"656"
"592";"*postReposts_134";"4.56696482527695";"1.87138740239999";"1.52813459474302";"657"
"593";"*postLikes_22900";"4.56696482527695";"1.87138740239999";"1.52813459474302";"658"
"594";"*postReposts_78";"4.56696482527695";"1.87138740239999";"1.52813459474302";"659"
"595";"*i_0670";"4.56696482527695";"1.87138740239999";"1.52813459474302";"660"
"596";"*postLikes_905";"4.56696482527695";"1.87138740239999";"1.52813459474302";"661"
"597";"*postComments_175";"4.56696482527695";"1.87138740239999";"1.52813459474302";"662"
"598";"*i_0606";"4.56696482527695";"1.87138740239999";"1.52813459474302";"663"
"599";"*postComments_561";"4.56696482527695";"1.87138740239999";"1.52813459474302";"664"
"600";"*i_0591";"4.56696482527695";"1.87138740239999";"1.52813459474302";"665"
"601";"*postReposts_105";"4.56696482527695";"1.87138740239999";"1.52813459474302";"666"
"602";"*i_0588";"4.56696482527695";"1.87138740239999";"1.52813459474302";"667"
"603";"*i_0554";"4.56696482527695";"1.87138740239999";"1.52813459474302";"668"
"604";"*i_0539";"4.56696482527695";"1.87138740239999";"1.52813459474302";"669"
"605";"*postReposts_150";"4.56696482527695";"1.87138740239999";"1.52813459474302";"670"
"606";"*postLikes_10300";"4.56696482527695";"1.87138740239999";"1.52813459474302";"671"
"607";"*i_0489";"4.56696482527695";"1.87138740239999";"1.52813459474302";"672"
"608";"*postComments_0";"4.56696482527695";"1.87138740239999";"1.52813459474302";"674"
"609";"*i_0337";"4.56696482527695";"1.87138740239999";"1.52813459474302";"676"
"610";"*postComments_183";"4.56696482527695";"1.87138740239999";"1.52813459474302";"677"
"611";"*postComments_100";"4.56696482527695";"1.87138740239999";"1.52813459474302";"678"
"612";"*i_0315";"4.56696482527695";"1.87138740239999";"1.52813459474302";"679"
"613";"*postReposts_133";"4.56696482527695";"1.87138740239999";"1.52813459474302";"680"
"614";"*i_0259";"4.56696482527695";"1.87138740239999";"1.52813459474302";"681"
"615";"*i_0256";"4.56696482527695";"1.87138740239999";"1.52813459474302";"682"
"616";"*postReposts_188";"4.56696482527695";"1.87138740239999";"1.52813459474302";"683"
"617";"*i_0249";"4.56696482527695";"1.87138740239999";"1.52813459474302";"684"
"618";"*postComments_492";"4.56696482527695";"1.87138740239999";"1.52813459474302";"685"
"619";"*postReposts_94";"4.56696482527695";"1.87138740239999";"1.52813459474302";"686"
"620";"*i_0237";"4.56696482527695";"1.87138740239999";"1.52813459474302";"687"
"621";"*postComments_503";"4.56696482527695";"1.87138740239999";"1.52813459474302";"688"
"622";"*postReposts_242";"4.56696482527695";"1.87138740239999";"1.52813459474302";"689"
"623";"*i_0224";"4.56696482527695";"1.87138740239999";"1.52813459474302";"690"
"624";"*i_0201";"4.56696482527695";"1.87138740239999";"1.52813459474302";"691"
"625";"*postComments_355";"4.56696482527695";"1.87138740239999";"1.52813459474302";"692"
"626";"*i_0185";"4.56696482527695";"1.87138740239999";"1.52813459474302";"693"
"627";"*postComments_284";"4.56696482527695";"1.87138740239999";"1.52813459474302";"694"
"628";"*postReposts_207";"4.56696482527695";"1.87138740239999";"1.52813459474302";"695"
"629";"*i_0171";"4.56696482527695";"1.87138740239999";"1.52813459474302";"696"
"630";"*i_0150";"4.56696482527695";"1.87138740239999";"1.52813459474302";"697"
"631";"*postComments_326";"4.56696482527695";"1.87138740239999";"1.52813459474302";"698"
"632";"*postReposts_220";"4.56696482527695";"1.87138740239999";"1.52813459474302";"699"
"633";"*i_0139";"4.56696482527695";"1.87138740239999";"1.52813459474302";"700"
"634";"*postComments_337";"4.56696482527695";"1.87138740239999";"1.52813459474302";"701"
"635";"*postReposts_195";"4.56696482527695";"1.87138740239999";"1.52813459474302";"702"
"636";"*i_0131";"4.56696482527695";"1.87138740239999";"1.52813459474302";"703"
"637";"*i_0123";"4.56696482527695";"1.87138740239999";"1.52813459474302";"704"
"638";"*postComments_223";"4.56696482527695";"1.87138740239999";"1.52813459474302";"705"
"639";"*i_0098";"4.56696482527695";"1.87138740239999";"1.52813459474302";"706"
"640";"*postComments_293";"4.56696482527695";"1.87138740239999";"1.52813459474302";"707"
"641";"*postReposts_2500";"4.56696482527695";"1.87138740239999";"1.52813459474302";"708"
"642";"*i_0089";"4.56696482527695";"1.87138740239999";"1.52813459474302";"709"
"643";"*i_0075";"4.56696482527695";"1.87138740239999";"1.52813459474302";"710"
"644";"*postComments_453";"4.56696482527695";"1.87138740239999";"1.52813459474302";"711"
"645";"*i_0064";"4.56696482527695";"1.87138740239999";"1.52813459474302";"712"
"646";"*postComments_381";"4.56696482527695";"1.87138740239999";"1.52813459474302";"713"
"647";"*i_0062";"4.56696482527695";"1.87138740239999";"1.52813459474302";"714"
"648";"*i_0032";"4.56696482527695";"1.87138740239999";"1.52813459474302";"715"
"649";"*postDate_5-11-2025";"0.483184391817988";"-0.106962155316088";"1.51627268415666";"716"
"650";"*postReposts_45";"-0.143947048182472";"-1.66097161126157";"1.50693692119518";"717"
"651";"*postDate_6-11-2025";"0.766133741511275";"1.49152799940195";"1.49392176930181";"718"
"652";"*postLikes_5600";"1.44032791125137";"0.200438078507054";"1.48123611492474";"719"
"653";"*postComments_56";"0.830142064325082";"1.23755361759193";"1.47975337610145";"720"
"654";"*postDate_10-11-2025";"0.0162264229000874";"0.569168851869068";"1.47140610568882";"721"
"655";"*i_0939";"-1.03561326507771";"-2.07336476318681";"1.45136167344799";"722"
"656";"*postReposts_79";"-1.03561326507771";"-2.07336476318681";"1.45136167344799";"723"
"657";"*i_0917";"-1.03561326507771";"-2.07336476318681";"1.45136167344799";"724"
"658";"*i_0915";"-1.03561326507771";"-2.07336476318681";"1.45136167344799";"725"
"659";"*postComments_75";"-1.03561326507771";"-2.07336476318681";"1.45136167344799";"726"
"660";"*i_0899";"-1.03561326507771";"-2.07336476318681";"1.45136167344799";"727"
"661";"*postReposts_172";"-1.03561326507771";"-2.07336476318681";"1.45136167344799";"728"
"662";"*i_0863";"-1.03561326507771";"-2.07336476318681";"1.45136167344799";"729"
"663";"*postLikes_947";"-1.03561326507771";"-2.07336476318681";"1.45136167344799";"730"
"664";"*i_0847";"-1.03561326507771";"-2.07336476318681";"1.45136167344799";"731"
"665";"*i_0845";"-1.03561326507771";"-2.07336476318681";"1.45136167344799";"732"
"666";"*i_0841";"-1.03561326507771";"-2.07336476318681";"1.45136167344799";"733"
"667";"*i_0817";"-1.03561326507771";"-2.07336476318681";"1.45136167344799";"734"
"668";"*i_0816";"-1.03561326507771";"-2.07336476318681";"1.45136167344799";"735"
"669";"*i_0804";"-1.03561326507771";"-2.07336476318681";"1.45136167344799";"736"
"670";"*postComments_345";"-1.03561326507771";"-2.07336476318681";"1.45136167344799";"737"
"671";"*postReposts_84";"-1.03561326507771";"-2.07336476318681";"1.45136167344799";"738"
"672";"*i_0794";"-1.03561326507771";"-2.07336476318681";"1.45136167344799";"739"
"673";"*postReposts_492";"-1.03561326507771";"-2.07336476318681";"1.45136167344799";"740"
"674";"*i_0734";"-1.03561326507771";"-2.07336476318681";"1.45136167344799";"741"
"675";"*i_0731";"-1.03561326507771";"-2.07336476318681";"1.45136167344799";"742"
"676";"*i_0722";"-1.03561326507771";"-2.07336476318681";"1.45136167344799";"743"
"677";"*postComments_172";"-1.03561326507771";"-2.07336476318681";"1.45136167344799";"744"
"678";"*i_0675";"-1.03561326507771";"-2.07336476318681";"1.45136167344799";"745"
"679";"*i_0635";"-1.03561326507771";"-2.07336476318681";"1.45136167344799";"746"
"680";"*postReposts_103";"-1.03561326507771";"-2.07336476318681";"1.45136167344799";"747"
"681";"*i_0607";"-1.03561326507771";"-2.07336476318681";"1.45136167344799";"748"
"682";"*i_0576";"-1.03561326507771";"-2.07336476318681";"1.45136167344799";"749"
"683";"*postReposts_349";"-1.03561326507771";"-2.07336476318681";"1.45136167344799";"750"
"684";"*i_0564";"-1.03561326507771";"-2.07336476318681";"1.45136167344799";"751"
"685";"*i_0559";"-1.03561326507771";"-2.07336476318681";"1.45136167344799";"752"
"686";"*i_0549";"-1.03561326507771";"-2.07336476318681";"1.45136167344799";"753"
"687";"*i_0535";"-1.03561326507771";"-2.07336476318681";"1.45136167344799";"754"
"688";"*i_0529";"-1.03561326507771";"-2.07336476318681";"1.45136167344799";"755"
"689";"*i_0519";"-1.03561326507771";"-2.07336476318681";"1.45136167344799";"756"
"690";"*i_0494";"-1.03561326507771";"-2.07336476318681";"1.45136167344799";"757"
"691";"*i_0477";"-1.03561326507771";"-2.07336476318681";"1.45136167344799";"758"
"692";"*i_0452";"-1.03561326507771";"-2.07336476318681";"1.45136167344799";"759"
"693";"*postComments_249";"-1.03561326507771";"-2.07336476318681";"1.45136167344799";"760"
"694";"*postReposts_107";"-1.03561326507771";"-2.07336476318681";"1.45136167344799";"761"
"695";"*i_0434";"-1.03561326507771";"-2.07336476318681";"1.45136167344799";"762"
"696";"*postLikes_17600";"-1.03561326507771";"-2.07336476318681";"1.45136167344799";"763"
"697";"*postReposts_377";"-1.03561326507771";"-2.07336476318681";"1.45136167344799";"764"
"698";"*i_0433";"-1.03561326507771";"-2.07336476318681";"1.45136167344799";"765"
"699";"*i_0407";"-1.03561326507771";"-2.07336476318681";"1.45136167344799";"766"
"700";"*postReposts_127";"-1.03561326507771";"-2.07336476318681";"1.45136167344799";"767"
"701";"*postComments_298";"-1.03561326507771";"-2.07336476318681";"1.45136167344799";"769"
"702";"*i_0319";"-1.03561326507771";"-2.07336476318681";"1.45136167344799";"770"
"703";"*i_0269";"-1.03561326507771";"-2.07336476318681";"1.45136167344799";"771"
"704";"*i_0264";"-1.03561326507771";"-2.07336476318681";"1.45136167344799";"772"
"705";"*i_0251";"-1.03561326507771";"-2.07336476318681";"1.45136167344799";"773"
"706";"*i_0250";"-1.03561326507771";"-2.07336476318681";"1.45136167344799";"774"
"707";"*i_0208";"-1.03561326507771";"-2.07336476318681";"1.45136167344799";"775"
"708";"*i_0192";"-1.03561326507771";"-2.07336476318681";"1.45136167344799";"776"
"709";"*i_0187";"-1.03561326507771";"-2.07336476318681";"1.45136167344799";"777"
"710";"*postReposts_175";"-1.03561326507771";"-2.07336476318681";"1.45136167344799";"778"
"711";"*i_0174";"-1.03561326507771";"-2.07336476318681";"1.45136167344799";"779"
"712";"*i_0161";"-1.03561326507771";"-2.07336476318681";"1.45136167344799";"780"
"713";"*i_0152";"-1.03561326507771";"-2.07336476318681";"1.45136167344799";"781"
"714";"*i_0146";"-1.03561326507771";"-2.07336476318681";"1.45136167344799";"782"
"715";"*postReposts_371";"-1.03561326507771";"-2.07336476318681";"1.45136167344799";"783"
"716";"*i_0095";"-1.03561326507771";"-2.07336476318681";"1.45136167344799";"784"
"717";"*i_0081";"-1.03561326507771";"-2.07336476318681";"1.45136167344799";"785"
"718";"*i_0046";"-1.03561326507771";"-2.07336476318681";"1.45136167344799";"786"
"719";"*i_0045";"-1.03561326507771";"-2.07336476318681";"1.45136167344799";"787"
"720";"*i_0036";"-1.03561326507771";"-2.07336476318681";"1.45136167344799";"788"
"721";"*i_0018";"-1.03561326507771";"-2.07336476318681";"1.45136167344799";"789"
"722";"*i_0001";"-1.03561326507771";"-2.07336476318681";"1.45136167344799";"790"
"723";"*postDate_7-10-2025";"-1.03561326507771";"-2.07336476318681";"1.45136167344799";"791"
"724";"*i_0956";"-0.0783921976524074";"-1.23923099429678";"1.45136167344799";"792"
"725";"*postComments_222";"-0.0783921976524074";"-1.23923099429678";"1.45136167344799";"793"
"726";"*i_0952";"-0.0783921976524074";"-1.23923099429678";"1.45136167344799";"794"
"727";"*i_0948";"-0.0783921976524074";"-1.23923099429678";"1.45136167344799";"795"
"728";"*i_0909";"-0.0783921976524074";"-1.23923099429678";"1.45136167344799";"796"
"729";"*i_0890";"-0.0783921976524074";"-1.23923099429678";"1.45136167344799";"797"
"730";"*i_0878";"-0.0783921976524074";"-1.23923099429678";"1.45136167344799";"798"
"731";"*i_0876";"-0.0783921976524074";"-1.23923099429678";"1.45136167344799";"799"
"732";"*i_0869";"-0.0783921976524074";"-1.23923099429678";"1.45136167344799";"800"
"733";"*postComments_61";"-0.0783921976524074";"-1.23923099429678";"1.45136167344799";"801"
"734";"*i_0856";"-0.0783921976524074";"-1.23923099429678";"1.45136167344799";"802"
"735";"*i_0821";"-0.0783921976524074";"-1.23923099429678";"1.45136167344799";"803"
"736";"*i_0761";"-0.0783921976524074";"-1.23923099429678";"1.45136167344799";"804"
"737";"*postLikes_900";"-0.0783921976524074";"-1.23923099429678";"1.45136167344799";"805"
"738";"*i_0760";"-0.0783921976524074";"-1.23923099429678";"1.45136167344799";"806"
"739";"*i_0754";"-0.0783921976524074";"-1.23923099429678";"1.45136167344799";"807"
"740";"*postLikes_958";"-0.0783921976524074";"-1.23923099429678";"1.45136167344799";"808"
"741";"*i_0720";"-0.0783921976524074";"-1.23923099429678";"1.45136167344799";"809"
"742";"*postLikes_14400";"-0.0783921976524074";"-1.23923099429678";"1.45136167344799";"810"
"743";"*postReposts_121";"-0.0783921976524074";"-1.23923099429678";"1.45136167344799";"811"
"744";"*i_0714";"-0.0783921976524074";"-1.23923099429678";"1.45136167344799";"812"
"745";"*i_0686";"-0.0783921976524074";"-1.23923099429678";"1.45136167344799";"813"
"746";"*postComments_118";"-0.0783921976524074";"-1.23923099429678";"1.45136167344799";"814"
"747";"*i_0680";"-0.0783921976524074";"-1.23923099429678";"1.45136167344799";"815"
"748";"*postComments_805";"-0.0783921976524074";"-1.23923099429678";"1.45136167344799";"816"
"749";"*i_0637";"-0.0783921976524074";"-1.23923099429678";"1.45136167344799";"817"
"750";"*postComments_207";"-0.0783921976524074";"-1.23923099429678";"1.45136167344799";"818"
"751";"*i_0590";"-0.0783921976524074";"-1.23923099429678";"1.45136167344799";"819"
"752";"*i_0579";"-0.0783921976524074";"-1.23923099429678";"1.45136167344799";"820"
"753";"*i_0568";"-0.0783921976524074";"-1.23923099429678";"1.45136167344799";"821"
"754";"*i_0530";"-0.0783921976524074";"-1.23923099429678";"1.45136167344799";"822"
"755";"*i_0481";"-0.0783921976524074";"-1.23923099429678";"1.45136167344799";"823"
"756";"*i_0479";"-0.0783921976524074";"-1.23923099429678";"1.45136167344799";"824"
"757";"*i_0456";"-0.0783921976524074";"-1.23923099429678";"1.45136167344799";"825"
"758";"*i_0448";"-0.0783921976524074";"-1.23923099429678";"1.45136167344799";"826"
"759";"*postLikes_923";"-0.0783921976524074";"-1.23923099429678";"1.45136167344799";"827"
"760";"*i_0440";"-0.0783921976524074";"-1.23923099429678";"1.45136167344799";"828"
"761";"*i_0399";"-0.0783921976524074";"-1.23923099429678";"1.45136167344799";"829"
"762";"*i_0385";"-0.0783921976524074";"-1.23923099429678";"1.45136167344799";"830"
"763";"*i_0384";"-0.0783921976524074";"-1.23923099429678";"1.45136167344799";"831"
"764";"*i_0372";"-0.0783921976524074";"-1.23923099429678";"1.45136167344799";"832"
"765";"*i_0326";"-0.0783921976524074";"-1.23923099429678";"1.45136167344799";"833"
"766";"*i_0321";"-0.0783921976524074";"-1.23923099429678";"1.45136167344799";"834"
"767";"*i_0320";"-0.0783921976524074";"-1.23923099429678";"1.45136167344799";"835"
"768";"*i_0316";"-0.0783921976524074";"-1.23923099429678";"1.45136167344799";"836"
"769";"*i_0313";"-0.0783921976524074";"-1.23923099429678";"1.45136167344799";"837"
"770";"*i_0305";"-0.0783921976524074";"-1.23923099429678";"1.45136167344799";"838"
"771";"*i_0302";"-0.0783921976524074";"-1.23923099429678";"1.45136167344799";"839"
"772";"*postComments_261";"-0.0783921976524074";"-1.23923099429678";"1.45136167344799";"840"
"773";"*i_0301";"-0.0783921976524074";"-1.23923099429678";"1.45136167344799";"841"
"774";"*i_0279";"-0.0783921976524074";"-1.23923099429678";"1.45136167344799";"842"
"775";"*postLikes_27900";"-0.0783921976524074";"-1.23923099429678";"1.45136167344799";"843"
"776";"*postReposts_156";"-0.0783921976524074";"-1.23923099429678";"1.45136167344799";"844"
"777";"*i_0265";"-0.0783921976524074";"-1.23923099429678";"1.45136167344799";"845"
"778";"*i_0220";"-0.0783921976524074";"-1.23923099429678";"1.45136167344799";"846"
"779";"*postLikes_9600";"-0.0783921976524074";"-1.23923099429678";"1.45136167344799";"847"
"780";"*postComments_258";"-0.0783921976524074";"-1.23923099429678";"1.45136167344799";"848"
"781";"*postReposts_125";"-0.0783921976524074";"-1.23923099429678";"1.45136167344799";"849"
"782";"*i_0214";"-0.0783921976524074";"-1.23923099429678";"1.45136167344799";"850"
"783";"*i_0196";"-0.0783921976524074";"-1.23923099429678";"1.45136167344799";"851"
"784";"*i_0190";"-0.0783921976524074";"-1.23923099429678";"1.45136167344799";"852"
"785";"*i_0164";"-0.0783921976524074";"-1.23923099429678";"1.45136167344799";"853"
"786";"*postComments_250";"-0.0783921976524074";"-1.23923099429678";"1.45136167344799";"854"
"787";"*i_0105";"-0.0783921976524074";"-1.23923099429678";"1.45136167344799";"855"
"788";"*postComments_313";"-0.0783921976524074";"-1.23923099429678";"1.45136167344799";"856"
"789";"*i_0057";"-0.0783921976524074";"-1.23923099429678";"1.45136167344799";"857"
"790";"*i_0042";"-0.0783921976524074";"-1.23923099429678";"1.45136167344799";"858"
"791";"*i_0035";"-0.0783921976524074";"-1.23923099429678";"1.45136167344799";"859"
"792";"*postComments_134";"-0.0783921976524074";"-1.23923099429678";"1.45136167344799";"860"
"793";"*i_0028";"-0.0783921976524074";"-1.23923099429678";"1.45136167344799";"861"
"794";"*i_0987";"0.0492922779427272";"-1.32121643214389";"1.43779735902748";"863"
"795";"*i_0950";"0.0492922779427272";"-1.32121643214389";"1.43779735902748";"864"
"796";"*i_0931";"0.0492922779427272";"-1.32121643214389";"1.43779735902748";"865"
"797";"*i_0884";"0.0492922779427272";"-1.32121643214389";"1.43779735902748";"866"
"798";"*postComments_244";"0.0492922779427272";"-1.32121643214389";"1.43779735902748";"867"
"799";"*postReposts_83";"0.0492922779427272";"-1.32121643214389";"1.43779735902748";"868"
"800";"*i_0859";"0.0492922779427272";"-1.32121643214389";"1.43779735902748";"869"
"801";"*i_0846";"0.0492922779427272";"-1.32121643214389";"1.43779735902748";"870"
"802";"*i_0844";"0.0492922779427272";"-1.32121643214389";"1.43779735902748";"871"
"803";"*i_0828";"0.0492922779427272";"-1.32121643214389";"1.43779735902748";"872"
"804";"*postLikes_10700";"0.0492922779427272";"-1.32121643214389";"1.43779735902748";"873"
"805";"*postReposts_179";"0.0492922779427272";"-1.32121643214389";"1.43779735902748";"874"
"806";"*i_0812";"0.0492922779427272";"-1.32121643214389";"1.43779735902748";"875"
"807";"*i_0785";"0.0492922779427272";"-1.32121643214389";"1.43779735902748";"876"
"808";"*postComments_224";"0.0492922779427272";"-1.32121643214389";"1.43779735902748";"877"
"809";"*postReposts_351";"0.0492922779427272";"-1.32121643214389";"1.43779735902748";"878"
"810";"*i_0780";"0.0492922779427272";"-1.32121643214389";"1.43779735902748";"879"
"811";"*i_0777";"0.0492922779427272";"-1.32121643214389";"1.43779735902748";"880"
"812";"*postReposts_68";"0.0492922779427272";"-1.32121643214389";"1.43779735902748";"881"
"813";"*i_0762";"0.0492922779427272";"-1.32121643214389";"1.43779735902748";"882"
"814";"*i_0759";"0.0492922779427272";"-1.32121643214389";"1.43779735902748";"883"
"815";"*postComments_560";"0.0492922779427272";"-1.32121643214389";"1.43779735902748";"884"
"816";"*postReposts_97";"0.0492922779427272";"-1.32121643214389";"1.43779735902748";"885"
"817";"*i_0750";"0.0492922779427272";"-1.32121643214389";"1.43779735902748";"886"
"818";"*i_0745";"0.0492922779427272";"-1.32121643214389";"1.43779735902748";"887"
"819";"*postComments_287";"0.0492922779427272";"-1.32121643214389";"1.43779735902748";"888"
"820";"*i_0729";"0.0492922779427272";"-1.32121643214389";"1.43779735902748";"889"
"821";"*i_0716";"0.0492922779427272";"-1.32121643214389";"1.43779735902748";"890"
"822";"*postLikes_606";"0.0492922779427272";"-1.32121643214389";"1.43779735902748";"891"
"823";"*i_0710";"0.0492922779427272";"-1.32121643214389";"1.43779735902748";"892"
"824";"*postLikes_10200";"0.0492922779427272";"-1.32121643214389";"1.43779735902748";"893"
"825";"*i_0702";"0.0492922779427272";"-1.32121643214389";"1.43779735902748";"894"
"826";"*i_0676";"0.0492922779427272";"-1.32121643214389";"1.43779735902748";"895"
"827";"*postComments_279";"0.0492922779427272";"-1.32121643214389";"1.43779735902748";"896"
"828";"*postLikes_9700";"0.0492922779427272";"-1.32121643214389";"1.43779735902748";"897"
"829";"*i_0641";"0.0492922779427272";"-1.32121643214389";"1.43779735902748";"898"
"830";"*i_0633";"0.0492922779427272";"-1.32121643214389";"1.43779735902748";"899"
"831";"*i_0618";"0.0492922779427272";"-1.32121643214389";"1.43779735902748";"900"
"832";"*i_0610";"0.0492922779427272";"-1.32121643214389";"1.43779735902748";"901"
"833";"*i_0565";"0.0492922779427272";"-1.32121643214389";"1.43779735902748";"902"
"834";"*i_0561";"0.0492922779427272";"-1.32121643214389";"1.43779735902748";"903"
"835";"*i_0537";"0.0492922779427272";"-1.32121643214389";"1.43779735902748";"904"
"836";"*i_0460";"0.0492922779427272";"-1.32121643214389";"1.43779735902748";"905"
"837";"*i_0450";"0.0492922779427272";"-1.32121643214389";"1.43779735902748";"906"
"838";"*i_0426";"0.0492922779427272";"-1.32121643214389";"1.43779735902748";"907"
"839";"*i_0374";"0.0492922779427272";"-1.32121643214389";"1.43779735902748";"908"
"840";"*i_0356";"0.0492922779427272";"-1.32121643214389";"1.43779735902748";"909"
"841";"*i_0350";"0.0492922779427272";"-1.32121643214389";"1.43779735902748";"910"
"842";"*i_0298";"0.0492922779427272";"-1.32121643214389";"1.43779735902748";"911"
"843";"*i_0291";"0.0492922779427272";"-1.32121643214389";"1.43779735902748";"912"
"844";"*i_0271";"0.0492922779427272";"-1.32121643214389";"1.43779735902748";"913"
"845";"*i_0253";"0.0492922779427272";"-1.32121643214389";"1.43779735902748";"914"
"846";"*i_0240";"0.0492922779427272";"-1.32121643214389";"1.43779735902748";"915"
"847";"*i_0232";"0.0492922779427272";"-1.32121643214389";"1.43779735902748";"916"
"848";"*i_0157";"0.0492922779427272";"-1.32121643214389";"1.43779735902748";"917"
"849";"*i_0148";"0.0492922779427272";"-1.32121643214389";"1.43779735902748";"918"
"850";"*i_0142";"0.0492922779427272";"-1.32121643214389";"1.43779735902748";"919"
"851";"*i_0141";"0.0492922779427272";"-1.32121643214389";"1.43779735902748";"920"
"852";"*postComments_463";"0.0492922779427272";"-1.32121643214389";"1.43779735902748";"921"
"853";"*i_0129";"0.0492922779427272";"-1.32121643214389";"1.43779735902748";"922"
"854";"*i_0128";"0.0492922779427272";"-1.32121643214389";"1.43779735902748";"923"
"855";"*i_0101";"0.0492922779427272";"-1.32121643214389";"1.43779735902748";"924"
"856";"*i_0067";"0.0492922779427272";"-1.32121643214389";"1.43779735902748";"925"
"857";"*i_0063";"0.0492922779427272";"-1.32121643214389";"1.43779735902748";"926"
"858";"*i_0054";"0.0492922779427272";"-1.32121643214389";"1.43779735902748";"927"
"859";"*i_0047";"0.0492922779427272";"-1.32121643214389";"1.43779735902748";"928"
"860";"*postComments_167";"2.31553612647754";"0.173418662175628";"1.42516662090312";"929"
"861";"*postLikes_4300";"-0.541828849912299";"-0.420091349836381";"1.41017448391203";"930"
"862";"*postDate_22-12-2025";"0.130504291373622";"0.602193986570193";"1.40330995232271";"931"
"863";"*postLikes_7200";"-0.544718503601826";"0.0165576201615535";"1.39216195302164";"932"
"864";"*postDate_9-11-2025";"-0.714869293337767";"0.218567843507072";"1.39216195302164";"933"
"865";"*postLikes_3500";"1.08199701233994";"0.486602849913273";"1.38540725393774";"934"
"866";"*postDate_2-12-2025";"-0.373623434595621";"-0.533188266439992";"1.3844736776416";"935"
"867";"*postComments_3";"-0.57201470184862";"-0.854631409921317";"1.37914680112828";"936"
"868";"*postLikes_2800";"-0.649600470207608";"-0.835493320862827";"1.37914680112828";"937"
"869";"*postComments_28";"-0.202273316665427";"-0.810713683019703";"1.37914680112828";"938"
"870";"*postComments_6";"-2.34920903280031";"1.41447844948174";"1.37272159956067";"940"
"871";"*postDate_18-10-2025";"-0.0147130723234695";"0.167921854915959";"1.35646638875715";"942"
"872";"*postComments_50";"-0.0999346593225714";"-1.43935298977462";"1.35646638875715";"943"
"873";"*postDate_28-12-2025";"-0.573315098115195";"0.126785719150784";"1.35646638875715";"944"
"874";"*postDate_20-12-2025";"-0.571196811113867";"0.136796481924249";"1.35646638875715";"945"
"875";"*postLikes_6600";"-1.0205929115517";"-0.624539695705277";"1.34855844836624";"947"
"876";"*postDate_3-11-2025";"-0.338237281155175";"-0.141879816631468";"1.3469109607848";"948"
"877";"*postDate_2-11-2025";"0.392865876072723";"-0.851503392549375";"1.3469109607848";"949"
"878";"*postComments_203";"1.60380743313123";"1.31205244540706";"1.34070542422805";"950"
"879";"*postComments_51";"1.60380743313123";"1.31205244540706";"1.34070542422805";"951"
"880";"*postReposts_92";"0.194144681715753";"-0.379299347695949";"1.34070542422805";"952"
"881";"*postComments_241";"0.0702935630463012";"-0.337708639210216";"1.34070542422805";"953"
"882";"*postComments_71";"1.40689515231878";"-0.17481642554536";"1.34070542422805";"954"
"883";"*postComments_362";"-0.190526745865817";"-0.426875331746226";"1.34070542422805";"955"
"884";"*postComments_63";"0.64686441562767";"0.0640192978507397";"1.34070542422805";"956"
"885";"*postComments_68";"0.64686441562767";"0.0640192978507397";"1.34070542422805";"957"
"886";"*postComments_21";"-0.715155995199375";"-0.922176604906788";"1.33526871520931";"958"
"887";"*postLikes_4600";"0.605037140052909";"0.49993052209243";"1.33526871520931";"960"
"888";"*postDate_11-12-2025";"0.280287414678618";"-0.892740745412584";"1.33175407503557";"961"
"889";"*postLikes_6800";"-0.324593453093972";"-0.218589850302003";"1.32016674571279";"962"
"890";"*postLikes_1800";"-0.786451326717317";"-0.796809692872607";"1.31829959312049";"963"
"891";"*postReposts_24";"1.08889281536301";"0.104592618664479";"1.30429594867827";"964"
"892";"*postReposts_51";"0.878756981019452";"-0.0147449560074904";"1.30429594867827";"965"
"893";"*postDate_22-11-2025";"1.13334899171029";"0.288416027649428";"1.30429594867827";"966"
"894";"*postLikes_8800";"-0.168459446453949";"1.72907938003952";"1.3006714759991";"967"
"895";"*postReposts_113";"-0.982902838626976";"0.195727148731237";"1.3006714759991";"969"
"896";"*postComments_47";"-0.407967013781521";"1.27568620154347";"1.3006714759991";"970"
"897";"*postLikes_17200";"-1.94747658828974";"1.63529886900045";"1.3006714759991";"972"
"898";"*postComments_44";"-1.12540246395751";"0.481046232483191";"1.3006714759991";"974"
"899";"*postComments_96";"-1.06156022615995";"0.440053513559638";"1.3006714759991";"975"
"900";"*postReposts_17";"-0.574477494414416";"0.324500149568679";"1.2953995157385";"976"
"901";"*postComments_84";"0.301979967269788";"-0.392925783801411";"1.28254911260328";"977"
"902";"*postLikes_10500";"0.425831085939239";"-0.434516492287145";"1.28254911260328";"978"
"903";"*postLikes_5900";"-1.35318605589655";"-0.528297003326208";"1.28254911260328";"979"
"904";"*postLikes_11400";"-2.31354046563038";"1.52456748419288";"1.28254911260328";"980"
"905";"*postReposts_75";"-1.00972246527698";"-2.09961652428848";"1.28254911260328";"981"
"906";"*postReposts_57";"-2.31354046563038";"1.52456748419288";"1.28254911260328";"982"
"907";"*postComments_57";"0.186323518611667";"-0.887909670783189";"1.28254911260328";"983"
"908";"*postReposts_56";"-0.893411588737248";"-1.87045009980744";"1.28254911260328";"984"
"909";"*postComments_135";"-1.13357358394643";"-2.05802581580275";"1.28254911260328";"985"
"910";"*postReposts_77";"-1.13357358394643";"-2.05802581580275";"1.28254911260328";"986"
"911";"*postLikes_4400";"-0.702544365860223";"-1.06122358677613";"1.26914954694092";"987"
"912";"*postDate_26-10-2025";"-0.140250406145694";"0.125715116096911";"1.26914954694092";"988"
"913";"*postComments_64";"1.02105044518169";"-0.27651693049241";"1.26552507426175";"989"
"914";"*postComments_103";"1.02105044518169";"-0.27651693049241";"1.26552507426175";"990"
"915";"*postReposts_119";"-0.0316228235695213";"-1.09008061166019";"1.26552507426175";"991"
"916";"*postLikes_16000";"-0.414503106034523";"-1.94161696249375";"1.26552507426175";"992"
"917";"*postComments_81";"0.400594714020113";"-0.674082193686204";"1.26552507426175";"993"
"918";"*postReposts_210";"0.559801285780394";"-0.523243987608878";"1.26552507426175";"994"
"919";"*postComments_228";"-0.41257098740353";"-1.03425269635794";"1.26552507426175";"995"
"920";"*postComments_124";"-0.316840736155879";"-1.46872216274648";"1.26552507426175";"996"
"921";"*postComments_156";"-0.795451269868532";"-1.8857890471915";"1.26552507426175";"997"
"922";"*postComments_138";"-0.41257098740353";"-1.03425269635794";"1.26552507426175";"998"
"923";"*postComments_98";"-0.316840736155879";"-1.46872216274648";"1.26552507426175";"999"
"924";"*postComments_1";"-1.67062438398834";"0.288104709533018";"1.26124160655001";"1000"
"925";"*postDate_30-12-2025";"-0.34296927689646";"0.821202706898177";"1.26124160655001";"1001"
"926";"*postComments_15";"-0.333482397745081";"0.506112643845088";"1.25761713387085";"1002"
"927";"*postLikes_1400";"0.495818203922599";"-0.346481331218854";"1.25761713387085";"1003"
"928";"*postLikes_2900";"0.785475257639763";"0.514667813872818";"1.25091735103966";"1004"
"929";"*postReposts_42";"-0.822722768181558";"-0.579353878310849";"1.24976410973266";"1005"
"930";"*postLikes_5700";"0.0984233137429891";"-0.410707641032979";"1.24976410973266";"1006"
"931";"*postLikes_6100";"-0.447208854131455";"-0.0867083714390322";"1.24976410973266";"1007"
"932";"*postComments_147";"1.59598627002715";"0.803442122319823";"1.24948952846908";"1009"
"933";"*postComments_303";"1.51568527445986";"0.500887149901105";"1.24948952846908";"1010"
"934";"*postComments_101";"0.543313001275933";"-0.0101215588479563";"1.24948952846908";"1013"
"935";"*postLikes_18300";"0.639043252523584";"-0.4445910252365";"1.24948952846908";"1014"
"936";"*postComments_248";"2.96172176398826";"1.11071817311188";"1.24948952846908";"1015"
"937";"*postReposts_19";"-0.00361966431632034";"0.404754228986489";"1.24553555827363";"1016"
"938";"*postDate_14-10-2025";"0.00323753070072839";"-0.302948650734903";"1.24487656324106";"1017"
"939";"*postLikes_3200";"-0.0295079643353441";"0.116223411889063";"1.23158683008412";"1018"
"940";"*postReposts_36";"-0.0138771433911947";"-0.183060020606555";"1.22988442624997";"1019"
"941";"*postReposts_14";"-0.29191754273402";"-0.405499731844507";"1.20456803374853";"1022"
"942";"*postComments_67";"0.248410785899515";"-0.954300494176694";"1.19990015226779";"1023"
"943";"*postComments_8";"-1.15855169407184";"-0.108204234021996";"1.19990015226779";"1024"
"944";"*postLikes_4000";"1.04201220044983";"-0.284720809712901";"1.19990015226779";"1025"
"945";"*postLikes_9300";"-0.836624084187069";"-0.125971076703072";"1.19380444821647";"1026"
"946";"*postLikes_7100";"1.42221218948004";"1.47033084056887";"1.19380444821647";"1028"
"947";"*postReposts_101";"1.42221218948004";"1.47033084056887";"1.19380444821647";"1029"
"948";"*postReposts_82";"-1.37907685569729";"-0.502045242224532";"1.19380444821647";"1030"
"949";"*postComments_70";"-0.996196573232287";"0.349491108609025";"1.19380444821647";"1031"
"950";"*postComments_34";"0.0330479239135563";"-0.743764019799202";"1.18913656673573";"1032"
"951";"*postLikes_6000";"1.06440086789094";"0.81051094065531";"1.18847757170315";"1033"
"952";"*postComments_32";"-0.664347660720408";"-0.739808668030966";"1.18726941414343";"1034"
"953";"*postDate_11-11-2025";"-0.62008524687071";"-1.36436160332544";"1.18726941414343";"1035"
"954";"*postLikes_1300";"0.307574642713718";"-0.850218170776311";"1.18726941414343";"1036"
"955";"*postDate_9-12-2025";"1.20178649144582";"0.455007437510181";"1.18584159157285";"1037"
"956";"*postLikes_1700";"0.5256297502708";"0.238312279291452";"1.18326052769526";"1038"
"957";"*postLikes_3300";"0.118817534535313";"-0.611980950649925";"1.18326052769526";"1039"
"958";"*postComments_12";"-1.42011614435066";"0.174606345340986";"1.17502308978807";"1043"
"959";"*postComments_43";"-0.215439334413153";"-0.619018146060769";"1.17502308978807";"1044"
"960";"*postComments_16";"-0.494768982495883";"0.343570818809389";"1.17502308978807";"1045"
"961";"*postLikes_1200";"0.739129752700111";"-0.160741496592033";"1.17502308978807";"1046"
"962";"*postLikes_2200";"-0.584030882099958";"-0.632374568425472";"1.17255185841592";"1047"
"963";"*postLikes_3600";"-0.146224180846879";"-0.840401908122549";"1.17134370085619";"1048"
"964";"*postLikes_5100";"0.158972780311212";"-1.17243624573481";"1.17041012456005";"1049"
"965";"*postReposts_32";"-1.31449402639249";"0.565981244187751";"1.17041012456005";"1050"
"966";"*postDate_26-12-2025";"-0.557068063288231";"-0.858428210931878";"1.17041012456005";"1051"
"967";"*postLikes_7900";"1.75519284178743";"0.954280328397149";"1.17019045954919";"1052"
"968";"*postComments_132";"0.319639290571212";"-0.710819703604188";"1.17019045954919";"1053"
"969";"*postComments_353";"0.319639290571212";"-0.710819703604188";"1.17019045954919";"1055"
"970";"*postReposts_132";"0.319639290571212";"-0.710819703604188";"1.17019045954919";"1056"
"971";"*postLikes_8300";"0.702519573036214";"0.14071664722937";"1.17019045954919";"1057"
"972";"*postReposts_102";"3.12092833574854";"1.26155637918921";"1.17019045954919";"1058"
"973";"*postComments_111";"0.798249824283865";"-0.293752819159174";"1.17019045954919";"1059"
"974";"*postReposts_146";"3.12092833574854";"1.26155637918921";"1.17019045954919";"1060"
"975";"*postReposts_3";"-0.396206331340652";"0.434339980651429";"1.15981128778613";"1061"
"976";"*postComments_14";"-1.20029787039416";"0.844245138897286";"1.15497865754724";"1062"
"977";"*postReposts_10";"-0.231966441681074";"-0.19110402009901";"1.15393524874566";"1063"
"978";"*postComments_105";"0.782820568603506";"0.443271619648088";"1.14877312099049";"1064"
"979";"*postComments_53";"-0.652732982612711";"-1.22182841235325";"1.14877312099049";"1065"
"980";"*postComments_69";"-0.652732982612711";"-1.22182841235325";"1.14877312099049";"1066"
"981";"*postComments_35";"0.0235704122275961";"-0.364199117515065";"1.14196350565388";"1067"
"982";"*postLikes_5300";"-0.278230537174336";"0.0752449497184854";"1.14196350565388";"1068"
"983";"*postComments_45";"-0.684979310957769";"0.728968485435";"1.13998652055615";"1069"
"984";"*postComments_108";"0.942393057648724";"-0.0321905656640089";"1.13883327924915";"1070"
"985";"*postComments_85";"0.942393057648724";"-0.0321905656640089";"1.13883327924915";"1071"
"986";"*postComments_155";"0.399940286138504";"-0.408264731185469";"1.13883327924915";"1072"
"987";"*postComments_122";"0.942393057648724";"-0.0321905656640089";"1.13883327924915";"1073"
"988";"*postComments_88";"3.20122933131584";"1.56411135160793";"1.13883327924915";"1074"
"989";"*postReposts_48";"1.65175139623615";"0.370929569002697";"1.12680661990465";"1075"
"990";"*postReposts_88";"-0.753057172452002";"-1.74681667227693";"1.12680661990465";"1076"
"991";"*postReposts_65";"1.5497613806641";"0.302400816575049";"1.12680661990465";"1077"
"992";"*postReposts_118";"0.21379252479165";"0.617230202724147";"1.12680661990465";"1078"
"993";"*postComments_102";"0.447673703066023";"-0.397725945480802";"1.12680661990465";"1079"
"994";"*postDate_3-12-2025";"-0.828304723221616";"-0.437397119887755";"1.12411572352163";"1080"
"995";"*postReposts_22";"0.158555063407568";"-0.109032510960452";"1.12164449214947";"1081"
"996";"*postDate_21-10-2025";"-0.188928283334552";"-0.152904018762018";"1.11961259079903";"1082"
"997";"*postDate_24-11-2025";"-1.24596840858393";"0.180629216390392";"1.11961259079903";"1083"
"998";"*postReposts_44";"1.30057401147618";"0.381900913238891";"1.11796510321759";"1084"
"999";"*postComments_41";"-0.217255773229179";"-0.98145945576331";"1.11796510321759";"1085"
"1000";"*postReposts_6";"-0.623234367184018";"-0.104518534292983";"1.1112104041337";"1086"
"1001";"*postReposts_26";"-0.62333290427824";"0.126842683553921";"1.10928833528868";"1087"
"1002";"*postDate_5-12-2025";"-0.0458102257871729";"-0.905745975919069";"1.10928833528868";"1088"
"1003";"*postDate_24-10-2025";"0.186373838711414";"0.0574601347127061";"1.10928833528868";"1089"
"1004";"*postLikes_4500";"-0.455548411069626";"-0.402852225536559";"1.10928833528868";"1090"
"1005";"*postDate_16-12-2025";"-0.550186125854095";"-0.964938865370003";"1.10225905494121";"1091"
"1006";"*postComments_29";"-0.485690403296658";"-0.618000088272443";"1.10225905494121";"1092"
"1007";"*postLikes_7300";"-0.421415639623765";"-1.42964279943347";"1.10225905494121";"1093"
"1008";"*postComments_46";"-1.39728588693886";"-0.6659698631046";"1.10028206984349";"1094"
"1009";"*postComments_89";"-0.840364983971101";"-0.435586344577905";"1.10028206984349";"1095"
"1010";"*postReposts_47";"-1.06577986002303";"-0.550410856985406";"1.10028206984349";"1096"
"1011";"*postLikes_8500";"-1.22459977774182";"-0.0705518235584066";"1.10028206984349";"1097"
"1012";"*postDate_29-12-2025";"-2.02850489873162";"2.33534488383979";"1.10028206984349";"1098"
"1013";"*postComments_91";"-0.840219209354245";"0.197266801148897";"1.10028206984349";"1099"
"1014";"*postReposts_64";"0.772053299120642";"0.944493289122124";"1.10028206984349";"1100"
"1015";"*postDate_21-12-2025";"-1.61455090942254";"0.926039810093371";"1.0999525723272";"1101"
"1016";"*postDate_29-11-2025";"-0.155516931688221";"-1.1532022624077";"1.09341753825416";"1103"
"1017";"*postLikes_9100";"-0.885693277950126";"-0.792603479598767";"1.08825541049899";"1105"
"1018";"*postComments_170";"-1.88756473211283";"0.325256735066316";"1.08825541049899";"1106"
"1019";"*postReposts_35";"-0.686846704961397";"-1.97530693113539";"1.08825541049899";"1108"
"1020";"*postComments_107";"0.175189245629056";"-0.675027520633201";"1.08825541049899";"1110"
"1021";"*postReposts_33";"-0.420211274174942";"-1.53437809828645";"1.08825541049899";"1111"
"1022";"*postLikes_4200";"-0.884246494960523";"1.31423656960721";"1.08809066174085";"1112"
"1023";"*postDate_22-10-2025";"-0.461605314962056";"0.987914621354037";"1.08809066174085";"1113"
"1024";"*postComments_119";"1.50123972604597";"-0.102924606973463";"1.07694266243978";"1114"
"1025";"*postComments_168";"0.697131056102038";"-0.624750097709569";"1.07694266243978";"1115"
"1026";"*postLikes_6200";"1.60762138540945";"-0.419899397181528";"1.07694266243978";"1117"
"1027";"*postComments_97";"0.825360424753455";"-0.232146343797992";"1.07694266243978";"1118"
"1028";"*postComments_140";"-0.620251746628257";"-1.38062338530089";"1.07694266243978";"1119"
"1029";"*postLikes_7500";"-0.19479639812301";"-1.41955358587895";"1.07694266243978";"1120"
"1030";"*postReposts_49";"-0.513870087264779";"-1.69759817550896";"1.07694266243978";"1121"
"1031";"*postDate_11-10-2025";"-0.278282215547635";"-0.819434026951298";"1.07688774618706";"1122"
"1032";"*postDate_23-12-2025";"-1.12260338871087";"-0.0623423013326616";"1.07414193355133";"1123"
"1033";"*postDate_17-12-2025";"-0.159855633408674";"-1.13910783183248";"1.07414193355133";"1124"
"1034";"*postDate_15-12-2025";"-0.313488576516335";"0.286463750444655";"1.07414193355133";"1125"
"1035";"*postComments_73";"1.99091193530642";"0.300073304693294";"1.06634382566586";"1126"
"1036";"*postComments_17";"-0.541733052978793";"-0.478271148106449";"1.06090711664711";"1127"
"1037";"*postReposts_20";"0.0953916891263926";"0.00800604179999807";"1.0593694615711";"1128"
"1038";"*postLikes_3100";"-0.350219928932787";"0.457421747110087";"1.04113726566985";"1129"
"1039";"*postComments_13";"-0.945698746477975";"0.694242806472059";"1.03685379795811";"1130"
"1040";"*postComments_24";"-0.521255486462612";"1.20964154273555";"1.03685379795811";"1131"
"1041";"*postReposts_28";"-0.688304768682966";"0.546627766240188";"1.03685379795811";"1132"
"1042";"*postDate_19-12-2025";"-0.0194111368945623";"1.03862300542581";"1.03685379795811";"1133"
"1043";"*postDate_16-10-2025";"-0.336930672544858";"1.1240094170442";"1.03685379795811";"1134"
"1044";"*postLikes_3900";"0.354522522298164";"-0.175506555221927";"1.0337784878061";"1135"
"1045";"*postDate_27-11-2025";"0.423946322403716";"-0.643612107779397";"1.0337784878061";"1136"
"1046";"*postReposts_50";"-0.775766982433229";"-0.731891329079837";"1.02103791717631";"1137"
"1047";"*postComments_48";"-1.31705223276691";"-0.0237792889530671";"1.02103791717631";"1138"
"1048";"*postLikes_2300";"-0.422744898049797";"-1.03391713155198";"1.02103791717631";"1140"
"1049";"*postReposts_60";"0.903417719228644";"-0.291540578365414";"1.02103791717631";"1142"
"1050";"*postComments_82";"1.02349871683323";"-0.197752720367759";"1.02103791717631";"1143"
"1051";"*postReposts_37";"-0.510200283901138";"-0.0210194813888915";"1.02103791717631";"1144"
"1052";"*postComments_106";"0.404178081631351";"-0.286868300892217";"1.02103791717631";"1145"
"1053";"*postComments_127";"0.196932958634679";"-0.722847791909648";"1.02103791717631";"1146"
"1054";"*postDate_8-10-2025";"0.0445425495816472";"0.892803439630281";"1.01203165173111";"1147"
"1055";"*postReposts_4";"0.241048670727644";"-0.204712333918505";"1.01071366166596";"1148"
"1056";"*postLikes_2700";"-0.175305368405854";"-0.401904854054102";"1.00664985896508";"1149"
"1057";"*postComments_54";"-0.450563753674507";"-0.210802198060938";"1.00132298245176";"1150"
"1058";"*postComments_26";"-1.8292621497525";"1.24083694577517";"1.00132298245176";"1151"
"1059";"*postComments_40";"-1.09756690505319";"-0.808986151121555";"1.00132298245176";"1152"
"1060";"*postLikes_1900";"-0.986212418266631";"-0.72801045590627";"1.00049923866104";"1153"
"1061";"*postComments_72";"-0.521787678233782";"-1.80441382747658";"0.992426549511994";"1154"
"1062";"*postLikes_7400";"-0.083466667265646";"-1.33167473990778";"0.992426549511994";"1155"
"1063";"*postLikes_5400";"0.262165089844215";"1.33843818289525";"0.992426549511994";"1156"
"1064";"*postComments_11";"0.191055845256714";"-0.778569332950822";"0.992426549511994";"1157"
"1065";"*postComments_65";"0.430890626525091";"-0.458084885705145";"0.992426549511994";"1158"
"1066";"*postComments_42";"-0.26732205845864";"-0.259448430252241";"0.992426549511994";"1159"
"1067";"*postLikes_3000";"-0.404789343319105";"0.0333943092268951";"0.987484086767679";"1160"
"1068";"*postLikes_8600";"0.343875475628045";"-1.04439339229058";"0.984079279099374";"1161"
"1069";"*postLikes_4900";"-1.18552704450032";"0.230369316817181";"0.984079279099374";"1162"
"1070";"*postComments_58";"1.27360932897687";"-0.415449394690931";"0.984079279099374";"1163"
"1071";"*postComments_37";"-0.698374848592861";"0.939555804259615";"0.984079279099374";"1164"
"1072";"*postComments_110";"0.584606845560866";"-0.0196920205505851";"0.984079279099374";"1165"
"1073";"*postLikes_2400";"0.0642757827980237";"0.625355532377885";"0.980454806420209";"1166"
"1074";"*postReposts_13";"-0.453913610308637";"-0.835822357362663";"0.972766531040164";"1167"
"1075";"*postLikes_3400";"0.450532752256533";"0.252933773368825";"0.972766531040164";"1168"
"1076";"*postLikes_5200";"0.414275660652827";"-0.630955503277315";"0.958598137839794";"1169"
"1077";"*postLikes_3800";"-0.323978587242716";"-1.33241788480783";"0.958598137839794";"1170"
"1078";"*postComments_22";"-0.521483283031225";"-1.36999461452945";"0.958598137839794";"1171"
"1079";"*postDate_13-12-2025";"-0.235179461914431";"-0.679282040791695";"0.958598137839794";"1172"
"1080";"*postDate_7-12-2025";"-0.712927496516286";"-1.53682136830746";"0.958598137839794";"1173"
"1081";"*postComments_77";"-0.308984757956943";"-0.726221242543823";"0.958598137839794";"1174"
"1082";"*postDate_19-11-2025";"-1.04407336017124";"-0.848508977193324";"0.958598137839794";"1175"
"1083";"*postDate_15-11-2025";"0.252947686955764";"-0.552494546790937";"0.958598137839794";"1176"
"1084";"*postComments_94";"-0.701830626961344";"0.248657226533694";"0.958598137839794";"1177"
"1085";"*postReposts_25";"-0.0997760093322189";"1.12378938425393";"0.958598137839794";"1178"
"1086";"*postReposts_5";"-0.648242502570782";"0.414564395105812";"0.956950650258356";"1179"
"1087";"*postLikes_6400";"0.870925740025628";"0.379755568482339";"0.949042709867452";"1180"
"1088";"*postReposts_8";"-0.546424486313875";"0.530206819151984";"0.944045330870423";"1181"
"1089";"*postComments_66";"-0.429951354090637";"-0.510188690059725";"0.94305683832156";"1182"
"1090";"*postReposts_29";"-1.09503386020906";"-0.456034324682933";"0.94305683832156";"1183"
"1091";"*postReposts_43";"0.18670668414267";"-0.887337948614307";"0.93602755797409";"1184"
"1092";"*postDate_4-11-2025";"0.527289208194334";"0.910461125863566";"0.917740445820124";"1185"
