"";"";"";"";"*postDate_26-12-2025";""
"1";"*postDate_26-12-2025";"0.0249274034832784";"-0.778943509320385";"2.3094243426671";"5"
"2";"*commentDate_26-12-2025";"0.0756008768661711";"-0.740434341910463";"1.39320232191223";"6"
"3";"*i_0429";"-0.114221835206199";"-0.805581315976679";"1.27990653019091";"11"
"4";"*i_0503";"-0.275372897793729";"-1.09457945464507";"1.24754640837765";"14"
"5";"*postComments_675";"0.0476356992168737";"0.588218364331743";"1.21006554102721";"19"
"6";"-*sigmalyse";"-0.271682349442788";"-0.827824937147264";"1.19088143264842";"21"
"7";"-*oz_dire";"-0.112526760175704";"-0.926310474233836";"1.1908500860661";"22"
"8";"*postLikes_5400";"-0.212207619670345";"-0.968304212129704";"1.18149272936482";"24"
"9";"*postDate_19-11-2025";"0.0506995624988289";"-0.982964560995778";"1.17319593203199";"25"
"10";"-*png00812";"-0.180136181313439";"-0.639109592910904";"1.11299522256895";"29"
"11";"*postComments_149";"0.192409627674656";"-0.712773989367812";"1.10495602984209";"34"
"12";"*i_0016";"-0.196272721960411";"0.638598770923711";"1.09245155665191";"37"
"13";"*postReposts_210";"0.0511408886231055";"0.22748198778756";"1.0911944783251";"38"
"14";"-*raffa_ella005";"-0.082297868272208";"-0.494283227674314";"1.07551234582222";"39"
"15";"*postComments_747";"0.194333502321655";"0.933212824435611";"1.06885642150997";"43"
"16";"*commentDate_12-10-2025";"0.321835916590648";"0.413480305708001";"1.05936965968682";"48"
"17";"*i_0278";"-0.298866287364153";"-1.08440169596141";"1.0568329977946";"49"
"18";"*postComments_380";"-0.298866287364153";"-1.08440169596141";"1.0568329977946";"50"
"19";"*commentDate_19-11-2025";"0.117054185023437";"-0.810797441180296";"1.03754440080807";"52"
"20";"*postDate_17-10-2025";"0.0931875651215337";"0.113538996264001";"1.03741539756545";"53"
"21";"*postComments_381";"0.606045622248686";"2.41666587645404";"1.03627004167305";"55"
"22";"*postReposts_58";"0.0314875447168265";"0.127328289654018";"1.02577817981941";"56"
"23";"*postDate_5-11-2025";"0.0799059699345672";"-0.621815454088842";"1.01488283118824";"58"
"24";"*postLikes_9400";"0.0990953932896024";"0.478695232035093";"1.01332755845014";"59"
"25";"*postComments_326";"0.167061086397213";"2.69517899628349";"1.01250250032835";"61"
"26";"*postReposts_43";"0.0157883216369144";"0.233788897762771";"1.00823373882342";"63"
"27";"*postComments_273";"0.145451115492694";"2.45697223156642";"1.00544469675561";"65"
"28";"*i_0370";"-0.153748101871436";"0.298750835170646";"1.00434837013299";"67"
"29";"*postComments_387";"-0.153748101871436";"0.298750835170646";"1.00434837013299";"68"
"30";"*i_0342";"-0.190157260461899";"-1.02104742241864";"1.00018932166617";"69"
"31";"*postComments_260";"-0.190157260461899";"-1.02104742241864";"1.00018932166617";"70"
"32";"*postReposts_70";"-0.190157260461899";"-1.02104742241864";"1.00018932166617";"71"
"33";"*commentDate_27-12-2025";"0.419343319333649";"-0.272140182136767";"0.999262989970738";"72"
"34";"*i_0193";"-0.316926644717238";"-1.09011493757719";"0.992572905921344";"73"
"35";"*i_0017";"0.170041455453918";"2.25002252058086";"0.988325042137954";"74"
"36";"*postComments_300";"0.170041455453918";"2.25002252058086";"0.988325042137954";"75"
"37";"*postLikes_8300";"0.0515272205697143";"0.239306137319158";"0.985225347401787";"76"
"38";"*postLikes_7700";"0.221574002808005";"-0.95486864019948";"0.977884620829658";"78"
"39";"*commentDate_13-10-2025";"0.256782824301049";"0.872312122363308";"0.976511801275821";"79"
"40";"*postComments_236";"-0.0347727401611238";"2.26913305091101";"0.970792255640512";"81"
"41";"*postComments_223";"-0.142282720084507";"1.12919347839129";"0.970324468181301";"82"
"42";"*i_0139";"0.0765424374817049";"2.23655899141393";"0.969793585678192";"83"
"43";"*postComments_337";"0.0765424374817049";"2.23655899141393";"0.969793585678192";"84"
"44";"*postReposts_195";"0.0765424374817049";"2.23655899141393";"0.969793585678192";"85"
"45";"*i_0428";"-0.088844919004652";"-0.377576793891496";"0.962135374490276";"86"
"46";"*postComments_412";"-0.088844919004652";"-0.377576793891496";"0.962135374490276";"87"
"47";"*i_0487";"-0.0456457491430347";"-0.414014777605216";"0.9602401118978";"88"
"48";"*postComments_435";"-0.0456457491430347";"-0.414014777605216";"0.9602401118978";"89"
"49";"*i_0220";"0.12430922314737";"-0.853947347901677";"0.957159305486876";"91"
"50";"*postLikes_9600";"0.12430922314737";"-0.853947347901677";"0.957159305486876";"92"
"51";"*postComments_258";"0.12430922314737";"-0.853947347901677";"0.957159305486876";"93"
"52";"*postReposts_125";"0.12430922314737";"-0.853947347901677";"0.957159305486876";"94"
"53";"*postLikes_7600";"0.208776031098344";"1.06987726487488";"0.94907630792062";"95"
"54";"*postReposts_25";"-0.0897722627716025";"-0.697925152999571";"0.948193781064582";"96"
"55";"*i_0152";"-0.300753102692905";"-1.00605728932162";"0.941432564386081";"102"
"56";"*postReposts_49";"-0.300753102692905";"-1.00605728932162";"0.941432564386081";"103"
"57";"*postLikes_6200";"0.215975598563877";"1.58512702131674";"0.9405311492048";"104"
"58";"*i_0256";"0.350864613369846";"2.10899588029952";"0.939016466272009";"105"
"59";"*postReposts_188";"0.350864613369846";"2.10899588029952";"0.939016466272009";"106"
"60";"*postDate_14-10-2025";"0.399328722506593";"0.866808052069629";"0.937811230369797";"107"
"61";"*postDate_31-10-2025";"-0.0481733453168574";"-0.87118791426823";"0.936470159277538";"108"
"62";"*i_0339";"-0.00628169952241647";"2.25793946197244";"0.932861685397589";"109"
"63";"*postReposts_139";"-0.00628169952241647";"2.25793946197244";"0.932861685397589";"110"
"64";"*commentLikes_0";"0.57668418399789";"-0.284218997626862";"0.931524633097936";"112"
"65";"*commentDate_14-10-2025";"0.283962304295598";"0.958978811334933";"0.929821468791975";"116"
"66";"*postLikes_4300";"0.058738537421151";"-0.176003226670233";"0.927401351885298";"118"
"67";"*postDate_9-10-2025";"0.195803695417764";"1.09163406813434";"0.927333836169535";"119"
"68";"*postDate_20-11-2025";"0.350616252306148";"-1.03699278395882";"0.927306106500561";"120"
"69";"*postLikes_6800";"0.0885205738398566";"-0.237944390685266";"0.926027326693679";"121"
"70";"*postLikes_12300";"0.162855420767368";"-0.429766725217198";"0.925748824366159";"122"
"71";"*commentDate_27-10-2025";"0.599741765103859";"0.696916829976343";"0.92438283675975";"124"
"72";"*i_0433";"0.216348923439621";"-0.385620961984445";"0.923751082562258";"127"
"73";"*postComments_156";"0.216348923439621";"-0.385620961984445";"0.923751082562258";"128"
"74";"*postReposts_77";"0.349646898012545";"-0.847316719350477";"0.922443769327881";"129"
"75";"-*ehmanubien";"-0.176442249101822";"-0.674438836164247";"0.921115960251218";"130"
"76";"*postLikes_5200";"-0.1023452833647";"-0.512366528162574";"0.919972613755122";"131"
"77";"*i_0023";"0.121478970033638";"2.13652380934937";"0.919450170716483";"132"
"78";"*postLikes_7100";"0.121478970033638";"2.13652380934937";"0.919450170716483";"133"
"79";"*postComments_267";"0.0155852829826308";"1.51394757173919";"0.917985320811993";"134"
"80";"*i_0434";"0.772364167896214";"-0.887563284695395";"0.917554506244747";"135"
"81";"*postLikes_17600";"0.772364167896214";"-0.887563284695395";"0.917554506244747";"136"
"82";"*postReposts_377";"0.772364167896214";"-0.887563284695395";"0.917554506244747";"137"
"83";"*postComments_109";"0.144804020447289";"1.98036508764928";"0.916786113098688";"138"
"84";"*postDate_1-11-2025";"0.361643128392314";"0.158734930946757";"0.913120170484489";"139"
"85";"*postReposts_26";"0.0521532307104661";"-0.567910022478584";"0.912997195430779";"140"
"86";"*postReposts_61";"0.0504620752392603";"-1.05810024700713";"0.910933143548897";"142"
"87";"*postComments_144";"2.29155614309232";"-0.73571065647753";"0.909378272690057";"143"
"88";"*postLikes_5900";"0.390587208825324";"1.13731834752952";"0.909196221385055";"144"
"89";"*postLikes_6000";"0.670587261722515";"1.20147188147983";"0.90768595912413";"145"
"90";"*postDate_28-10-2025";"0.672654740711017";"0.569521141206603";"0.907581872395663";"146"
"91";"*i_0407";"-0.0443668993413485";"-0.595982316398029";"0.907196068305591";"147"
"92";"*postComments_353";"-0.0443668993413485";"-0.595982316398029";"0.907196068305591";"148"
"93";"*postReposts_127";"-0.0443668993413485";"-0.595982316398029";"0.907196068305591";"149"
"94";"*i_0311";"-0.20747517683304";"-1.09172264075061";"0.90640115112834";"150"
"95";"*postLikes_6900";"-0.0204443669328986";"-0.312085223326944";"0.906340065480745";"151"
"96";"*i_0537";"0.218775556596613";"-0.57791887831695";"0.906141537126063";"152"
"97";"*postLikes_7500";"0.218775556596613";"-0.57791887831695";"0.906141537126063";"153"
"98";"*postLikes_3500";"0.176105210909917";"0.341016604403049";"0.90318491140663";"154"
"99";"*i_0097";"-0.181496235268376";"-1.10766885446092";"0.901600703361775";"156"
"100";"*commentDate_9-10-2025";"0.420429521789935";"0.879033864289566";"0.898102746278461";"157"
"101";"*postComments_102";"-0.0332214580819973";"-1.1467223898531";"0.89774145682328";"161"
"102";"*i_0559";"-0.110407026714438";"-0.442892174945808";"0.896864556276888";"162"
"103";"*postComments_172";"-0.110407026714438";"-0.442892174945808";"0.896864556276888";"163"
"104";"*i_0526";"-0.0182380436535964";"-1.40128960171425";"0.896826779626402";"164"
"105";"*postComments_255";"-0.0182380436535964";"-1.40128960171425";"0.896826779626402";"165"
"106";"*i_0476";"-0.0555388425038719";"-1.36616646801923";"0.896451826276364";"167"
"107";"*postComments_81";"-0.0555388425038719";"-1.36616646801923";"0.896451826276364";"168"
"108";"*postReposts_105";"-0.0555388425038719";"-1.36616646801923";"0.896451826276364";"169"
"109";"*postComments_94";"0.0450671373375719";"-0.195119762238426";"0.896100583802695";"170"
"110";"*i_0488";"-0.304733991012374";"-0.967677252214365";"0.89567097487323";"171"
"111";"*i_0123";"-0.0524336871119198";"1.94563093932614";"0.892518633953938";"174"
"112";"*commentDate_17-10-2025";"0.215319451825169";"0.20154928310412";"0.892396462658749";"175"
"113";"*postReposts_2";"-0.15214670240043";"-0.829960521505897";"0.891886879756447";"176"
"114";"*postLikes_22900";"0.544978278862467";"1.92921632537161";"0.891345950271826";"180"
"115";"*postComments_293";"0.544978278862467";"1.92921632537161";"0.891345950271826";"181"
"116";"*postReposts_2.5K";"0.544978278862467";"1.92921632537161";"0.891345950271826";"182"
"117";"*postComments_389";"2.65468872247043";"0.0767720558368455";"0.891007969813753";"185"
"118";"*postReposts_28";"0.217599331738731";"0.13773007952072";"0.890677625061629";"187"
"119";"*i_0483";"-0.176352077775193";"-1.09537674288172";"0.889433406871149";"188"
"120";"*postLikes_3000";"0.228061362961424";"-0.422476098937119";"0.888046521543195";"189"
"121";"*i_0224";"0.253360739675576";"2.50389413773173";"0.887879741650091";"190"
"122";"*postLikes_4900";"0.100508560885486";"-0.91205799043129";"0.887277726517875";"192"
"123";"*i_0354";"-0.171926033016673";"-0.900494941665024";"0.887067543664638";"193"
"124";"*postLikes_13100";"-0.171926033016673";"-0.900494941665024";"0.887067543664638";"194"
"125";"*postReposts_422";"-0.171926033016673";"-0.900494941665024";"0.887067543664638";"195"
"126";"*postLikes_9100";"-0.0921771943330524";"-0.603834708906093";"0.886917240821215";"196"
"127";"*commentDate_28-10-2025";"0.74818200426561";"0.493804301616035";"0.886868211551435";"197"
"128";"*postReposts_110";"0.027734251108832";"-1.12501596434459";"0.885695929748583";"198"
"129";"*commentDate_11-10-2025";"0.38467637455084";"0.651245174099015";"0.885649311754366";"199"
"130";"*postReposts_133";"-0.0369587419763912";"2.36111038021858";"0.885355136135686";"201"
"131";"*i_0776";"-0.042215113153021";"-0.969869201885843";"0.884659081256516";"202"
"132";"*postComments_188";"-0.042215113153021";"-0.969869201885843";"0.884659081256516";"203"
"133";"*i_0178";"-0.117935517937117";"0.280152257262765";"0.883854117097752";"205"
"134";"*postComments_305";"-0.117935517937117";"0.280152257262765";"0.883854117097752";"206"
"135";"*postReposts_190";"-0.117935517937117";"0.280152257262765";"0.883854117097752";"207"
"136";"*postDate_16-10-2025";"0.485353688293287";"0.219559983359714";"0.883420087496422";"209"
"137";"*postDate_11-10-2025";"0.460172605310589";"0.673889446978995";"0.883260139550747";"210"
"138";"*i_0493";"-0.222621212236252";"-1.02857712361279";"0.882802800952308";"211"
"139";"*postComments_241";"-0.222621212236252";"-1.02857712361279";"0.882802800952308";"212"
"140";"*i_0157";"-0.1078610688022";"-1.45295698279881";"0.882293218050005";"213"
"141";"*i_0505";"-0.190749111111102";"-0.80607318211429";"0.881668295799942";"214"
"142";"*postComments_202";"-0.190749111111102";"-0.80607318211429";"0.881668295799942";"215"
"143";"*postComments_503";"0.512776363627698";"1.2473345857788";"0.880998363072703";"217"
"144";"*postReposts_242";"0.512776363627698";"1.2473345857788";"0.880998363072703";"218"
"145";"*i_0141";"-0.177191492300531";"-0.921616828658947";"0.880987110453409";"219"
"146";"*postComments_463";"-0.177191492300531";"-0.921616828658947";"0.880987110453409";"220"
"147";"*postLikes_16000";"0.0747625881551663";"-1.36205122734795";"0.880683691611739";"221"
"148";"*postComments_43";"-0.0495158489407785";"-0.98994597268691";"0.879590981902464";"222"
"149";"*commentDate_18-10-2025";"0.156937760653111";"0.296750867362727";"0.879326545349061";"223"
"150";"-*bon_suisse";"-0.25329056909352";"0.307775435890134";"0.878292108132557";"224"
"151";"*postReposts_51";"-0.0421945778170773";"-0.55118494611512";"0.878151852270645";"225"
"152";"*i_0358";"0.346626564835843";"1.77777439274553";"0.878084738434143";"226"
"153";"-*sarcasm_and_chai";"-0.262112014595086";"1.43087304897235";"0.8773456824741";"227"
"154";"*postReposts_33";"0.358196406008953";"-0.926078402103761";"0.876912456631291";"229"
"155";"*postReposts_12";"0.197531338005305";"-0.466236420295754";"0.874007271457201";"231"
"156";"*commentDate_31-10-2025";"0.105977954676797";"-0.71502087305706";"0.872191982837563";"234"
"157";"*postLikes_5800";"0.145577830604487";"0.712788014887908";"0.871945630850883";"238"
"158";"-*ch_worldnews";"0.822545326422679";"1.74525825756722";"0.871721784102789";"239"
"159";"*postLikes_2700";"0.440420367027231";"-0.572496445514996";"0.871387822437321";"240"
"160";"*postLikes_4400";"0.666388798591333";"-0.621909442327602";"0.870787816701408";"241"
"161";"-*chris_daq";"-0.185267628956741";"2.12972970504382";"0.870696590109276";"242"
"162";"*postDate_12-11-2025";"0.0298144711267414";"-0.396338349260424";"0.870460285104108";"243"
"163";"-*chetelatdelphine";"0.379547592515488";"-1.01015511134739";"0.869708369007729";"246"
"164";"-*rub_tan";"-0.157140262357364";"2.59043613846697";"0.869640049533446";"249"
"165";"*i_0420";"0.0658227684104956";"-0.108189532923494";"0.868867637594782";"250"
"166";"*postComments_306";"0.0658227684104956";"-0.108189532923494";"0.868867637594782";"251"
"167";"-*marcoscialpi70";"-0.311817773863552";"0.85339885905094";"0.868834683495422";"252"
"168";"*i_0287";"-0.337998316469646";"-1.02237677982906";"0.868588733388001";"253"
"169";"*postLikes_639";"-0.337998316469646";"-1.02237677982906";"0.868588733388001";"254"
"170";"*postLikes_3100";"0.228153242014808";"0.6609829278862";"0.86855537740938";"255"
"171";"*postReposts_39";"0.211988318824611";"1.04268957796622";"0.867963811137938";"257"
"172";"*postReposts_10";"0.425430740818488";"-0.163671677447367";"0.867249671692045";"261"
"173";"*postComments_60";"-0.111580833181174";"-1.0728721465816";"0.866981216346037";"262"
"174";"*i_0215";"-0.181720649280716";"-1.24550329535939";"0.866711957241508";"263"
"175";"*i_0498";"-0.0823606566934542";"-0.338203025825285";"0.866353882820411";"264"
"176";"*postComments_208";"-0.0823606566934542";"-0.338203025825285";"0.866353882820411";"265"
"177";"*postLikes_13600";"3.36854016972538";"-0.447816411256965";"0.866022332430506";"267"
"178";"*postReposts_223";"3.36854016972538";"-0.447816411256965";"0.866022332430506";"268"
"179";"*i_0948";"-0.331197303891766";"-1.16266016401098";"0.865374101183334";"269"
"180";"*i_0242";"0.160798619282165";"1.777592416726";"0.865296940365319";"270"
"181";"*postReposts_36";"0.479896113761938";"-0.304325503972936";"0.865127749196653";"271"
"182";"*postDate_25-10-2025";"0.449938943541028";"-0.841659649626809";"0.864739533831018";"272"
"183";"*i_0565";"-0.242623565186319";"0.0123529547815872";"0.864731094366548";"273"
"184";"*postLikes_4200";"0.175368311952543";"-0.45585007987904";"0.864725066177641";"274"
"185";"*postReposts_20";"0.227591228440447";"-0.52694699173308";"0.86343101495886";"276"
"186";"*postComments_122";"0.134142440001774";"-0.361011805254747";"0.863084996915577";"277"
"187";"*postLikes_1100";"-0.124154788415719";"-0.580169697505155";"0.862819756603653";"279"
"188";"*postDate_29-10-2025";"0.421114774644553";"0.670937008030249";"0.86271928678853";"280"
"189";"*postReposts_32";"0.300112777628585";"-0.50252688726346";"0.862450429563261";"281"
"190";"-*swissnaturelover1";"0.0514856374058019";"2.4332400872625";"0.862148216359372";"282"
"191";"*postLikes_4500";"0.282869361212653";"-0.78930081142131";"0.862102804002937";"283"
"192";"*postDate_10-11-2025";"0.0400499184131955";"-0.569438433964531";"0.862093158900685";"284"
"193";"-*sarahzolo";"0.301032840748338";"0.376450048516047";"0.861871321548894";"285"
"194";"*commentDate_29-10-2025";"0.445268536032622";"0.633424060801874";"0.861822292279114";"287"
"195";"*postReposts_14";"0.492260308878554";"-0.93859728692495";"0.861671185677169";"288"
"196";"*i_0043";"-0.026094126650804";"-0.0683579943067579";"0.861250016212175";"289"
"197";"*postReposts_116";"-0.026094126650804";"-0.0683579943067579";"0.861250016212175";"290"
"198";"*i_0404";"-0.118680585367012";"-0.829773882116677";"0.860929718441563";"291"
"199";"*postComments_298";"-0.118680585367012";"-0.829773882116677";"0.860929718441563";"292"
"200";"*postDate_21-10-2025";"0.25426967075688";"-0.546870687126709";"0.860867025276927";"293"
"201";"*i_0508";"0.231690589273532";"-1.45299001888429";"0.860549540661139";"294"
"202";"*i_0254";"-0.0811600476307141";"-0.0616508890762487";"0.859855897057531";"296"
"203";"*i_0170";"-0.242876417396252";"-0.0263497465624213";"0.859761857310577";"297"
"204";"*i_0294";"-0.180385848536643";"-0.0563956236755631";"0.859608741312329";"298"
"205";"-*meimento_mori";"-0.312692754376477";"0.917547623619213";"0.859067409948448";"299"
"206";"*i_0029";"-0.195711051490873";"-1.18091043282405";"0.858907863882033";"300"
"207";"*i_0282";"-0.195737127929312";"-0.936971499228063";"0.858769617416424";"301"
"208";"*postComments_136";"-0.195737127929312";"-0.936971499228063";"0.858769617416424";"302"
"209";"*postComments_88";"-0.0795266948070923";"1.31578143210691";"0.85828334351123";"303"
"210";"*postLikes_3700";"0.572120010673139";"-0.838273761299096";"0.858278922839365";"304"
"211";"*i_0542";"-0.0505136385878435";"0.242548148115653";"0.858227482294022";"305"
"212";"*postReposts_153";"0.746091422353983";"1.28065789860304";"0.857377507658083";"307"
"213";"*i_0079";"0.336182505536157";"1.38713047041663";"0.856842204483109";"310"
"214";"*postComments_80";"0.539078533792095";"-0.392823500455403";"0.855911050236552";"312"
"215";"*postLikes_2200";"0.459868971630907";"-0.766399788944105";"0.855774411287985";"313"
"216";"*i_0942";"0.0384731780031205";"-1.32112319084183";"0.855029729018295";"316"
"217";"-*v_ilievsky";"-0.139909620783546";"-0.949458497178998";"0.854355777498451";"319"
"218";"*postDate_7-11-2025";"-0.0244654662670897";"-0.0959844153870477";"0.854052760536041";"320"
"219";"*postDate_16-11-2025";"2.32406085736445";"-0.42566678914133";"0.853550009581167";"322"
"220";"-*dxrixne_";"-0.258586781960225";"-1.17783766125777";"0.853496961518782";"323"
"221";"*commentDate_29-12-2025";"0.421316491307615";"-0.419998147509584";"0.85344632473196";"325"
"222";"*i_0035";"0.134385890842279";"-1.17862004373079";"0.853396491703659";"326"
"223";"*postComments_134";"0.134385890842279";"-1.17862004373079";"0.853396491703659";"327"
"224";"*postDate_11-12-2025";"0.51632282250099";"-0.947995082957659";"0.853197561469716";"328"
"225";"*i_0164";"-0.0362062300322817";"-0.804723704195163";"0.852976527876446";"329"
"226";"*postComments_250";"-0.0362062300322817";"-0.804723704195163";"0.852976527876446";"330"
"227";"*i_0283";"0.409086485924114";"-1.21014793477323";"0.852700838703749";"331"
"228";"*postComments_214";"-0.0180697977342602";"0.209524199882905";"0.851904314009456";"334"
"229";"-*adriiiiand";"-0.189296282743296";"0.658205825313933";"0.851893061390163";"335"
"230";"-*nicolet_rome1";"-0.316339839980838";"1.13604313270075";"0.851518108040124";"336"
"231";"*i_0203";"-0.0674443682525709";"-1.04317749311999";"0.850886755721893";"337"
"232";"*commentDate_13-11-2025";"0.616336897109687";"-0.290775917808654";"0.850273889849644";"340"
"233";"*postDate_8-10-2025";"1.04920409209797";"0.366492873428139";"0.850095455457986";"341"
"234";"*postComments_248";"0.131149214346704";"1.00506695187413";"0.849764708826602";"343"
"235";"*postDate_24-11-2025";"1.01288636592081";"-0.0560593539621217";"0.849571806781566";"344"
"236";"*i_0940";"0.889457067169007";"-1.35756233300155";"0.848994708163501";"345"
"237";"*postComments_74";"0.889457067169007";"-1.35756233300155";"0.848994708163501";"346"
"238";"*i_0211";"-0.0268558629850002";"-0.902017648775911";"0.848948090169284";"347"
"239";"*postComments_147";"-0.0519000726375295";"-0.40633683261289";"0.848396711823891";"348"
"240";"-*sora_mrt";"-0.239120778152666";"-1.09946777828332";"0.847963887860342";"349"
"241";"*postComments_206";"3.06268723290766";"-1.01173897548604";"0.847777014004214";"351"
"242";"*i_0253";"-0.242272187619315";"-1.19421893626427";"0.847734816681862";"353"
"243";"*postReposts_45";"-0.242272187619315";"-1.19421893626427";"0.847734816681862";"354"
"244";"-*_coco_asticot_";"-0.348250352634409";"-0.496843071024053";"0.847297572046448";"356"
"245";"*postLikes_1700";"0.093665841419174";"0.0486201156710303";"0.84700460206555";"358"
"246";"*i_0332";"-0.0675301229299424";"-0.194575302125396";"0.846843448482093";"359"
"247";"*postComments_310";"-0.0675301229299424";"-0.194575302125396";"0.846843448482093";"360"
"248";"-*mini_mann08";"-0.253401148735316";"-1.03456206060586";"0.84655489917306";"361"
"249";"*postComments_70";"0.78146443602842";"-0.803268455593376";"0.846025222307733";"362"
"250";"*postComments_54";"1.29847162978745";"-0.641348705062726";"0.845789721061086";"363"
"251";"*i_0525";"6.57259435063555";"-0.0814682015056492";"0.845772038373624";"364"
"252";"-*emmajasminera";"-0.31927061920891";"0.548602291685345";"0.845509209337263";"365"
"253";"*postLikes_4800";"0.0035998544670418";"-0.190831845164872";"0.845196949151861";"366"
"254";"*postLikes_5100";"0.147527548757685";"-0.773172289205363";"0.84513023719462";"367"
"255";"*i_0327";"0.0373320448595683";"-0.363810101757282";"0.844982345626759";"368"
"256";"*i_0316";"-0.184690129497994";"-0.972242140293177";"0.844519782597934";"369"
"257";"*postDate_2-11-2025";"-0.0241606335823478";"-0.236344792574863";"0.844355413980393";"370"
"258";"-*__coldvale";"-0.296952248661819";"0.38180979104483";"0.843527140824521";"371"
"259";"*postComments_189";"1.9510978601923";"-1.41409238565075";"0.842998267717715";"373"
"260";"*postReposts_165";"1.9510978601923";"-1.41409238565075";"0.842998267717715";"374"
"261";"*postComments_194";"-0.185844745410383";"-0.975367162471021";"0.842825057756443";"375"
"262";"-*humbleacadie";"-0.366650750677839";"-0.988548812840372";"0.842791299898562";"376"
"263";"*postComments_86";"0.433722590956973";"-1.26637094821523";"0.84269926954791";"377"
"264";"*commentDate_8-10-2025";"1.13805923272406";"0.404443125386772";"0.842428001047078";"378"
"265";"*commentDate_11-12-2025";"0.480162502301853";"-0.934862756474191";"0.842408308963314";"379"
"266";"*i_0550";"-0.167445584457557";"-0.883537714145269";"0.841714263480446";"380"
"267";"*i_0267";"-0.190397000464621";"-0.791230717824227";"0.84108733183408";"381"
"268";"*postComments_106";"-0.190397000464621";"-0.791230717824227";"0.84108733183408";"382"
"269";"*i_0364";"-0.202059735459185";"-1.02360652694987";"0.840624768805255";"383"
"270";"*postLikes_7900";"0.79257073232838";"-1.20338806241095";"0.839857983176238";"386"
"271";"*i_0561";"-0.304686106933073";"0.757034292000461";"0.839841104247298";"387"
"272";"-*go_amandine2_0";"0.00101482112440472";"-0.973921548294682";"0.839574256418331";"388"
"273";"-*cm_cpp";"-0.215538002532683";"-0.542018635958925";"0.839574256418331";"389"
"274";"*commentDate_16-10-2025";"0.353216611152762";"0.195970524697524";"0.83935241906654";"391"
"275";"*i_0452";"-0.216889484334696";"-0.314792129010936";"0.839025691227761";"392"
"276";"*postComments_249";"-0.216889484334696";"-0.314792129010936";"0.839025691227761";"393"
"277";"-*_samloureiro";"-0.363088640826397";"-1.28867373947281";"0.838934062756369";"394"
"278";"*commentDate_12-11-2025";"0.0491527615398636";"-0.466403146231749";"0.838849668111666";"395"
"279";"*postReposts_208";"0.127643445324099";"0.112869334901472";"0.838846453077582";"396"
"280";"*postReposts_150";"1.42499634174377";"-0.13870984825594";"0.838801844479668";"397"
"281";"*i_0081";"-0.275670605442366";"-0.967672411697942";"0.838764871587703";"398"
"282";"*postComments_131";"1.54876862792492";"-0.193475891521637";"0.838481948588317";"399"
"283";"*i_0004";"0.18682788493454";"0.0477482901928331";"0.838141958733942";"400"
"284";"-*robinson_crusoe87";"-0.356705024666684";"-1.09583926139392";"0.838040283281037";"401"
"285";"*commentDate_5-11-2025";"0.156773661445799";"-0.431508837948268";"0.837904448090991";"402"
"286";"*commentDate_6-11-2025";"0.184012518315811";"-0.241981768877344";"0.83782929666928";"403"
"287";"*i_0555";"0.0624296603872932";"-0.934301342553262";"0.837823268480372";"404"
"288";"*postLikes_14100";"0.0624296603872932";"-0.934301342553262";"0.837823268480372";"405"
"289";"-*sebastienberset";"0.756813284911573";"-1.50563954742189";"0.837548383066196";"406"
"290";"*postComments_16";"2.2108081458464";"-0.652193608887871";"0.8374201835821";"407"
"291";"*postLikes_7300";"0.491245903715956";"-0.409058214735413";"0.837337396454438";"408"
"292";"*postReposts_13";"0.261945112910852";"-0.938651341738098";"0.83691341383462";"409"
"293";"*i_0297";"5.50907272994126";"-0.12362433676178";"0.836854337583328";"410"
"294";"*commentDate_20-11-2025";"0.293188925823169";"-0.907517616482571";"0.836688763328006";"411"
"295";"*postReposts_107";"-0.121452245905775";"-0.409646695356298";"0.836166722168628";"413"
"296";"*postComments_96";"0.323078094674683";"-0.770908901938861";"0.836107244038076";"414"
"297";"*i_0439";"-0.00187799480555328";"0.21175841617135";"0.8357672541837";"415"
"298";"*postComments_101";"-0.0583241846960005";"0.0161624391185964";"0.835746758341415";"416"
"299";"-*eu_cest_qui";"-0.138971551992769";"-0.684388743425556";"0.835704159139803";"417"
"300";"-*camcamvd";"-0.138971551992769";"-0.684388743425556";"0.835704159139803";"418"
"301";"-*philgoodch";"0.140063125450802";"-1.52852410691725";"0.835704159139803";"419"
"302";"-*ni4sem";"-0.18861979187458";"-0.582765615825997";"0.835704159139803";"420"
"303";"*postComments_78";"1.13935543463546";"-1.20846686823625";"0.835661559938191";"421"
"304";"*postReposts_218";"4.00735290298639";"-0.153377713388404";"0.83552170595554";"424"
"305";"*i_0320";"-0.0772608723528428";"-1.16457492916275";"0.835499602596213";"425"
"306";"*postReposts_80";"-0.0772608723528428";"-1.16457492916275";"0.835499602596213";"426"
"307";"*postDate_26-10-2025";"0.210131905262601";"-0.303454979774669";"0.835444143258265";"427"
"308";"*postDate_24-10-2025";"0.282651497824177";"-0.353824308637974";"0.835435301914535";"428"
"309";"*i_0762";"0.735290154678587";"-1.36791930963688";"0.8354071703663";"429"
"310";"*i_0409";"-0.0603249236479991";"-0.890996915294672";"0.835376225663242";"430"
"311";"*i_0080";"-0.259111655611796";"-1.09117948021334";"0.835279372761464";"431"
"312";"*i_0939";"-0.172079340242674";"-0.230366465244011";"0.835207436373836";"432"
"313";"*postComments_132";"-0.172079340242674";"-0.230366465244011";"0.835207436373836";"433"
"314";"*i_0134";"0.213423467812619";"-0.472339668336777";"0.834971935127188";"434"
"315";"*postComments_145";"0.213423467812619";"-0.472339668336777";"0.834971935127188";"435"
"316";"*i_0389";"0.292535573479567";"-1.25613799394825";"0.834731209450154";"436"
"317";"*i_0614";"0.489777010800461";"-1.79493956048875";"0.834579700968949";"438"
"318";"*postLikes_9500";"0.396188614125312";"-1.50273917697541";"0.834339779050436";"440"
"319";"*postLikes_27100";"1.20973986187812";"-1.18615448980658";"0.834311245622941";"441"
"320";"*postReposts_42";"0.254870530671345";"-1.07632378922762";"0.834183849897366";"442"
"321";"*postLikes_1400";"0.0109796756801174";"-0.459678537383766";"0.834183046138845";"443"
"322";"-*maxx_shmd";"-0.357496873887178";"-1.06645370723911";"0.833986527180465";"444"
"323";"-*liberouchoupichou";"-0.337752268806896";"-0.436323090766263";"0.833983312146381";"445"
"324";"*postComments_52";"-0.0163322233259303";"-0.801995994613517";"0.833869178436401";"446"
"325";"*postDate_25-11-2025";"5.56328588233919";"-0.334366384926692";"0.833668238806156";"447"
"326";"*i_0945";"0.186002195641223";"-1.30847299164773";"0.833659397462425";"448"
"327";"*postReposts_79";"0.016621653792789";"-0.23012573299021";"0.833517132204211";"449"
"328";"*postLikes_28100";"0.681772884033193";"-0.86134850354892";"0.833472121727036";"451"
"329";"*postComments_225";"0.681772884033193";"-0.86134850354892";"0.833472121727036";"452"
"330";"*postReposts_182";"0.681772884033193";"-0.86134850354892";"0.833472121727036";"453"
"331";"*postReposts_217";"6.05345413870484";"0.0928691387198236";"0.83331980948731";"455"
"332";"*i_0543";"2.5934140637551";"-0.0494448570161678";"0.832920341502382";"456"
"333";"*postComments_220";"2.5934140637551";"-0.0494448570161678";"0.832920341502382";"457"
"334";"*i_0531";"0.531232092665008";"-0.0594060287912684";"0.832483900625489";"458"
"335";"*postComments_162";"0.531232092665008";"-0.0594060287912684";"0.832483900625489";"459"
"336";"*postReposts_303";"0.531232092665008";"-0.0594060287912684";"0.832483900625489";"460"
"337";"*postDate_18-11-2025";"0.162473647288669";"-0.386363862419218";"0.832424422494936";"461"
"338";"*postLikes_6100";"0.734601871250663";"-0.359282304345895";"0.83240312289413";"462"
"339";"*i_0166";"1.42493541255217";"-1.24528499102397";"0.832319130128687";"463"
"340";"*postComments_193";"1.42493541255217";"-1.24528499102397";"0.832319130128687";"464"
"341";"*postReposts_270";"1.42493541255217";"-1.24528499102397";"0.832319130128687";"465"
"342";"*postLikes_4700";"-0.0983567753711351";"-1.05513125626801";"0.832274119651512";"466"
"343";"*commentDate_1-11-2025";"0.365243933888082";"-0.128351613784414";"0.831983962825438";"467"
"344";"*commentDate_10-11-2025";"0.0538401695983479";"-0.552916077816139";"0.831840491929442";"468"
"345";"*postReposts_22";"-0.0258934112586485";"-0.326296903515019";"0.831759714198084";"469"
"346";"*i_0038";"0.593872493646253";"-0.8675363143183";"0.831739218355799";"470"
"347";"*postComments_169";"0.593872493646253";"-0.8675363143183";"0.831739218355799";"471"
"348";"*i_0240";"0.0989153522123623";"-1.09072925122518";"0.831491660731336";"472"
"349";"*postComments_362";"-0.0535395310781539";"-0.376215576451532";"0.831490856972815";"473"
"350";"-*louisauguste2025";"0.806214574054892";"-1.45004951611726";"0.831420126222969";"474"
"351";"*postComments_121";"0.132740512851302";"-0.354536828346845";"0.831414901792582";"475"
"352";"*postComments_103";"0.198952941872277";"0.136363299687766";"0.831363059367979";"476"
"353";"*i_0400";"-0.0879551969473705";"-0.762259211204502";"0.831273038413629";"477"
"354";"-*mariefresnais";"-0.220086029269982";"-0.768392616168171";"0.831269421500285";"478"
"355";"*i_0351";"0.62022984363099";"-1.48542019686446";"0.830665396971767";"479"
"356";"*commentDate_18-11-2025";"0.122219712850451";"-0.450033772034866";"0.830565329035905";"480"
"357";"-*ant_1d";"-0.321764222217962";"-0.782500512574467";"0.830555683933653";"481"
"358";"*i_0372";"-0.250588150272303";"-1.30178879224015";"0.830464457341521";"482"
"359";"*postDate_22-11-2025";"0.90365708079723";"-0.225696166292296";"0.830213282803714";"483"
"360";"*postComments_127";"-0.0231387438989222";"-0.503624819602454";"0.830191983202908";"484"
"361";"-*theesuom";"0.000297475254870803";"1.35749584335605";"0.829591173708474";"485"
"362";"*postDate_21-11-2025";"0.985298190311545";"-0.301165081735229";"0.82927650224751";"486"
"363";"*postDate_22-10-2025";"0.335262094385563";"-0.144817675241732";"0.82914589148785";"487"
"364";"*postDate_27-11-2025";"2.4287738801474";"-1.45138811545848";"0.829010458177065";"488"
"365";"-*ericamato_ge";"-0.28209745302856";"-1.50648813258607";"0.828682122821244";"489"
"366";"*i_0025";"-0.248781884741847";"-1.4343745424842";"0.828682122821244";"490"
"367";"*postLikes_987";"-0.248781884741847";"-1.4343745424842";"0.828682122821244";"491"
"368";"*i_0022";"1.76827152048424";"-1.14092131194387";"0.828503688429586";"492"
"369";"*postLikes_32000";"1.76827152048424";"-1.14092131194387";"0.828503688429586";"493"
"370";"*postComments_123";"1.76827152048424";"-1.14092131194387";"0.828503688429586";"494"
"371";"*postReposts_668";"1.76827152048424";"-1.14092131194387";"0.828503688429586";"495"
"372";"-*ceg_dies1540";"1.04354041596827";"-1.52003211125621";"0.828347759276515";"496"
"373";"-*theseartsnot";"-0.261358149042815";"0.85307520606034";"0.828178568107848";"497"
"374";"*i_0304";"0.0784760599644575";"-1.14619819345447";"0.828111856150607";"498"
"375";"*postDate_13-11-2025";"0.666076216247608";"-0.267169396291403";"0.828086939636456";"499"
"376";"*postLikes_7200";"0.270237833502079";"-0.482145753254087";"0.827944272498982";"500"
"377";"*commentDate_7-11-2025";"0.0252757760373671";"-0.197117684107962";"0.827658938224033";"502"
"378";"*commentDate_11-11-2025";"0.0364796523203125";"-0.465818748292621";"0.827481709470157";"503"
"379";"*i_0103";"0.432923893385439";"-1.19694580316802";"0.827438306510024";"504"
"380";"*i_0436";"0.0227783475937156";"-1.22698869232656";"0.827384454689118";"505"
"381";"-*bad_gal_vivi";"-0.286124771705183";"0.362913042426484";"0.827310107025927";"506"
"382";"-*milan_0503";"-0.139909620783546";"-0.949458497178998";"0.827177084990705";"507"
"383";"-*clolacher";"-0.139909620783546";"-0.949458497178998";"0.827177084990705";"508"
"384";"-*jakadicomedy";"-0.139909620783546";"-0.949458497178998";"0.827177084990705";"509"
"385";"-*quinoaa_";"-0.139909620783546";"-0.949458497178998";"0.827177084990705";"510"
"386";"-*jfmanattan";"-0.139909620783546";"-0.949458497178998";"0.827177084990705";"511"
"387";"-*990nekketsu";"-0.139909620783546";"-0.949458497178998";"0.827177084990705";"512"
"388";"-*mydaywith";"-0.139909620783546";"-0.949458497178998";"0.827177084990705";"513"
"389";"*commentLikes_672";"-0.139909620783546";"-0.949458497178998";"0.827177084990705";"514"
"390";"-*evgueny2993";"-0.139909620783546";"-0.949458497178998";"0.827177084990705";"515"
"391";"-*perif_francais";"-0.139909620783546";"-0.949458497178998";"0.827177084990705";"516"
"392";"-*mr_poliops";"-0.139909620783546";"-0.949458497178998";"0.827177084990705";"517"
"393";"-*dorian_strl";"-0.139909620783546";"-0.949458497178998";"0.827177084990705";"518"
"394";"-*cyrille_gntl";"-0.139909620783546";"-0.949458497178998";"0.827177084990705";"519"
"395";"-*saatci_kurt";"-0.139909620783546";"-0.949458497178998";"0.827177084990705";"520"
"396";"-*lacherjenny";"-0.139909620783546";"-0.949458497178998";"0.827177084990705";"521"
"397";"-*myyrhou";"-0.139909620783546";"-0.949458497178998";"0.827177084990705";"522"
"398";"-*sweetproductor";"-0.139909620783546";"-0.949458497178998";"0.827177084990705";"523"
"399";"-*mvmartynova";"-0.139909620783546";"-0.949458497178998";"0.827177084990705";"524"
"400";"-*liebe_nic_11";"-0.139909620783546";"-0.949458497178998";"0.827177084990705";"525"
"401";"-*hasibiyasmina";"-0.139909620783546";"-0.949458497178998";"0.827177084990705";"526"
"402";"-*yassiican";"-0.139909620783546";"-0.949458497178998";"0.827177084990705";"527"
"403";"-*mephistopheles_de";"-0.139909620783546";"-0.949458497178998";"0.827177084990705";"528"
"404";"-*kali_7_8";"-0.139909620783546";"-0.949458497178998";"0.827177084990705";"529"
"405";"-*redzog";"-0.139909620783546";"-0.949458497178998";"0.827177084990705";"530"
"406";"-*mirianrdavies";"-0.139909620783546";"-0.949458497178998";"0.827177084990705";"531"
"407";"-*moha_moood";"-0.139909620783546";"-0.949458497178998";"0.827177084990705";"532"
"408";"-*hubertgerard1970";"-0.139909620783546";"-0.949458497178998";"0.827177084990705";"533"
"409";"-*annelutz8";"-0.139909620783546";"-0.949458497178998";"0.827177084990705";"534"
"410";"-*ferreira_rmboss";"-0.139909620783546";"-0.949458497178998";"0.827177084990705";"535"
"411";"-*dominique_rouge";"-0.139909620783546";"-0.949458497178998";"0.827177084990705";"536"
"412";"-*udonramensoba_";"-0.139909620783546";"-0.949458497178998";"0.827177084990705";"537"
"413";"-*jacqueslesquereux";"-0.139909620783546";"-0.949458497178998";"0.827177084990705";"538"
"414";"-*habladoresdulceeees";"-0.139909620783546";"-0.949458497178998";"0.827177084990705";"539"
"415";"-*abigail_chosen_built_crowned";"-0.139909620783546";"-0.949458497178998";"0.827177084990705";"540"
"416";"-*_amaliachraitim_";"-0.139909620783546";"-0.949458497178998";"0.827177084990705";"541"
"417";"-*dan_abroad23";"-0.139909620783546";"-0.949458497178998";"0.827177084990705";"542"
"418";"-*le_magnifique_du_2a";"-0.139909620783546";"-0.949458497178998";"0.827177084990705";"543"
"419";"-*thib_98";"-0.139909620783546";"-0.949458497178998";"0.827177084990705";"544"
"420";"-*ma_rin_a7";"-0.139909620783546";"-0.949458497178998";"0.827177084990705";"545"
"421";"-*a_niellidimondovi";"-0.139909620783546";"-0.949458497178998";"0.827177084990705";"546"
"422";"-*cousu_1161";"-0.139909620783546";"-0.949458497178998";"0.827177084990705";"547"
"423";"-*photeaupassionplongee";"-0.139909620783546";"-0.949458497178998";"0.827177084990705";"548"
"424";"-*vrnikkizana";"-0.139909620783546";"-0.949458497178998";"0.827177084990705";"549"
"425";"-*gloriodpascal";"-0.139909620783546";"-0.949458497178998";"0.827177084990705";"550"
"426";"*postReposts_41";"0.713056231518967";"-0.915296575365387";"0.827164224854369";"551"
"427";"-*gallifreyfoundation";"-0.168701514219424";"-1.22712087437949";"0.826884516889067";"552"
"428";"*commentDate_22-11-2025";"1.12390755724756";"-0.149369674270568";"0.826844328963018";"553"
"429";"*postComments_64";"0.0839182263503572";"-0.561266292289635";"0.826597575097077";"554"
"430";"*postLikes_6700";"0.298345198983643";"-0.529215530922456";"0.826441244064746";"555"
"431";"-*sarah_l_gross";"0.372260126013419";"-1.69072879778616";"0.826186452613594";"556"
"432";"*i_0956";"0.0796621396828711";"-0.725853663376378";"0.826085982798472";"557"
"433";"*postComments_222";"0.0796621396828711";"-0.725853663376378";"0.826085982798472";"558"
"434";"-*aleksandra_lzc";"-0.316339839980838";"1.13604313270075";"0.82575724556339";"560"
"435";"-*a_chps68";"-0.316339839980838";"1.13604313270075";"0.82575724556339";"561"
"436";"*i_0331";"0.194428037137253";"-0.950288732480605";"0.825631055475596";"562"
"437";"*i_0551";"-0.14575368406515";"0.0317445540579303";"0.825605335202924";"563"
"438";"-*af_brk1";"-0.133899163290399";"0.574069287026772";"0.825327234754665";"564"
"439";"*i_0367";"-0.164884572015684";"-0.468704424702027";"0.825152015397091";"565"
"440";"*postDate_10-10-2025";"0.316768930085512";"-0.2729969383415";"0.8248650736051";"566"
"441";"-*pt_g_t";"-0.255314818815859";"-0.0972568811338835";"0.823609602795326";"569"
"442";"*postReposts_101";"0.122882354217663";"-0.460031119014767";"0.82323625696233";"570"
"443";"-*sansdec_";"-0.132420295258475";"-0.268542707423692";"0.823083140964083";"571"
"444";"*i_0243";"0.357206298944743";"-1.73331483099438";"0.822734711645237";"572"
"445";"-*jezechrist777";"-0.301215420098012";"0.493519611149604";"0.822099742413661";"573"
"446";"*i_0138";"-0.0577778962685018";"0.54423947268145";"0.822090901069931";"574"
"447";"-*zak_dridi";"-0.266632430303961";"0.497813386326404";"0.822004095149664";"575"
"448";"*postDate_23-11-2025";"0.0128936650552761";"-0.21115159011546";"0.821971944808825";"576"
"449";"-*bds_neuchatel";"-0.283964082162161";"1.44639522239068";"0.821837717135821";"577"
"450";"-*mister_h_pm";"-0.259139962221255";"1.39558365859091";"0.821837717135821";"578"
"451";"-*crazy_pamy";"-0.278928992190424";"0.449920615181167";"0.821837717135821";"579"
"452";"-*gbanoah";"-0.281415818065203";"0.756757240294053";"0.821837717135821";"580"
"453";"*i_0005";"-0.0132558681078284";"-0.387694031289511";"0.821684601137574";"581"
"454";"*i_0418";"0.355057483583766";"0.109824446983175";"0.821578505012804";"582"
"455";"-*ks_softly";"-0.15837323150342";"-0.110696466947432";"0.821432622841246";"583"
"456";"*postDate_10-12-2025";"0.492980737154081";"-0.781320248450883";"0.821307236511973";"584"
"457";"*i_0172";"0.686512988375876";"-1.4696181990013";"0.821302413960847";"586"
"458";"-*leo_ra2p";"-0.247442670644722";"1.76135111389925";"0.821254992208109";"587"
"459";"*postReposts_37";"1.56907019775785";"-0.995628009071752";"0.820902142217398";"588"
"460";"*postReposts_8";"0.40755625002549";"-0.243036342184702";"0.820242658350932";"591"
"461";"-*fidan_yildiz98";"-0.243605876337325";"1.49560592786942";"0.82018318022038";"592"
"462";"*postLikes_3900";"0.252798497479345";"0.494076640624034";"0.820112851349794";"593"
"463";"-*martine_and_me";"-0.245017414099696";"1.92215629790976";"0.820067438993358";"594"
"464";"-*topinet_";"0.10382788951974";"-1.52868737330844";"0.81996214662711";"595"
"465";"*i_0549";"0.195884879686431";"-0.00664171330887197";"0.819938837630001";"596"
"466";"*i_0424";"-0.187938739385648";"-0.239391667597972";"0.819824302040761";"597"
"467";"*i_0154";"-0.0519085863932749";"-0.356340446255617";"0.819474265204874";"598"
"468";"*i_0981";"0.314047185309774";"-0.401672099716598";"0.81942242278027";"599"
"469";"*postLikes_2100";"0.0628751718657536";"-0.2839163748413";"0.819353701426726";"600"
"470";"*commentDate_22-10-2025";"0.398151697888602";"-0.226178930536341";"0.819332803705181";"601"
"471";"*i_0183";"0.426889877428283";"-0.108721238221877";"0.819313111621417";"602"
"472";"*postReposts_108";"0.426889877428283";"-0.108721238221877";"0.819313111621417";"603"
"473";"*i_0147";"0.379122593909415";"-0.801135679258761";"0.819072787823643";"604"
"474";"-*stuntsmatt";"-0.259818927492747";"0.412888835891188";"0.818968299215915";"605"
"475";"*postComments_176";"-0.109905522255018";"-0.58854449712316";"0.81894740149437";"606"
"476";"*postReposts_73";"0.40213610287537";"0.592143896485073";"0.818913643636489";"607"
"477";"*i_0556";"-0.0882325590114974";"-0.420719722940849";"0.818501315515225";"608"
"478";"*postComments_303";"-0.0882325590114974";"-0.420719722940849";"0.818501315515225";"609"
"479";"-*quentin829595";"0.401164021734236";"-1.73693038582955";"0.818462735106218";"610"
"480";"*commentDate_10-12-2025";"0.6465836667094";"-0.800467069717941";"0.818267823664879";"611"
"481";"*i_0379";"-0.0315463814576671";"0.11500075644428";"0.817918992466773";"612"
"482";"*commentDate_27-11-2025";"1.79482230971393";"-1.20841288850996";"0.817707202096495";"613"
"483";"*i_0133";"0.760208014861297";"-1.16268127156571";"0.817518318844064";"614"
"484";"*postLikes_8200";"0.872916622838433";"-0.758458272521972";"0.817217311277956";"615"
"485";"*postComments_51";"0.332003845984478";"0.136627487724607";"0.817101168171674";"616"
"486";"*i_0423";"0.407131018386524";"-1.43801618637359";"0.816833114704927";"617"
"487";"*i_0184";"0.735261701623573";"-0.285133603270741";"0.816742289992056";"618"
"488";"*postReposts_53";"0.735261701623573";"-0.285133603270741";"0.816742289992056";"619"
"489";"*postReposts_62";"0.444384955505558";"0.106412710694575";"0.816722999787552";"620"
"490";"*postReposts_7";"0.281928008671572";"-0.861428169686083";"0.816587164597506";"621"
"491";"-*suzie_b_pop";"-0.188863112255839";"-0.156205139559428";"0.816569481910045";"622"
"492";"*i_0187";"0.67168939892334";"-0.575670956905346";"0.816322728044103";"623"
"493";"*postComments_135";"0.67168939892334";"-0.575670956905346";"0.816322728044103";"624"
"494";"*postReposts_175";"0.67168939892334";"-0.575670956905346";"0.816322728044103";"625"
"495";"*postLikes_6300";"0.197329932430465";"-0.379638951216161";"0.816015290409827";"627"
"496";"*i_0507";"-0.131268297017342";"-0.277854151675327";"0.815996803963845";"628"
"497";"*commentDate_21-11-2025";"0.863700737016176";"-0.51428710975483";"0.815777377887617";"629"
"498";"-*gael_slett";"-0.265854430148854";"0.402626513093037";"0.81574723694308";"630"
"499";"*postReposts_24";"1.00407752977412";"-0.594068664580409";"0.815620644976025";"631"
"500";"-*pascalleyat";"0.197033457536704";"-0.87325537488062";"0.815568400672161";"632"
"501";"*i_0202";"-0.171101068941304";"-0.344583480777154";"0.815306375394321";"633"
"502";"*i_0547";"0.156133401448065";"-1.42053133172602";"0.815231223972609";"634"
"503";"*postComments_87";"0.0546082632205988";"-0.519732870710571";"0.815168932687233";"635"
"504";"*postComments_35";"0.793125805132855";"-0.478317188324396";"0.81498607762371";"637"
"505";"*i_0235";"0.251794397052834";"-0.520986736342885";"0.814963974264383";"638"
"506";"*postComments_117";"0.251794397052834";"-0.520986736342885";"0.814963974264383";"639"
"507";"*i_0974";"-0.118185533420352";"-0.538476699775575";"0.814881187136722";"640"
"508";"*postComments_204";"-0.118185533420352";"-0.538476699775575";"0.814881187136722";"641"
"509";"*postReposts_145";"-0.118185533420352";"-0.538476699775575";"0.814881187136722";"642"
"510";"-*philippemayot";"0.36795906660254";"-1.63140539243353";"0.814851849950706";"644"
"511";"-*hafida_jamillah";"-0.18684368892326";"-0.117177958396764";"0.814754193290407";"645"
"512";"*i_0528";"0.0673844583349122";"-0.467504092847348";"0.81433945389358";"646"
"513";"*postComments_235";"0.0673844583349122";"-0.467504092847348";"0.81433945389358";"647"
"514";"*i_0013";"0.0972897351151939";"0.0677811333804071";"0.814329005032807";"648"
"515";"-*orianne_gvi";"-0.148826436141729";"0.163086283751219";"0.814286003951935";"649"
"516";"*postComments_38";"0.199143250873399";"-0.9168136867236";"0.81417588903456";"650"
"517";"*commentLikes_1";"0.496976309500472";"-0.180220420880748";"0.814174683396779";"651"
"518";"*i_0345";"0.325871898698683";"0.214281624977728";"0.814122439092915";"652"
"519";"*postLikes_8000";"0.325871898698683";"0.214281624977728";"0.814122439092915";"653"
"520";"*postComments_328";"0.325871898698683";"0.214281624977728";"0.814122439092915";"654"
"521";"*postReposts_92";"0.325871898698683";"0.214281624977728";"0.814122439092915";"655"
"522";"*i_0521";"0.570692962375031";"-0.399731950848419";"0.814025184311876";"656"
"523";"*postComments_89";"-0.147027182855992";"-0.485997168688531";"0.813695643318273";"657"
"524";"-*eric_wuthrich";"-0.107529586306394";"-0.0585884243819824";"0.81285812693941";"658"
"525";"-*ddynightshdd";"-0.212078184672989";"0.0952497211863014";"0.812709029733768";"659"
"526";"*postReposts_48";"0.268833266430252";"0.632007960657253";"0.812488398019758";"660"
"527";"*commentDate_24-11-2025";"0.555277937154813";"-0.331298776433199";"0.81229308469916";"661"
"528";"*i_0491";"0.307346446075648";"-0.474272445998511";"0.812290271544336";"662"
"529";"*i_0387";"-0.0343723711540789";"0.294849311083068";"0.812080088691099";"663"
"530";"*postComments_259";"-0.0343723711540789";"0.294849311083068";"0.812080088691099";"664"
"531";"-*terezamujota";"-0.286040134056648";"0.150620146880006";"0.811634002711954";"665"
"532";"-*mathiascardet";"-0.238068376167226";"-0.268005295888238";"0.811554832497638";"666"
"533";"-*kiluka";"-0.246210870907787";"0.688961012495433";"0.81147526040406";"667"
"534";"-*yann_christinat";"-0.318969033515639";"-0.481998316494617";"0.81139287515566";"668"
"535";"*i_0438";"-0.0668354802367775";"-0.374655553517104";"0.811263068154521";"669"
"536";"-*__chlo_m";"-0.268241027025347";"-0.00984485536379545";"0.810968490656581";"670"
"537";"*i_0270";"-0.259134402478876";"-0.112867846564661";"0.810627697043685";"671"
