"";"V1"
"1";0
"2";11
"3";10
"4";4
"5";10
"6";4
"7";10
"8";6
"9";5
"10";2
"11";6
"12";11
"13";10
"14";10
"15";10
"16";10
"17";11
"18";8
"19";11
"20";9
"21";9
"22";10
"23";7
"24";10
"25";9
"26";9
"27";10
"28";10
"29";10
"30";10
"31";2
"32";2
"33";10
"34";6
"35";11
"36";6
"37";11
"38";1
"39";0
"40";0
"41";0
"42";0
"43";1
"44";6
"45";1
"46";1
"47";7
"48";7
"49";11
"50";2
"51";8
"52";7
"53";0
"54";1
"55";10
"56";6
"57";11
"58";3
"59";3
"60";5
"61";10
"62";10
"63";0
"64";10
"65";10
"66";5
"67";6
"68";0
"69";0
"70";7
"71";10
"72";8
"73";8
"74";8
"75";8
"76";1
"77";10
"78";10
"79";1
"80";11
"81";3
"82";3
"83";8
"84";3
"85";3
"86";3
"87";3
"88";9
"89";8
"90";9
"91";3
"92";6
"93";4
"94";6
"95";6
"96";8
"97";3
"98";8
"99";3
"100";1
"101";1
"102";0
"103";1
"104";1
"105";1
"106";1
"107";4
"108";1
"109";10
"110";0
"111";6
"112";11
"113";9
"114";9
"115";1
"116";7
"117";9
"118";9
"119";9
"120";8
"121";8
"122";8
"123";8
"124";8
"125";8
"126";11
"127";1
"128";1
"129";0
"130";1
"131";1
"132";1
"133";1
"134";1
"135";1
"136";0
"137";9
"138";9
"139";9
"140";5
"141";0
"142";9
"143";11
"144";4
"145";4
"146";4
"147";4
"148";11
"149";0
"150";0
"151";4
"152";10
"153";11
"154";9
"155";5
"156";5
"157";11
"158";1
"159";10
"160";0
"161";1
"162";6
"163";1
"164";1
"165";10
"166";3
"167";3
"168";7
"169";5
"170";3
"171";5
"172";5
"173";11
"174";0
"175";7
"176";3
"177";3
"178";5
"179";5
"180";2
"181";3
"182";3
"183";3
"184";11
"185";2
"186";2
"187";2
"188";5
"189";5
"190";7
"191";6
"192";1
"193";1
"194";1
"195";1
"196";1
"197";0
"198";0
"199";0
"200";0
"201";0
"202";0
"203";10
"204";3
"205";8
"206";3
"207";8
"208";11
"209";3
"210";3
"211";8
"212";3
"213";3
"214";2
"215";7
"216";7
"217";11
"218";4
"219";11
"220";2
"221";2
"222";7
"223";11
"224";9
"225";7
"226";4
"227";7
"228";11
"229";8
"230";6
"231";6
"232";6
"233";0
"234";10
"235";8
"236";6
"237";8
"238";11
"239";3
"240";11
"241";9
"242";3
"243";9
"244";2
"245";3
"246";2
"247";9
"248";9
"249";6
"250";6
"251";6
"252";7
"253";6
"254";6
"255";11
"256";10
"257";7
"258";0
"259";10
"260";10
"261";10
"262";11
"263";6
"264";6
"265";2
"266";6
"267";6
"268";6
"269";10
"270";3
"271";3
"272";3
"273";4
"274";3
"275";3
"276";3
"277";10
"278";8
"279";2
"280";9
"281";9
"282";11
"283";10
"284";7
"285";5
"286";5
"287";0
"288";5
"289";10
"290";5
"291";11
"292";8
"293";8
"294";9
"295";9
"296";11
"297";10
"298";10
"299";10
"300";10
"301";0
"302";0
"303";10
"304";3
"305";8
"306";1
"307";8
"308";3
"309";11
"310";8
"311";8
"312";2
"313";2
"314";2
"315";11
"316";4
"317";6
"318";5
"319";5
"320";11
"321";7
"322";7
"323";7
"324";6
"325";11
"326";3
"327";3
"328";3
"329";10
"330";5
"331";5
"332";5
"333";6
"334";6
"335";0
"336";6
"337";10
"338";10
"339";10
"340";10
"341";5
"342";7
"343";2
"344";10
"345";10
"346";10
"347";11
"348";10
"349";10
"350";10
"351";1
"352";1
"353";7
"354";6
"355";1
"356";5
"357";6
"358";10
"359";0
"360";0
"361";7
"362";5
"363";11
"364";10
"365";0
"366";11
"367";8
"368";10
"369";0
"370";8
"371";4
"372";4
"373";7
"374";5
"375";5
"376";11
"377";5
"378";5
"379";5
"380";6
"381";4
"382";4
"383";0
"384";4
"385";7
"386";6
"387";6
"388";10
"389";11
"390";6
"391";4
"392";7
"393";5
"394";4
"395";3
"396";3
"397";11
"398";0
"399";0
"400";10
"401";0
"402";0
"403";11
"404";4
"405";3
"406";3
"407";3
"408";11
"409";3
"410";9
"411";3
"412";10
"413";10
"414";10
"415";9
"416";8
"417";7
"418";11
"419";9
"420";4
"421";9
"422";9
"423";8
"424";9
"425";10
"426";10
"427";10
"428";11
"429";2
"430";10
"431";10
"432";4
"433";11
"434";4
"435";4
"436";4
"437";4
"438";11
"439";8
"440";9
"441";8
"442";11
"443";10
"444";10
"445";10
"446";10
"447";11
"448";1
"449";1
"450";0
"451";0
"452";7
"453";10
"454";7
"455";5
"456";11
"457";5
"458";5
"459";11
"460";1
"461";1
"462";1
"463";1
"464";0
"465";0
"466";0
"467";0
"468";11
"469";5
"470";5
"471";5
"472";5
"473";5
"474";5
"475";5
"476";7
"477";10
"478";2
"479";2
"480";11
"481";7
"482";5
"483";7
"484";11
"485";7
"486";7
"487";7
"488";3
"489";3
"490";3
"491";3
"492";3
"493";11
"494";2
"495";2
"496";7
"497";11
"498";5
"499";7
"500";5
"501";6
"502";1
"503";7
"504";7
"505";11
"506";1
"507";0
"508";10
"509";11
"510";7
"511";1
"512";0
"513";10
"514";10
"515";10
"516";10
"517";10
"518";7
"519";5
"520";1
"521";5
"522";5
"523";4
"524";5
"525";3
"526";3
"527";5
"528";3
"529";11
"530";0
"531";0
"532";8
"533";0
"534";6
"535";1
"536";1
"537";8
"538";1
"539";1
"540";1
"541";0
"542";7
"543";6
"544";6
"545";1
"546";1
"547";1
"548";1
"549";1
"550";1
"551";1
"552";0
"553";8
"554";8
"555";6
"556";10
"557";0
"558";0
"559";0
"560";7
"561";9
"562";8
"563";7
"564";11
"565";8
"566";8
"567";8
"568";8
"569";8
"570";1
"571";1
"572";3
"573";1
"574";9
"575";9
"576";5
"577";11
"578";7
"579";9
"580";7
"581";5
"582";11
"583";10
"584";10
"585";10
"586";10
"587";2
"588";11
"589";1
"590";0
"591";3
"592";5
"593";5
"594";8
"595";5
"596";9
"597";9
"598";10
"599";11
"600";4
"601";5
"602";11
"603";1
"604";1
"605";1
"606";0
"607";10
"608";5
"609";10
"610";10
"611";0
"612";0
"613";1
"614";6
"615";2
"616";11
"617";10
"618";10
"619";1
"620";5
"621";10
"622";2
"623";3
"624";6
"625";7
"626";2
"627";7
"628";6
"629";6
"630";6
"631";6
"632";1
"633";1
"634";1
"635";1
"636";1
"637";1
"638";8
"639";8
"640";1
"641";0
"642";9
"643";9
"644";7
"645";7
"646";11
"647";9
"648";7
"649";9
"650";9
"651";7
"652";9
"653";9
"654";9
"655";11
"656";8
"657";8
"658";8
"659";8
"660";0
"661";7
"662";4
"663";5
"664";5
"665";7
"666";5
"667";11
"668";4
"669";5
"670";5
"671";5
"672";11
"673";5
"674";5
"675";5
"676";11
"677";6
"678";9
"679";4
"680";7
"681";7
"682";7
"683";11
"684";5
"685";5
"686";6
"687";6
"688";11
"689";6
"690";5
"691";5
"692";11
"693";9
"694";9
"695";5
"696";8
"697";5
"698";10
"699";5
"700";4
"701";2
"702";5
"703";4
"704";5
"705";11
"706";3
"707";3
"708";3
"709";3
"710";11
"711";6
"712";6
"713";7
"714";11
"715";7
"716";0
"717";0
"718";10
"719";10
"720";5
"721";10
"722";10
"723";10
"724";10
"725";7
"726";10
"727";10
"728";10
"729";9
"730";3
"731";3
"732";3
"733";3
"734";8
"735";3
"736";0
"737";1
"738";4
"739";1
"740";10
"741";0
"742";2
"743";4
"744";11
"745";9
"746";8
"747";7
"748";9
"749";11
"750";1
"751";0
"752";1
"753";10
"754";4
"755";8
"756";8
"757";9
"758";8
"759";8
"760";7
"761";11
"762";9
"763";9
"764";9
"765";9
"766";9
"767";0
"768";3
"769";3
"770";3
"771";3
"772";11
"773";7
"774";4
"775";5
"776";7
"777";4
"778";4
"779";5
"780";10
"781";11
"782";10
"783";10
"784";10
"785";7
"786";7
"787";7
"788";11
"789";8
"790";0
"791";3
"792";5
"793";5
"794";1
"795";1
"796";1
"797";1
"798";1
"799";0
"800";5
"801";5
"802";5
"803";5
"804";10
"805";7
"806";7
"807";11
"808";3
"809";3
"810";3
"811";11
"812";10
"813";10
"814";10
"815";10
"816";10
"817";11
"818";2
"819";2
"820";2
"821";2
"822";6
"823";7
"824";4
"825";4
"826";11
"827";6
"828";6
"829";6
"830";5
"831";1
"832";1
"833";1
"834";1
"835";0
"836";10
"837";5
"838";5
"839";10
"840";4
"841";10
"842";4
"843";4
"844";4
"845";5
"846";11
"847";5
"848";5
"849";5
"850";5
"851";11
"852";1
"853";11
"854";10
"855";3
"856";4
"857";5
"858";7
"859";1
"860";1
"861";1
"862";10
"863";11
"864";6
"865";6
"866";7
"867";6
"868";11
"869";5
"870";4
"871";4
"872";2
"873";2
"874";2
"875";2
"876";11
"877";10
"878";10
"879";10
"880";11
"881";5
"882";11
"883";1
"884";1
"885";1
"886";1
"887";0
"888";1
"889";6
"890";6
"891";7
"892";7
"893";11
"894";4
"895";4
"896";4
"897";9
"898";11
"899";1
"900";1
"901";1
"902";1
"903";1
"904";1
"905";1
"906";1
"907";1
"908";0
"909";10
"910";5
"911";10
"912";4
"913";1
"914";5
"915";4
"916";11
"917";8
"918";8
"919";8
"920";8
"921";11
"922";0
"923";0
"924";10
"925";0
"926";0
"927";1
"928";9
"929";9
"930";1
"931";9
"932";6
"933";9
"934";9
"935";9
"936";4
"937";11
"938";7
"939";6
"940";8
"941";8
"942";11
"943";1
"944";5
"945";5
"946";5
"947";11
"948";1
"949";9
"950";7
"951";7
"952";6
"953";6
"954";6
"955";11
"956";7
"957";7
"958";6
"959";11
"960";2
"961";2
"962";2
"963";11
"964";7
"965";6
"966";2
"967";6
"968";11
"969";6
"970";6
"971";6
"972";6
"973";6
"974";6
"975";11
"976";0
"977";0
"978";0
"979";0
"980";11
"981";9
"982";9
"983";9
"984";10
"985";10
"986";4
"987";4
"988";0
"989";0
"990";5
"991";5
"992";5
"993";0
"994";0
"995";0
"996";8
"997";11
"998";3
"999";3
"1000";3
"1001";3
"1002";8
"1003";6
"1004";8
"1005";8
"1006";8
"1007";7
"1008";11
"1009";9
"1010";5
"1011";8
"1012";11
"1013";6
"1014";0
"1015";4
"1016";4
"1017";10
"1018";10
"1019";5
"1020";9
"1021";9
"1022";9
"1023";7
"1024";11
"1025";2
"1026";11
"1027";8
"1028";3
"1029";7
"1030";4
"1031";11
"1032";1
"1033";7
"1034";9
"1035";7
"1036";9
"1037";8
"1038";11
"1039";9
"1040";7
"1041";7
"1042";8
"1043";2
"1044";11
"1045";7
"1046";8
"1047";7
"1048";11
"1049";2
"1050";2
"1051";9
"1052";9
"1053";7
"1054";2
"1055";2
"1056";7
"1057";3
"1058";3
"1059";8
"1060";3
"1061";3
"1062";11
"1063";5
"1064";8
"1065";5
"1066";9
"1067";1
"1068";6
"1069";6
"1070";6
"1071";6
"1072";9
"1073";3
"1074";2
"1075";3
"1076";3
"1077";11
"1078";2
"1079";2
"1080";2
"1081";2
"1082";2
"1083";11
"1084";1
"1085";1
"1086";1
"1087";1
"1088";6
"1089";1
"1090";2
"1091";1
"1092";7
"1093";0
"1094";9
"1095";9
"1096";6
"1097";6
"1098";9
"1099";11
"1100";8
"1101";9
"1102";7
"1103";8
"1104";6
"1105";11
"1106";3
"1107";5
"1108";3
"1109";4
"1110";11
"1111";0
"1112";0
"1113";0
"1114";0
"1115";0
"1116";0
"1117";0
"1118";0
"1119";2
"1120";2
"1121";2
"1122";11
"1123";7
"1124";7
"1125";11
"1126";0
"1127";0
"1128";0
"1129";6
"1130";7
"1131";4
"1132";7
"1133";7
"1134";11
"1135";3
"1136";2
"1137";5
"1138";6
"1139";6
"1140";7
"1141";11
"1142";11
"1143";1
"1144";1
"1145";1
"1146";1
"1147";0
"1148";5
"1149";4
"1150";5
"1151";5
"1152";4
"1153";11
"1154";7
"1155";9
"1156";10
"1157";11
"1158";2
"1159";0
"1160";7
"1161";7
"1162";11
"1163";6
"1164";5
"1165";0
"1166";10
"1167";6
"1168";6
"1169";11
"1170";4
"1171";4
"1172";4
"1173";10
"1174";1
"1175";1
"1176";1
"1177";1
"1178";11
"1179";5
"1180";5
"1181";10
"1182";5
"1183";5
"1184";4
"1185";5
"1186";5
"1187";0
"1188";10
"1189";4
"1190";11
"1191";7
"1192";9
"1193";5
"1194";11
"1195";10
"1196";10
"1197";7
"1198";0
"1199";6
"1200";5
"1201";7
"1202";6
"1203";0
"1204";0
"1205";0
"1206";0
"1207";11
"1208";0
"1209";6
"1210";11
"1211";7
"1212";8
"1213";4
"1214";11
"1215";6
"1216";6
"1217";6
"1218";6
"1219";5
"1220";10
"1221";4
"1222";4
"1223";4
"1224";6
"1225";11
"1226";7
"1227";6
"1228";6
"1229";7
"1230";10
"1231";10
"1232";1
"1233";7
"1234";9
"1235";11
"1236";0
"1237";0
"1238";0
"1239";10
"1240";11
"1241";6
"1242";10
"1243";11
"1244";1
"1245";1
"1246";1
"1247";1
"1248";1
"1249";1
"1250";1
"1251";1
"1252";0
"1253";6
"1254";7
"1255";7
"1256";11
"1257";9
"1258";5
"1259";5
"1260";2
"1261";2
"1262";11
"1263";7
"1264";5
"1265";5
"1266";6
"1267";6
"1268";6
"1269";10
"1270";4
"1271";11
"1272";7
"1273";6
"1274";2
"1275";11
"1276";8
"1277";10
"1278";9
"1279";9
"1280";9
"1281";1
"1282";9
"1283";9
"1284";5
"1285";2
"1286";2
"1287";6
"1288";7
"1289";11
"1290";7
"1291";7
"1292";7
"1293";11
"1294";1
"1295";1
"1296";1
"1297";1
"1298";1
"1299";1
"1300";0
"1301";10
"1302";10
"1303";10
"1304";1
"1305";11
"1306";1
"1307";1
"1308";1
"1309";1
"1310";1
"1311";1
"1312";1
"1313";0
"1314";0
"1315";1
"1316";2
"1317";2
"1318";11
"1319";8
"1320";8
"1321";11
"1322";9
"1323";9
"1324";9
"1325";9
"1326";7
"1327";9
"1328";7
"1329";11
"1330";6
"1331";6
"1332";6
"1333";11
"1334";5
"1335";5
"1336";5
"1337";5
"1338";11
"1339";0
"1340";10
"1341";0
"1342";6
"1343";6
"1344";0
"1345";7
"1346";4
"1347";5
"1348";2
"1349";11
"1350";7
"1351";5
"1352";7
"1353";11
"1354";1
"1355";9
"1356";9
"1357";9
"1358";9
"1359";11
"1360";1
"1361";1
"1362";1
"1363";4
"1364";1
"1365";1
"1366";1
"1367";11
"1368";8
"1369";4
"1370";5
"1371";8
"1372";7
"1373";11
"1374";1
"1375";10
"1376";0
"1377";7
"1378";5
"1379";2
"1380";2
"1381";2
"1382";11
"1383";5
"1384";5
"1385";4
"1386";10
"1387";5
"1388";4
"1389";4
"1390";4
"1391";4
"1392";7
"1393";7
"1394";7
"1395";7
"1396";1
"1397";6
"1398";1
"1399";0
"1400";1
"1401";3
"1402";5
"1403";3
"1404";9
"1405";7
"1406";11
"1407";5
"1408";5
"1409";5
"1410";5
"1411";2
"1412";4
"1413";4
"1414";11
"1415";5
"1416";11
"1417";2
"1418";11
"1419";7
"1420";8
"1421";10
"1422";5
"1423";10
"1424";11
"1425";2
"1426";10
"1427";10
"1428";10
"1429";10
"1430";8
"1431";10
"1432";0
"1433";7
"1434";7
"1435";7
"1436";11
"1437";9
"1438";9
"1439";9
"1440";9
"1441";7
"1442";7
"1443";7
"1444";11
"1445";6
"1446";4
"1447";11
"1448";10
"1449";3
"1450";3
"1451";3
"1452";10
"1453";10
"1454";10
"1455";10
"1456";3
"1457";0
"1458";5
"1459";11
"1460";2
"1461";7
"1462";2
"1463";2
"1464";11
"1465";9
"1466";8
"1467";8
"1468";8
"1469";9
"1470";11
"1471";11
"1472";7
"1473";5
"1474";7
"1475";7
"1476";4
"1477";7
"1478";11
"1479";1
"1480";7
"1481";9
"1482";8
"1483";2
"1484";8
"1485";9
"1486";6
"1487";1
"1488";0
"1489";9
"1490";7
"1491";9
"1492";7
"1493";7
"1494";11
"1495";9
"1496";6
"1497";11
"1498";9
"1499";9
"1500";9
"1501";11
"1502";7
"1503";11
"1504";7
"1505";7
"1506";9
"1507";9
"1508";11
"1509";7
"1510";11
"1511";0
"1512";1
"1513";11
"1514";5
"1515";0
"1516";8
"1517";11
"1518";11
"1519";4
"1520";5
"1521";5
"1522";5
"1523";5
"1524";2
"1525";5
"1526";7
"1527";5
"1528";11
"1529";4
"1530";10
"1531";0
"1532";7
"1533";8
"1534";5
"1535";5
"1536";11
"1537";3
"1538";8
"1539";7
"1540";8
"1541";3
"1542";3
"1543";3
"1544";0
"1545";6
"1546";6
"1547";6
"1548";11
"1549";1
"1550";10
"1551";0
"1552";1
"1553";1
"1554";0
"1555";0
"1556";4
"1557";0
"1558";4
"1559";5
"1560";5
"1561";10
"1562";5
"1563";8
"1564";11
"1565";7
"1566";5
"1567";11
"1568";10
"1569";2
"1570";10
"1571";1
"1572";5
"1573";1
"1574";8
"1575";7
"1576";5
"1577";5
"1578";5
"1579";1
"1580";0
"1581";5
"1582";6
"1583";10
"1584";5
"1585";3
"1586";3
"1587";3
"1588";9
"1589";5
"1590";4
"1591";4
"1592";5
"1593";11
"1594";6
"1595";6
"1596";7
"1597";6
"1598";11
"1599";2
"1600";2
"1601";2
"1602";11
"1603";3
"1604";5
"1605";11
"1606";4
"1607";5
"1608";5
"1609";10
"1610";2
"1611";2
"1612";2
"1613";2
"1614";11
"1615";3
"1616";5
"1617";5
"1618";11
"1619";1
"1620";1
"1621";0
"1622";0
"1623";5
"1624";8
"1625";8
"1626";11
"1627";6
"1628";6
"1629";4
"1630";7
"1631";11
"1632";1
"1633";5
"1634";7
"1635";7
"1636";1
"1637";1
"1638";8
"1639";0
"1640";0
"1641";4
"1642";5
"1643";11
"1644";5
"1645";5
"1646";6
"1647";11
"1648";2
"1649";10
"1650";2
"1651";11
"1652";0
"1653";11
"1654";8
"1655";9
"1656";9
"1657";11
"1658";1
"1659";1
"1660";1
"1661";7
"1662";1
"1663";1
"1664";1
"1665";1
"1666";0
"1667";7
"1668";11
"1669";2
"1670";2
"1671";2
"1672";11
"1673";5
"1674";5
"1675";10
"1676";11
"1677";2
"1678";5
"1679";5
"1680";3
"1681";3
"1682";6
"1683";11
"1684";8
"1685";3
"1686";8
"1687";8
"1688";3
"1689";3
"1690";9
"1691";9
"1692";7
"1693";8
"1694";11
"1695";0
"1696";7
"1697";7
"1698";0
"1699";2
"1700";2
"1701";2
"1702";2
"1703";3
"1704";9
"1705";2
"1706";3
"1707";0
"1708";4
"1709";0
"1710";2
"1711";1
"1712";7
"1713";0
"1714";0
"1715";0
"1716";0
"1717";0
"1718";0
"1719";9
"1720";11
"1721";4
"1722";4
"1723";9
"1724";4
"1725";4
"1726";4
"1727";9
"1728";7
"1729";9
"1730";8
"1731";8
"1732";8
"1733";10
"1734";10
"1735";3
"1736";10
"1737";11
"1738";0
"1739";0
"1740";9
"1741";8
"1742";3
"1743";7
"1744";5
"1745";11
"1746";6
"1747";6
"1748";7
"1749";6
"1750";5
"1751";11
"1752";9
"1753";8
"1754";7
"1755";11
"1756";3
"1757";8
"1758";8
"1759";7
"1760";3
"1761";8
"1762";11
"1763";1
"1764";7
"1765";5
"1766";1
"1767";1
"1768";4
"1769";0
"1770";4
"1771";4
"1772";4
"1773";4
"1774";4
"1775";11
"1776";2
"1777";2
"1778";5
"1779";8
"1780";11
"1781";10
"1782";10
"1783";10
"1784";5
"1785";10
"1786";10
"1787";4
"1788";7
"1789";4
"1790";7
"1791";11
"1792";0
"1793";8
"1794";3
"1795";11
"1796";6
"1797";6
"1798";7
"1799";6
"1800";3
"1801";3
"1802";3
"1803";3
"1804";11
"1805";10
"1806";10
"1807";5
"1808";5
"1809";4
"1810";4
"1811";4
"1812";7
"1813";9
"1814";9
"1815";11
"1816";5
"1817";5
"1818";0
"1819";5
"1820";5
"1821";7
"1822";7
"1823";6
"1824";7
"1825";7
"1826";10
"1827";6
"1828";1
"1829";6
"1830";2
"1831";1
"1832";1
"1833";1
"1834";1
"1835";1
"1836";0
"1837";9
"1838";7
"1839";6
"1840";8
"1841";1
"1842";6
"1843";6
"1844";6
"1845";7
"1846";10
"1847";7
"1848";10
"1849";11
"1850";5
"1851";0
"1852";7
"1853";7
"1854";7
"1855";5
"1856";0
"1857";4
"1858";5
"1859";4
"1860";11
"1861";7
"1862";10
"1863";10
"1864";10
"1865";10
"1866";10
"1867";10
"1868";11
"1869";9
"1870";9
"1871";9
"1872";5
"1873";11
"1874";1
"1875";1
"1876";6
"1877";11
"1878";5
"1879";5
"1880";5
"1881";5
"1882";8
"1883";8
"1884";11
"1885";0
"1886";10
"1887";5
"1888";9
"1889";7
"1890";9
"1891";6
"1892";5
"1893";6
"1894";5
"1895";11
"1896";3
"1897";3
"1898";3
"1899";11
"1900";2
"1901";2
"1902";2
"1903";2
"1904";11
"1905";5
"1906";5
"1907";5
"1908";5
"1909";9
"1910";7
"1911";8
"1912";8
"1913";8
"1914";11
"1915";5
"1916";5
"1917";5
"1918";5
"1919";7
"1920";5
"1921";5
"1922";5
"1923";11
"1924";3
"1925";11
"1926";1
"1927";1
"1928";1
"1929";1
"1930";0
"1931";0
"1932";8
"1933";8
"1934";8
"1935";8
"1936";11
"1937";0
"1938";0
"1939";11
"1940";9
"1941";11
"1942";0
"1943";0
"1944";0
"1945";8
"1946";8
"1947";8
"1948";7
"1949";7
"1950";6
"1951";3
"1952";5
"1953";8
"1954";11
"1955";8
"1956";3
"1957";10
"1958";8
"1959";11
"1960";0
"1961";0
"1962";0
"1963";10
"1964";11
"1965";10
"1966";10
"1967";0
"1968";10
"1969";11
"1970";5
"1971";5
"1972";5
"1973";11
"1974";2
"1975";2
"1976";2
"1977";11
"1978";1
"1979";3
"1980";5
"1981";5
"1982";1
"1983";0
"1984";7
"1985";6
"1986";5
"1987";11
"1988";9
"1989";3
"1990";7
"1991";5
"1992";11
"1993";6
"1994";6
"1995";6
"1996";7
"1997";6
"1998";0
"1999";5
"2000";10
"2001";5
"2002";4
"2003";11
"2004";10
"2005";7
"2006";0
"2007";3
"2008";3
"2009";11
"2010";2
"2011";2
"2012";4
"2013";2
"2014";7
"2015";0
"2016";1
"2017";7
"2018";7
"2019";10
"2020";10
"2021";0
"2022";10
"2023";11
"2024";1
"2025";0
"2026";6
"2027";2
"2028";11
"2029";5
"2030";7
"2031";5
"2032";5
"2033";2
"2034";2
"2035";2
"2036";7
"2037";5
"2038";10
"2039";5
"2040";7
"2041";7
"2042";11
"2043";4
"2044";5
"2045";5
"2046";4
"2047";5
"2048";5
"2049";6
"2050";7
"2051";6
"2052";8
"2053";8
"2054";8
"2055";8
"2056";11
"2057";7
"2058";5
"2059";5
"2060";7
"2061";11
"2062";7
"2063";5
"2064";5
"2065";5
"2066";11
"2067";2
"2068";2
"2069";8
"2070";2
"2071";2
"2072";1
"2073";10
"2074";10
"2075";10
"2076";2
"2077";0
"2078";6
"2079";8
"2080";6
"2081";6
"2082";6
"2083";4
"2084";5
"2085";5
"2086";10
"2087";1
"2088";10
"2089";10
"2090";10
"2091";8
"2092";7
"2093";8
"2094";5
"2095";7
"2096";7
"2097";7
"2098";6
"2099";9
"2100";9
"2101";11
"2102";2
"2103";2
"2104";2
"2105";2
"2106";2
"2107";11
"2108";7
"2109";11
"2110";1
"2111";1
"2112";1
"2113";0
"2114";8
"2115";8
"2116";8
"2117";8
"2118";8
"2119";2
"2120";5
"2121";4
"2122";2
"2123";10
"2124";11
"2125";8
"2126";8
"2127";11
"2128";10
"2129";9
"2130";9
"2131";0
"2132";8
"2133";9
"2134";7
"2135";7
"2136";5
"2137";5
"2138";11
"2139";1
"2140";7
"2141";4
"2142";2
"2143";4
"2144";5
"2145";11
"2146";8
"2147";9
"2148";6
"2149";9
"2150";10
"2151";10
"2152";10
"2153";10
"2154";6
"2155";6
"2156";6
"2157";6
"2158";11
"2159";7
"2160";10
"2161";10
"2162";10
"2163";11
"2164";8
"2165";8
"2166";3
"2167";11
"2168";9
"2169";8
"2170";8
"2171";9
"2172";7
"2173";9
"2174";7
"2175";7
"2176";8
"2177";10
"2178";10
"2179";10
"2180";10
"2181";10
"2182";5
"2183";5
"2184";0
"2185";2
"2186";2
"2187";6
"2188";11
"2189";0
"2190";9
"2191";3
"2192";3
"2193";8
"2194";11
"2195";6
"2196";7
"2197";6
"2198";0
"2199";5
"2200";5
"2201";7
"2202";7
"2203";7
"2204";4
"2205";4
"2206";11
"2207";5
"2208";5
"2209";5
"2210";11
"2211";5
"2212";0
"2213";1
"2214";10
"2215";10
"2216";1
"2217";10
"2218";7
"2219";4
"2220";0
"2221";10
"2222";10
"2223";10
"2224";0
"2225";1
"2226";1
"2227";1
"2228";1
"2229";1
"2230";0
"2231";10
"2232";10
"2233";10
"2234";7
"2235";6
"2236";10
"2237";1
"2238";1
"2239";10
"2240";10
"2241";1
"2242";1
"2243";1
"2244";5
"2245";1
"2246";1
"2247";1
"2248";0
"2249";5
"2250";10
"2251";5
"2252";4
"2253";1
"2254";7
"2255";10
"2256";11
"2257";5
"2258";10
"2259";5
"2260";5
"2261";1
"2262";1
"2263";1
"2264";1
"2265";0
"2266";10
"2267";0
"2268";10
"2269";10
"2270";1
"2271";1
"2272";1
"2273";1
"2274";1
"2275";1
"2276";1
"2277";1
"2278";1
"2279";0
"2280";10
"2281";10
"2282";10
"2283";10
"2284";11
"2285";3
"2286";3
"2287";4
"2288";5
"2289";11
"2290";7
"2291";7
"2292";0
"2293";7
"2294";11
"2295";10
"2296";7
"2297";10
"2298";5
"2299";11
"2300";9
"2301";0
"2302";10
"2303";0
"2304";8
"2305";6
"2306";9
"2307";9
"2308";11
"2309";7
"2310";6
"2311";7
"2312";7
"2313";11
"2314";5
"2315";5
"2316";5
"2317";11
"2318";1
"2319";8
"2320";11
"2321";4
"2322";4
"2323";5
"2324";11
"2325";7
"2326";4
"2327";7
"2328";7
"2329";9
"2330";7
"2331";9
"2332";11
"2333";6
"2334";4
"2335";7
"2336";7
"2337";11
"2338";3
"2339";5
"2340";2
"2341";7
"2342";5
"2343";3
"2344";9
"2345";8
"2346";9
"2347";11
"2348";1
"2349";7
"2350";5
"2351";11
"2352";4
"2353";3
"2354";4
"2355";6
"2356";7
"2357";7
"2358";4
"2359";7
"2360";3
"2361";5
"2362";1
"2363";2
"2364";2
"2365";2
"2366";2
"2367";11
"2368";0
"2369";6
"2370";5
"2371";0
"2372";9
"2373";9
"2374";7
"2375";11
"2376";8
"2377";8
"2378";8
"2379";11
"2380";1
"2381";10
"2382";5
"2383";1
"2384";0
"2385";5
"2386";5
"2387";5
"2388";11
"2389";8
"2390";8
"2391";8
"2392";8
"2393";11
"2394";5
"2395";5
"2396";5
"2397";5
"2398";11
"2399";0
"2400";6
"2401";4
"2402";5
"2403";10
"2404";0
"2405";7
"2406";10
"2407";3
"2408";10
"2409";11
"2410";2
"2411";3
"2412";5
"2413";3
"2414";1
"2415";4
"2416";4
"2417";4
"2418";8
"2419";11
"2420";1
"2421";1
"2422";1
"2423";1
"2424";0
"2425";7
"2426";7
"2427";7
"2428";11
"2429";2
"2430";2
"2431";5
"2432";4
"2433";5
"2434";10
"2435";5
"2436";5
"2437";2
"2438";2
"2439";5
"2440";2
"2441";11
"2442";1
"2443";1
"2444";10
"2445";10
"2446";1
"2447";5
"2448";5
"2449";5
"2450";8
"2451";10
"2452";7
"2453";9
"2454";11
"2455";8
"2456";11
"2457";7
"2458";4
"2459";5
"2460";7
"2461";0
"2462";10
"2463";0
"2464";4
"2465";7
"2466";7
"2467";7
"2468";11
"2469";1
"2470";1
"2471";4
"2472";1
"2473";0
"2474";1
"2475";0
"2476";6
"2477";7
"2478";5
"2479";5
"2480";5
"2481";11
"2482";3
"2483";7
"2484";7
"2485";11
"2486";6
"2487";7
"2488";6
"2489";6
"2490";11
"2491";5
"2492";5
"2493";5
"2494";5
"2495";5
"2496";4
"2497";4
"2498";4
"2499";4
"2500";11
"2501";10
"2502";6
"2503";5
"2504";9
"2505";8
"2506";3
"2507";3
"2508";8
"2509";11
"2510";2
"2511";7
"2512";4
"2513";4
"2514";1
"2515";1
"2516";1
"2517";1
"2518";1
"2519";11
"2520";6
"2521";6
"2522";6
"2523";10
"2524";10
"2525";11
"2526";4
"2527";4
"2528";4
"2529";4
"2530";11
"2531";0
"2532";0
"2533";0
"2534";0
"2535";0
"2536";10
"2537";4
"2538";5
"2539";7
"2540";11
"2541";8
"2542";8
"2543";8
"2544";8
"2545";5
"2546";11
"2547";8
"2548";8
"2549";8
"2550";8
"2551";9
"2552";7
"2553";6
"2554";6
"2555";11
"2556";8
"2557";8
"2558";8
"2559";8
"2560";8
"2561";0
"2562";0
"2563";8
"2564";9
"2565";0
"2566";10
"2567";10
"2568";6
"2569";10
"2570";10
"2571";0
"2572";7
"2573";7
"2574";7
"2575";5
"2576";4
"2577";11
"2578";8
"2579";8
"2580";8
"2581";8
"2582";8
"2583";8
"2584";8
"2585";8
"2586";8
"2587";10
"2588";8
"2589";4
"2590";5
"2591";4
"2592";11
"2593";9
"2594";9
"2595";9
"2596";9
"2597";9
"2598";9
"2599";11
"2600";1
"2601";1
"2602";0
"2603";10
"2604";10
"2605";1
"2606";3
"2607";3
"2608";3
"2609";3
"2610";0
"2611";10
"2612";11
"2613";2
"2614";10
"2615";10
"2616";2
"2617";8
"2618";5
"2619";8
"2620";11
"2621";1
"2622";8
"2623";8
"2624";8
"2625";8
"2626";1
"2627";8
"2628";8
"2629";8
"2630";6
"2631";0
"2632";7
"2633";5
"2634";7
"2635";5
"2636";7
"2637";11
"2638";7
"2639";7
"2640";7
"2641";11
"2642";2
"2643";10
"2644";10
"2645";0
"2646";0
"2647";7
"2648";2
"2649";7
"2650";9
"2651";5
"2652";5
"2653";5
"2654";6
"2655";5
"2656";0
"2657";0
"2658";0
"2659";1
"2660";4
"2661";0
"2662";2
"2663";7
"2664";2
"2665";10
"2666";6
"2667";11
"2668";8
"2669";5
"2670";7
"2671";4
"2672";11
"2673";3
"2674";9
"2675";9
"2676";11
"2677";10
"2678";10
"2679";5
"2680";5
"2681";5
"2682";6
"2683";5
"2684";10
"2685";6
"2686";7
"2687";11
"2688";3
"2689";3
"2690";3
"2691";9
"2692";6
"2693";6
"2694";9
"2695";11
"2696";7
"2697";0
"2698";2
"2699";3
"2700";3
"2701";11
"2702";6
"2703";6
"2704";6
"2705";11
"2706";4
"2707";7
"2708";4
"2709";5
"2710";11
"2711";10
"2712";10
"2713";5
"2714";10
"2715";10
"2716";6
"2717";6
"2718";7
"2719";7
"2720";0
"2721";8
"2722";8
"2723";4
"2724";0
"2725";8
"2726";0
"2727";10
"2728";8
"2729";8
"2730";0
"2731";8
"2732";11
"2733";1
"2734";1
"2735";1
"2736";1
"2737";5
"2738";0
"2739";7
"2740";7
"2741";3
"2742";7
"2743";11
"2744";0
"2745";7
"2746";0
"2747";9
"2748";3
"2749";3
"2750";3
"2751";11
"2752";1
"2753";0
"2754";0
"2755";0
"2756";11
"2757";0
"2758";7
"2759";7
"2760";11
"2761";10
"2762";10
"2763";10
"2764";10
"2765";2
"2766";2
"2767";7
"2768";1
"2769";1
"2770";8
"2771";8
"2772";8
"2773";8
"2774";8
"2775";2
"2776";2
"2777";2
"2778";7
"2779";11
"2780";5
"2781";9
"2782";6
"2783";5
"2784";11
"2785";7
"2786";6
"2787";7
"2788";7
"2789";3
"2790";7
"2791";10
"2792";11
"2793";4
"2794";4
"2795";5
"2796";5
"2797";3
"2798";3
"2799";3
"2800";8
"2801";9
"2802";8
"2803";7
"2804";7
"2805";11
"2806";7
"2807";6
"2808";4
"2809";7
"2810";6
"2811";6
"2812";6
"2813";11
"2814";10
"2815";4
"2816";10
"2817";4
"2818";1
"2819";1
"2820";3
"2821";3
"2822";8
"2823";11
"2824";1
"2825";4
"2826";1
"2827";1
"2828";1
"2829";0
"2830";3
"2831";3
"2832";3
"2833";8
"2834";11
"2835";1
"2836";0
"2837";0
"2838";8
"2839";4
"2840";8
"2841";11
"2842";7
"2843";7
"2844";7
"2845";7
"2846";11
"2847";1
"2848";1
"2849";3
"2850";1
"2851";1
"2852";1
"2853";0
"2854";1
"2855";0
"2856";9
"2857";7
"2858";7
"2859";7
"2860";11
"2861";10
"2862";10
"2863";10
"2864";10
"2865";2
"2866";6
"2867";4
"2868";5
"2869";11
"2870";10
"2871";10
"2872";10
"2873";1
"2874";6
"2875";6
"2876";6
"2877";4
"2878";6
"2879";1
"2880";1
"2881";1
"2882";1
"2883";7
"2884";7
"2885";8
"2886";5
"2887";7
"2888";11
"2889";9
"2890";8
"2891";8
"2892";0
"2893";7
"2894";6
"2895";7
"2896";8
"2897";11
"2898";1
"2899";1
"2900";2
"2901";10
"2902";1
"2903";1
"2904";1
"2905";0
"2906";4
"2907";4
"2908";4
"2909";11
"2910";2
"2911";6
"2912";7
"2913";11
"2914";7
"2915";7
"2916";6
"2917";9
"2918";11
"2919";4
"2920";4
"2921";4
"2922";4
"2923";3
"2924";3
"2925";3
"2926";8
"2927";11
"2928";0
"2929";7
"2930";9
"2931";6
"2932";6
"2933";6
"2934";3
"2935";3
"2936";3
"2937";8
"2938";11
"2939";1
"2940";1
"2941";1
"2942";11
"2943";6
"2944";7
"2945";5
"2946";7
"2947";7
"2948";7
"2949";11
"2950";5
"2951";5
"2952";5
"2953";5
"2954";11
"2955";6
"2956";6
"2957";6
"2958";11
"2959";6
"2960";9
"2961";8
"2962";6
"2963";11
"2964";0
"2965";2
"2966";0
"2967";0
"2968";5
"2969";9
"2970";8
"2971";5
"2972";9
"2973";11
"2974";3
"2975";3
"2976";2
"2977";3
"2978";11
"2979";10
"2980";10
"2981";4
"2982";10
"2983";2
"2984";6
"2985";7
"2986";0
"2987";0
"2988";8
"2989";3
"2990";3
"2991";7
"2992";5
"2993";7
"2994";11
"2995";0
"2996";10
"2997";2
"2998";6
"2999";6
"3000";6
"3001";7
"3002";8
"3003";10
"3004";10
"3005";10
"3006";10
"3007";10
"3008";7
"3009";10
"3010";7
"3011";6
"3012";11
"3013";5
"3014";5
"3015";3
"3016";5
"3017";5
"3018";5
"3019";5
"3020";5
"3021";4
"3022";0
"3023";3
"3024";9
"3025";9
"3026";9
"3027";11
"3028";5
"3029";4
"3030";11
"3031";10
"3032";10
"3033";10
"3034";10
"3035";11
"3036";9
"3037";8
"3038";9
"3039";11
"3040";3
"3041";5
"3042";10
"3043";0
"3044";10
"3045";4
"3046";10
"3047";11
"3048";5
"3049";10
"3050";5
"3051";10
"3052";11
"3053";7
"3054";10
"3055";5
"3056";5
"3057";11
"3058";10
"3059";10
"3060";10
"3061";4
"3062";11
"3063";6
"3064";6
"3065";9
"3066";6
"3067";6
"3068";3
"3069";3
"3070";3
"3071";3
"3072";3
"3073";3
"3074";3
"3075";7
"3076";1
"3077";0
"3078";0
"3079";0
"3080";0
"3081";1
"3082";1
"3083";0
"3084";0
"3085";9
"3086";9
"3087";9
"3088";9
"3089";11
"3090";2
"3091";7
"3092";2
"3093";2
"3094";11
"3095";2
"3096";2
"3097";10
"3098";8
"3099";11
"3100";8
"3101";8
"3102";8
"3103";11
"3104";7
"3105";6
"3106";7
"3107";11
"3108";7
"3109";7
"3110";7
"3111";11
"3112";5
"3113";5
"3114";5
"3115";10
"3116";10
"3117";6
"3118";10
"3119";10
"3120";10
"3121";8
"3122";5
"3123";10
"3124";5
"3125";1
"3126";1
"3127";7
"3128";1
"3129";1
"3130";10
"3131";0
"3132";1
"3133";1
"3134";7
"3135";0
"3136";0
"3137";11
"3138";6
"3139";6
"3140";7
"3141";7
"3142";9
"3143";9
"3144";9
"3145";9
"3146";9
"3147";0
"3148";5
"3149";5
"3150";5
"3151";0
"3152";0
"3153";0
"3154";11
"3155";5
"3156";7
"3157";7
"3158";11
"3159";8
"3160";8
"3161";8
"3162";8
"3163";7
"3164";7
"3165";6
"3166";6
"3167";5
"3168";5
"3169";4
"3170";5
"3171";11
"3172";0
"3173";9
"3174";3
"3175";0
"3176";11
"3177";3
"3178";3
"3179";5
"3180";9
"3181";2
"3182";7
"3183";11
"3184";3
"3185";5
"3186";3
"3187";3
"3188";3
"3189";3
"3190";3
"3191";8
"3192";1
"3193";1
"3194";1
"3195";1
"3196";1
"3197";1
"3198";1
"3199";1
"3200";9
"3201";1
"3202";0
"3203";3
"3204";3
"3205";3
"3206";3
"3207";3
"3208";3
"3209";3
"3210";8
"3211";10
"3212";8
"3213";8
"3214";9
"3215";7
"3216";8
"3217";9
"3218";8
"3219";9
"3220";11
"3221";5
"3222";7
"3223";7
"3224";5
"3225";4
"3226";10
"3227";2
"3228";4
"3229";4
"3230";4
"3231";5
"3232";4
"3233";11
"3234";4
"3235";5
"3236";6
"3237";4
"3238";3
"3239";3
"3240";3
"3241";3
"3242";0
"3243";8
"3244";10
"3245";0
"3246";8
"3247";11
"3248";1
"3249";1
"3250";10
"3251";1
"3252";8
"3253";10
"3254";10
"3255";1
"3256";1
"3257";0
"3258";6
"3259";6
"3260";6
"3261";6
"3262";11
"3263";0
"3264";0
"3265";0
"3266";0
"3267";10
"3268";0
"3269";10
"3270";10
"3271";10
"3272";10
"3273";2
"3274";9
"3275";5
"3276";8
"3277";5
"3278";3
"3279";3
"3280";3
"3281";8
"3282";3
"3283";11
"3284";6
"3285";4
"3286";5
"3287";6
"3288";11
"3289";6
"3290";5
"3291";6
"3292";7
"3293";11
"3294";9
"3295";8
"3296";0
"3297";7
"3298";9
"3299";11
"3300";10
"3301";3
"3302";7
"3303";5
"3304";5
"3305";7
"3306";1
"3307";9
"3308";9
"3309";8
"3310";8
"3311";11
"3312";3
"3313";7
"3314";8
"3315";7
"3316";5
"3317";3
"3318";2
"3319";7
"3320";11
"3321";2
"3322";3
"3323";2
"3324";2
"3325";2
"3326";4
"3327";5
"3328";4
"3329";11
"3330";3
"3331";9
"3332";0
"3333";4
"3334";3
"3335";11
"3336";2
"3337";2
"3338";2
"3339";2
"3340";9
"3341";9
"3342";9
"3343";9
"3344";9
"3345";9
"3346";8
"3347";2
"3348";2
"3349";0
"3350";3
"3351";3
"3352";3
"3353";4
"3354";11
"3355";4
"3356";0
"3357";4
"3358";5
"3359";11
"3360";4
"3361";4
"3362";5
"3363";5
"3364";11
"3365";9
"3366";3
"3367";8
"3368";3
"3369";7
"3370";11
"3371";7
"3372";0
"3373";1
"3374";1
"3375";1
"3376";0
"3377";9
"3378";8
"3379";9
"3380";8
"3381";11
"3382";6
"3383";6
"3384";7
"3385";7
"3386";11
"3387";0
"3388";8
"3389";0
"3390";8
"3391";3
"3392";4
"3393";1
"3394";1
"3395";1
"3396";1
"3397";7
"3398";1
"3399";1
"3400";1
"3401";0
"3402";4
"3403";5
"3404";4
"3405";5
"3406";8
"3407";1
"3408";8
"3409";8
"3410";8
"3411";2
"3412";5
"3413";5
"3414";4
"3415";6
"3416";9
"3417";6
"3418";9
"3419";7
"3420";11
"3421";8
"3422";7
"3423";6
"3424";8
"3425";11
"3426";2
"3427";11
"3428";5
"3429";5
"3430";5
"3431";5
"3432";5
"3433";11
"3434";1
"3435";1
"3436";1
"3437";1
"3438";1
"3439";0
"3440";1
"3441";7
"3442";2
"3443";7
"3444";6
"3445";5
"3446";6
"3447";6
"3448";6
"3449";0
"3450";7
"3451";4
"3452";7
"3453";7
"3454";11
"3455";7
"3456";7
"3457";7
"3458";2
"3459";4
"3460";2
"3461";2
"3462";2
"3463";1
"3464";4
"3465";5
"3466";10
"3467";1
"3468";8
"3469";0
"3470";7
"3471";2
"3472";7
"3473";7
"3474";1
"3475";1
"3476";10
"3477";1
"3478";3
"3479";7
"3480";5
"3481";7
"3482";4
"3483";11
"3484";0
"3485";0
"3486";8
"3487";8
"3488";9
"3489";7
"3490";8
"3491";11
"3492";1
"3493";1
"3494";8
"3495";1
"3496";1
"3497";0
"3498";5
"3499";7
"3500";3
"3501";6
"3502";11
"3503";5
"3504";10
"3505";5
"3506";5
"3507";5
"3508";9
"3509";9
"3510";9
"3511";9
"3512";9
"3513";8
"3514";8
"3515";8
"3516";8
"3517";8
"3518";11
"3519";6
"3520";10
"3521";6
"3522";8
"3523";0
"3524";6
"3525";7
"3526";7
"3527";7
"3528";4
"3529";7
"3530";11
"3531";4
"3532";5
"3533";4
"3534";4
"3535";4
"3536";7
"3537";4
"3538";0
"3539";0
"3540";10
"3541";0
"3542";10
"3543";0
"3544";6
"3545";6
"3546";7
"3547";2
"3548";11
"3549";1
"3550";1
"3551";1
"3552";1
"3553";0
"3554";2
"3555";2
"3556";2
"3557";7
"3558";4
"3559";4
"3560";4
"3561";4
"3562";4
"3563";4
"3564";4
"3565";8
"3566";8
"3567";8
"3568";8
"3569";8
"3570";8
"3571";0
"3572";11
"3573";9
"3574";5
"3575";8
"3576";2
"3577";2
"3578";2
"3579";2
"3580";11
"3581";5
"3582";9
"3583";7
"3584";11
"3585";0
"3586";2
"3587";10
"3588";11
"3589";2
"3590";7
"3591";7
"3592";2
"3593";11
"3594";4
"3595";10
"3596";4
"3597";11
"3598";5
"3599";5
"3600";5
"3601";11
"3602";3
"3603";0
"3604";5
"3605";3
"3606";3
"3607";3
"3608";10
"3609";11
"3610";1
"3611";1
"3612";1
"3613";10
"3614";1
"3615";1
"3616";0
"3617";10
"3618";5
"3619";5
"3620";7
"3621";11
"3622";2
"3623";2
"3624";2
"3625";2
"3626";11
"3627";5
"3628";5
"3629";5
"3630";2
"3631";11
"3632";1
"3633";1
"3634";1
"3635";1
"3636";1
"3637";1
"3638";0
"3639";0
"3640";6
"3641";3
"3642";3
"3643";4
"3644";5
"3645";5
"3646";11
"3647";8
"3648";7
"3649";8
"3650";7
"3651";9
"3652";8
"3653";9
"3654";9
"3655";11
"3656";4
"3657";4
"3658";5
"3659";4
"3660";9
"3661";7
"3662";4
"3663";1
"3664";1
"3665";10
"3666";0
"3667";8
"3668";7
"3669";0
"3670";7
"3671";7
"3672";7
"3673";9
"3674";7
"3675";11
"3676";1
"3677";7
"3678";10
"3679";11
"3680";0
"3681";0
"3682";0
"3683";9
"3684";11
"3685";7
"3686";5
"3687";5
"3688";5
"3689";2
"3690";2
"3691";2
"3692";11
"3693";0
"3694";10
"3695";0
"3696";11
"3697";9
"3698";9
"3699";8
"3700";9
"3701";8
"3702";6
"3703";6
"3704";6
"3705";11
"3706";11
"3707";5
"3708";5
"3709";4
"3710";5
"3711";11
"3712";4
"3713";2
"3714";4
"3715";8
"3716";4
"3717";11
"3718";0
"3719";6
"3720";0
"3721";6
"3722";11
"3723";9
"3724";8
"3725";9
"3726";8
"3727";10
"3728";11
"3729";4
"3730";1
"3731";1
"3732";1
"3733";1
"3734";1
"3735";1
"3736";1
"3737";6
"3738";1
"3739";1
"3740";3
"3741";3
"3742";3
"3743";3
"3744";11
"3745";7
"3746";7
"3747";5
"3748";6
"3749";7
"3750";7
"3751";7
"3752";11
"3753";1
"3754";1
"3755";9
"3756";1
"3757";2
"3758";1
"3759";0
"3760";2
"3761";5
"3762";5
"3763";5
"3764";9
"3765";9
"3766";9
"3767";9
"3768";5
"3769";3
"3770";10
"3771";2
"3772";10
"3773";1
"3774";6
"3775";11
"3776";5
"3777";7
"3778";0
"3779";5
"3780";11
"3781";5
"3782";11
"3783";9
"3784";1
"3785";9
"3786";9
"3787";9
"3788";9
"3789";3
"3790";3
"3791";3
"3792";3
"3793";3
"3794";3
"3795";3
"3796";11
"3797";8
"3798";8
"3799";8
"3800";8
"3801";9
"3802";8
"3803";8
"3804";9
"3805";9
"3806";7
"3807";9
"3808";9
"3809";8
"3810";10
"3811";5
"3812";10
"3813";10
"3814";10
"3815";11
"3816";1
"3817";1
"3818";5
"3819";10
"3820";7
"3821";1
"3822";0
"3823";6
"3824";5
"3825";6
"3826";11
"3827";0
"3828";0
"3829";0
"3830";10
"3831";0
"3832";8
"3833";6
"3834";10
"3835";7
"3836";11
"3837";3
"3838";8
"3839";8
"3840";8
"3841";3
"3842";3
"3843";11
"3844";0
"3845";0
"3846";0
"3847";5
"3848";0
"3849";11
"3850";2
"3851";2
"3852";5
"3853";2
"3854";6
"3855";2
"3856";4
"3857";11
"3858";7
"3859";7
"3860";6
"3861";0
"3862";10
"3863";11
"3864";5
"3865";5
"3866";5
"3867";5
"3868";7
"3869";11
"3870";4
"3871";7
"3872";4
"3873";7
"3874";11
"3875";7
"3876";2
"3877";9
"3878";8
"3879";8
"3880";6
"3881";3
"3882";3
"3883";3
"3884";3
"3885";3
"3886";8
"3887";3
"3888";3
"3889";3
"3890";1
"3891";7
"3892";1
"3893";1
"3894";1
"3895";1
"3896";1
"3897";1
"3898";1
"3899";11
"3900";7
"3901";0
"3902";0
"3903";10
"3904";10
"3905";0
"3906";11
"3907";8
"3908";8
"3909";8
"3910";8
"3911";11
"3912";9
"3913";7
"3914";5
"3915";5
"3916";7
"3917";3
"3918";8
"3919";7
"3920";7
"3921";7
"3922";0
"3923";7
"3924";2
"3925";0
"3926";8
"3927";0
"3928";8
"3929";10
"3930";10
"3931";11
"3932";2
"3933";2
"3934";2
"3935";2
"3936";7
"3937";0
"3938";0
"3939";0
"3940";4
"3941";0
"3942";0
"3943";0
"3944";0
"3945";7
"3946";8
"3947";8
"3948";7
"3949";7
"3950";11
"3951";9
"3952";7
"3953";9
"3954";9
"3955";8
"3956";9
"3957";11
"3958";9
"3959";9
"3960";9
"3961";11
"3962";5
"3963";10
"3964";0
"3965";11
"3966";1
"3967";1
"3968";0
"3969";0
"3970";7
"3971";7
"3972";9
"3973";7
"3974";1
"3975";0
"3976";5
"3977";11
"3978";1
"3979";7
"3980";10
"3981";7
"3982";7
"3983";6
"3984";6
"3985";6
"3986";11
"3987";1
"3988";1
"3989";1
"3990";1
"3991";11
"3992";9
"3993";9
"3994";9
"3995";9
"3996";11
"3997";3
"3998";11
"3999";5
"4000";6
"4001";5
"4002";11
"4003";10
"4004";5
"4005";5
"4006";5
"4007";10
"4008";5
"4009";5
"4010";5
"4011";5
"4012";11
"4013";10
"4014";6
"4015";5
"4016";7
"4017";1
"4018";2
"4019";2
"4020";2
"4021";11
"4022";4
"4023";4
"4024";4
"4025";4
"4026";11
"4027";9
"4028";10
"4029";10
"4030";10
"4031";3
"4032";5
"4033";3
"4034";3
"4035";11
"4036";10
"4037";10
"4038";5
"4039";2
"4040";11
"4041";0
"4042";0
"4043";10
"4044";10
"4045";5
"4046";5
"4047";5
"4048";4
"4049";11
"4050";10
"4051";8
"4052";1
"4053";10
"4054";11
"4055";0
"4056";10
"4057";0
"4058";10
"4059";11
"4060";1
"4061";4
"4062";4
"4063";4
"4064";7
"4065";4
"4066";8
"4067";6
"4068";9
"4069";11
"4070";9
"4071";8
"4072";8
"4073";11
"4074";8
"4075";7
"4076";5
"4077";5
"4078";5
"4079";1
"4080";1
"4081";1
"4082";1
"4083";9
"4084";1
"4085";1
"4086";1
"4087";1
"4088";7
"4089";5
"4090";7
"4091";11
"4092";3
"4093";2
"4094";8
"4095";3
"4096";3
"4097";11
"4098";5
"4099";5
"4100";9
"4101";11
"4102";10
"4103";10
"4104";10
"4105";11
"4106";0
"4107";0
"4108";8
"4109";0
"4110";0
"4111";1
"4112";10
"4113";7
"4114";4
"4115";4
"4116";11
"4117";3
"4118";7
"4119";7
"4120";11
"4121";0
"4122";0
"4123";0
"4124";11
"4125";0
"4126";7
"4127";0
"4128";0
"4129";5
"4130";5
"4131";5
"4132";5
"4133";3
"4134";3
"4135";11
"4136";3
"4137";11
"4138";6
"4139";6
"4140";6
"4141";5
"4142";5
"4143";3
"4144";11
"4145";5
"4146";5
"4147";5
"4148";10
"4149";5
"4150";10
"4151";10
"4152";5
"4153";9
"4154";8
"4155";8
"4156";11
"4157";10
"4158";10
"4159";10
"4160";7
"4161";4
"4162";6
"4163";7
"4164";11
"4165";4
"4166";2
"4167";4
"4168";4
"4169";11
"4170";3
"4171";3
"4172";3
"4173";9
"4174";7
"4175";7
"4176";7
"4177";0
"4178";11
"4179";0
"4180";10
"4181";0
"4182";10
"4183";11
"4184";1
"4185";1
"4186";1
"4187";1
"4188";1
"4189";1
"4190";1
"4191";1
"4192";10
"4193";0
"4194";10
"4195";0
"4196";7
"4197";0
"4198";0
"4199";10
"4200";10
"4201";5
"4202";0
"4203";10
"4204";10
"4205";11
"4206";1
"4207";10
"4208";3
"4209";10
"4210";11
"4211";5
"4212";5
"4213";7
"4214";8
"4215";11
"4216";4
"4217";4
"4218";4
"4219";7
"4220";4
"4221";11
"4222";5
"4223";5
"4224";5
"4225";5
"4226";5
"4227";11
"4228";3
"4229";3
"4230";3
"4231";11
"4232";5
"4233";5
"4234";11
"4235";2
"4236";1
"4237";1
"4238";1
"4239";1
"4240";1
"4241";1
"4242";1
"4243";0
"4244";2
"4245";5
"4246";5
"4247";11
"4248";3
"4249";5
"4250";0
"4251";8
"4252";8
"4253";8
"4254";2
"4255";2
"4256";11
"4257";5
"4258";5
"4259";11
"4260";7
"4261";7
"4262";6
"4263";0
"4264";8
"4265";0
"4266";11
"4267";5
"4268";7
"4269";3
"4270";3
"4271";11
"4272";1
"4273";1
"4274";1
"4275";1
"4276";1
"4277";1
"4278";1
"4279";0
"4280";8
"4281";11
"4282";6
"4283";7
"4284";6
"4285";6
"4286";11
"4287";6
"4288";6
"4289";6
"4290";6
"4291";0
"4292";7
"4293";5
"4294";10
"4295";11
"4296";10
"4297";10
"4298";6
"4299";10
"4300";7
"4301";10
"4302";5
"4303";5
"4304";1
"4305";3
"4306";3
"4307";8
"4308";3
"4309";10
"4310";10
"4311";10
"4312";1
"4313";1
"4314";1
"4315";10
"4316";1
"4317";6
"4318";10
"4319";10
"4320";10
"4321";10
"4322";7
"4323";7
"4324";8
"4325";6
"4326";6
"4327";11
"4328";0
"4329";0
"4330";10
"4331";7
"4332";11
"4333";5
"4334";4
"4335";5
"4336";5
"4337";7
"4338";3
"4339";3
"4340";3
"4341";11
"4342";3
"4343";9
"4344";9
"4345";9
"4346";11
"4347";3
"4348";8
"4349";3
"4350";1
"4351";10
"4352";10
"4353";1
"4354";7
"4355";8
"4356";0
"4357";5
"4358";3
"4359";1
"4360";4
"4361";11
"4362";11
"4363";6
"4364";6
"4365";7
"4366";10
"4367";6
"4368";3
"4369";2
"4370";5
"4371";5
"4372";5
"4373";3
"4374";10
"4375";0
"4376";11
"4377";5
"4378";5
"4379";10
"4380";0
"4381";5
"4382";4
"4383";5
"4384";4
"4385";11
"4386";11
"4387";8
"4388";11
"4389";10
"4390";10
"4391";5
"4392";5
"4393";11
"4394";8
"4395";5
"4396";3
"4397";3
"4398";11
"4399";10
"4400";10
"4401";2
"4402";4
"4403";5
