"";"";"";"";"*postReposts_816";""
"1";"*postReposts_816";"2.16314557494152";"-4.54456605805355";"1.89862813400421";"16"
"2";"*a_0983";"2.16314557494152";"-4.54456605805355";"1.89862813400421";"18"
"3";"*postDate_7-12-2025";"2.16314557494152";"-4.54456605805355";"1.89862813400421";"19"
"4";"*postDate_1-12-2025";"2.16314557494152";"-4.54456605805355";"1.89862813400421";"21"
"5";"*a_0922";"2.16314557494152";"-4.54456605805355";"1.89862813400421";"22"
"6";"*postLikes_8200";"2.16314557494152";"-4.54456605805355";"1.89862813400421";"23"
"7";"*postComments_93";"2.16314557494152";"-4.54456605805355";"1.89862813400421";"24"
"8";"*postReposts_250";"2.16314557494152";"-4.54456605805355";"1.89862813400421";"25"
"9";"*a_0908";"2.16314557494152";"-4.54456605805355";"1.89862813400421";"27"
"10";"*postLikes_14100";"2.16314557494152";"-4.54456605805355";"1.89862813400421";"28"
"11";"*postReposts_135";"2.16314557494152";"-4.54456605805355";"1.89862813400421";"29"
"12";"*postDate_11-8-2025";"2.16314557494152";"-4.54456605805355";"1.89862813400421";"30"
"13";"*postDate_30-7-2025";"2.16314557494152";"-4.54456605805355";"1.89862813400421";"32"
"14";"*a_0897";"2.16314557494152";"-4.54456605805355";"1.89862813400421";"33"
"15";"*postLikes_48900";"2.16314557494152";"-4.54456605805355";"1.89862813400421";"34"
"16";"*postComments_618";"2.16314557494152";"-4.54456605805355";"1.89862813400421";"35"
"17";"*postReposts_307";"2.16314557494152";"-4.54456605805355";"1.89862813400421";"36"
"18";"*postDate_25-7-2025";"2.16314557494152";"-4.54456605805355";"1.89862813400421";"37"
"19";"*postLikes_7700";"2.16314557494152";"-4.54456605805355";"1.89862813400421";"38"
"20";"*a_0893";"2.16314557494152";"-4.54456605805355";"1.89862813400421";"39"
"21";"*postDate_18-7-2025";"2.16314557494152";"-4.54456605805355";"1.89862813400421";"40"
"22";"*postComments_2200";"2.16314557494152";"-4.54456605805355";"1.89862813400421";"41"
"23";"*a_0879";"2.16314557494152";"-4.54456605805355";"1.89862813400421";"42"
"24";"*postDate_25-6-2025";"2.16314557494152";"-4.54456605805355";"1.89862813400421";"43"
"25";"*a_0846";"2.16314557494152";"-4.54456605805355";"1.89862813400421";"44"
"26";"*postLikes_97300";"2.16314557494152";"-4.54456605805355";"1.89862813400421";"45"
"27";"*postComments_282";"2.16314557494152";"-4.54456605805355";"1.89862813400421";"46"
"28";"*postReposts_451";"2.16314557494152";"-4.54456605805355";"1.89862813400421";"47"
"29";"*postDate_4-5-2025";"2.16314557494152";"-4.54456605805355";"1.89862813400421";"48"
"30";"*postLikes_494";"2.16314557494152";"-4.54456605805355";"1.89862813400421";"49"
"31";"*a_0825";"2.16314557494152";"-4.54456605805355";"1.89862813400421";"50"
"32";"*postLikes_39800";"2.16314557494152";"-4.54456605805355";"1.89862813400421";"51"
"33";"*postComments_884";"2.16314557494152";"-4.54456605805355";"1.89862813400421";"52"
"34";"*postReposts_64";"2.16314557494152";"-4.54456605805355";"1.89862813400421";"53"
"35";"*postDate_30-3-2025";"2.16314557494152";"-4.54456605805355";"1.89862813400421";"54"
"36";"*a_0803";"2.16314557494152";"-4.54456605805355";"1.89862813400421";"55"
"37";"*postDate_21-2-2025";"2.16314557494152";"-4.54456605805355";"1.89862813400421";"56"
"38";"*a_0784";"2.16314557494152";"-4.54456605805355";"1.89862813400421";"57"
"39";"*postLikes_17900";"2.16314557494152";"-4.54456605805355";"1.89862813400421";"58"
"40";"*postComments_130";"2.16314557494152";"-4.54456605805355";"1.89862813400421";"59"
"41";"*postDate_20-1-2025";"2.16314557494152";"-4.54456605805355";"1.89862813400421";"60"
"42";"*a_0769";"2.16314557494152";"-4.54456605805355";"1.89862813400421";"61"
"43";"*postLikes_15800";"2.16314557494152";"-4.54456605805355";"1.89862813400421";"62"
"44";"*postComments_167";"2.16314557494152";"-4.54456605805355";"1.89862813400421";"63"
"45";"*postDate_27-12-2024";"2.16314557494152";"-4.54456605805355";"1.89862813400421";"64"
"46";"*a_0768";"2.16314557494152";"-4.54456605805355";"1.89862813400421";"65"
"47";"*postComments_143";"2.16314557494152";"-4.54456605805355";"1.89862813400421";"66"
"48";"*postDate_25-12-2024";"2.16314557494152";"-4.54456605805355";"1.89862813400421";"67"
"49";"*a_0764";"2.16314557494152";"-4.54456605805355";"1.89862813400421";"68"
"50";"*postLikes_689";"2.16314557494152";"-4.54456605805355";"1.89862813400421";"69"
"51";"*postDate_19-12-2024";"2.16314557494152";"-4.54456605805355";"1.89862813400421";"70"
"52";"*a_0746";"2.16314557494152";"-4.54456605805355";"1.89862813400421";"71"
"53";"*postDate_18-11-2024";"2.16314557494152";"-4.54456605805355";"1.89862813400421";"72"
"54";"*a_0742";"2.16314557494152";"-4.54456605805355";"1.89862813400421";"73"
"55";"*postLikes_383";"2.16314557494152";"-4.54456605805355";"1.89862813400421";"74"
"56";"*postDate_11-11-2024";"2.16314557494152";"-4.54456605805355";"1.89862813400421";"75"
"57";"*a_0698";"2.16314557494152";"-4.54456605805355";"1.89862813400421";"76"
"58";"*postDate_1-9-2024";"2.16314557494152";"-4.54456605805355";"1.89862813400421";"77"
"59";"*a_0681";"2.16314557494152";"-4.54456605805355";"1.89862813400421";"78"
"60";"*postLikes_643";"2.16314557494152";"-4.54456605805355";"1.89862813400421";"79"
"61";"*postDate_5-8-2024";"2.16314557494152";"-4.54456605805355";"1.89862813400421";"80"
"62";"*a_0680";"2.16314557494152";"-4.54456605805355";"1.89862813400421";"81"
"63";"*postDate_4-8-2024";"2.16314557494152";"-4.54456605805355";"1.89862813400421";"82"
"64";"*a_0663";"2.16314557494152";"-4.54456605805355";"1.89862813400421";"83"
"65";"*postDate_5-7-2024";"2.16314557494152";"-4.54456605805355";"1.89862813400421";"84"
"66";"*a_0648";"2.16314557494152";"-4.54456605805355";"1.89862813400421";"85"
"67";"*postLikes_733";"2.16314557494152";"-4.54456605805355";"1.89862813400421";"86"
"68";"*postDate_10-6-2024";"2.16314557494152";"-4.54456605805355";"1.89862813400421";"87"
"69";"*a_0645";"2.16314557494152";"-4.54456605805355";"1.89862813400421";"88"
"70";"*postComments_117";"2.16314557494152";"-4.54456605805355";"1.89862813400421";"89"
"71";"*postDate_5-6-2024";"2.16314557494152";"-4.54456605805355";"1.89862813400421";"90"
"72";"*a_0597";"2.16314557494152";"-4.54456605805355";"1.89862813400421";"91"
"73";"*postLikes_977";"0.904767307104923";"-0.889062793166107";"1.88755859458995";"95"
"74";"*postDate_4-10-2024";"-2.51882496980377";"-0.672531864780117";"1.78622973379779";"100"
"75";"*a_0972";"0.349113697659349";"1.04066915917502";"1.6301208446222";"105"
"76";"*postLikes_22900";"0.349113697659349";"1.04066915917502";"1.6301208446222";"107"
"77";"*postComments_232";"0.349113697659349";"1.04066915917502";"1.6301208446222";"108"
"78";"*postReposts_1100";"0.349113697659349";"1.04066915917502";"1.6301208446222";"109"
"79";"*a_0936";"0.349113697659349";"1.04066915917502";"1.6301208446222";"111"
"80";"*postComments_124";"0.349113697659349";"1.04066915917502";"1.6301208446222";"112"
"81";"*postReposts_50";"0.349113697659349";"1.04066915917502";"1.6301208446222";"113"
"82";"*a_0918";"0.349113697659349";"1.04066915917502";"1.6301208446222";"114"
"83";"*postLikes_8700";"0.349113697659349";"1.04066915917502";"1.6301208446222";"115"
"84";"*postComments_138";"0.349113697659349";"1.04066915917502";"1.6301208446222";"116"
"85";"*postReposts_70";"0.349113697659349";"1.04066915917502";"1.6301208446222";"117"
"86";"*postDate_25-8-2025";"0.349113697659349";"1.04066915917502";"1.6301208446222";"118"
"87";"*a_0853";"0.349113697659349";"1.04066915917502";"1.6301208446222";"119"
"88";"*postDate_16-5-2025";"0.349113697659349";"1.04066915917502";"1.6301208446222";"120"
"89";"*a_0843";"0.349113697659349";"1.04066915917502";"1.6301208446222";"121"
"90";"*postLikes_8500";"0.349113697659349";"1.04066915917502";"1.6301208446222";"122"
"91";"*postComments_460";"0.349113697659349";"1.04066915917502";"1.6301208446222";"123"
"92";"*postDate_30-4-2025";"0.349113697659349";"1.04066915917502";"1.6301208446222";"124"
"93";"*a_0840";"0.349113697659349";"1.04066915917502";"1.6301208446222";"125"
"94";"*postLikes_15500";"0.349113697659349";"1.04066915917502";"1.6301208446222";"126"
"95";"*postComments_237";"0.349113697659349";"1.04066915917502";"1.6301208446222";"127"
"96";"*postDate_25-4-2025";"0.349113697659349";"1.04066915917502";"1.6301208446222";"128"
"97";"*a_0828";"0.349113697659349";"1.04066915917502";"1.6301208446222";"129"
"98";"*postDate_4-4-2025";"0.349113697659349";"1.04066915917502";"1.6301208446222";"130"
"99";"*a_0824";"0.349113697659349";"1.04066915917502";"1.6301208446222";"131"
"100";"*postLikes_660";"0.349113697659349";"1.04066915917502";"1.6301208446222";"132"
"101";"*postDate_28-3-2025";"0.349113697659349";"1.04066915917502";"1.6301208446222";"133"
"102";"*a_0818";"0.349113697659349";"1.04066915917502";"1.6301208446222";"134"
"103";"*postLikes_140600";"0.349113697659349";"1.04066915917502";"1.6301208446222";"135"
"104";"*postDate_17-3-2025";"0.349113697659349";"1.04066915917502";"1.6301208446222";"136"
"105";"*a_0813";"0.349113697659349";"1.04066915917502";"1.6301208446222";"137"
"106";"*postComments_127";"0.349113697659349";"1.04066915917502";"1.6301208446222";"138"
"107";"*postDate_8-3-2025";"0.349113697659349";"1.04066915917502";"1.6301208446222";"139"
"108";"*a_0810";"0.349113697659349";"1.04066915917502";"1.6301208446222";"140"
"109";"*postLikes_22200";"0.349113697659349";"1.04066915917502";"1.6301208446222";"141"
"110";"*postComments_544";"0.349113697659349";"1.04066915917502";"1.6301208446222";"142"
"111";"*postReposts_32";"0.349113697659349";"1.04066915917502";"1.6301208446222";"143"
"112";"*postDate_3-3-2025";"0.349113697659349";"1.04066915917502";"1.6301208446222";"144"
"113";"*a_0809";"0.349113697659349";"1.04066915917502";"1.6301208446222";"145"
"114";"*a_0793";"0.349113697659349";"1.04066915917502";"1.6301208446222";"146"
"115";"*postDate_5-2-2025";"0.349113697659349";"1.04066915917502";"1.6301208446222";"147"
"116";"*a_0787";"0.349113697659349";"1.04066915917502";"1.6301208446222";"148"
"117";"*postComments_126";"0.349113697659349";"1.04066915917502";"1.6301208446222";"149"
"118";"*postDate_26-1-2025";"0.349113697659349";"1.04066915917502";"1.6301208446222";"150"
"119";"*a_0766";"0.349113697659349";"1.04066915917502";"1.6301208446222";"151"
"120";"*postDate_22-12-2024";"0.349113697659349";"1.04066915917502";"1.6301208446222";"152"
"121";"*a_0753";"0.349113697659349";"1.04066915917502";"1.6301208446222";"153"
"122";"*postDate_1-12-2024";"0.349113697659349";"1.04066915917502";"1.6301208446222";"154"
"123";"*a_0734";"0.349113697659349";"1.04066915917502";"1.6301208446222";"155"
"124";"*postLikes_592";"0.349113697659349";"1.04066915917502";"1.6301208446222";"156"
"125";"*postDate_30-10-2024";"0.349113697659349";"1.04066915917502";"1.6301208446222";"157"
"126";"*a_0726";"0.349113697659349";"1.04066915917502";"1.6301208446222";"158"
"127";"*postDate_16-10-2024";"0.349113697659349";"1.04066915917502";"1.6301208446222";"159"
"128";"*postLikes_978";"0.349113697659349";"1.04066915917502";"1.6301208446222";"160"
"129";"*a_0683";"0.349113697659349";"1.04066915917502";"1.6301208446222";"161"
"130";"*postLikes_8300";"0.349113697659349";"1.04066915917502";"1.6301208446222";"162"
"131";"*postComments_68";"0.349113697659349";"1.04066915917502";"1.6301208446222";"163"
"132";"*postDate_8-8-2024";"0.349113697659349";"1.04066915917502";"1.6301208446222";"164"
"133";"*a_0655";"0.349113697659349";"1.04066915917502";"1.6301208446222";"165"
"134";"*postDate_21-6-2024";"0.349113697659349";"1.04066915917502";"1.6301208446222";"166"
"135";"*a_0653";"0.349113697659349";"1.04066915917502";"1.6301208446222";"167"
"136";"*postComments_71";"0.349113697659349";"1.04066915917502";"1.6301208446222";"168"
"137";"*postDate_17-6-2024";"0.349113697659349";"1.04066915917502";"1.6301208446222";"169"
"138";"*a_0651";"0.349113697659349";"1.04066915917502";"1.6301208446222";"170"
"139";"*postDate_14-6-2024";"0.349113697659349";"1.04066915917502";"1.6301208446222";"171"
"140";"*a_0638";"0.349113697659349";"1.04066915917502";"1.6301208446222";"172"
"141";"*postLikes_348";"0.349113697659349";"1.04066915917502";"1.6301208446222";"173"
"142";"*postDate_25-5-2024";"0.349113697659349";"1.04066915917502";"1.6301208446222";"174"
"143";"*a_0637";"0.349113697659349";"1.04066915917502";"1.6301208446222";"175"
"144";"*postLikes_18400";"0.349113697659349";"1.04066915917502";"1.6301208446222";"176"
"145";"*postComments_194";"0.349113697659349";"1.04066915917502";"1.6301208446222";"177"
"146";"*postDate_24-5-2024";"0.349113697659349";"1.04066915917502";"1.6301208446222";"178"
"147";"*a_0631";"0.349113697659349";"1.04066915917502";"1.6301208446222";"179"
"148";"*postLikes_862";"0.349113697659349";"1.04066915917502";"1.6301208446222";"180"
"149";"*postDate_13-5-2024";"0.349113697659349";"1.04066915917502";"1.6301208446222";"181"
"150";"*postComments_66";"0.0874527925020811";"0.951777306731044";"1.60410269642627";"184"
"151";"*a_0997";"0.781771443165854";"1.43395246227211";"1.50949124844106";"186"
"152";"*postDate_26-12-2025";"0.781771443165854";"1.43395246227211";"1.50949124844106";"187"
"153";"*a_0994";"0.781771443165854";"1.43395246227211";"1.50949124844106";"188"
"154";"*postReposts_40";"0.781771443165854";"1.43395246227211";"1.50949124844106";"189"
"155";"*postDate_21-12-2025";"0.781771443165854";"1.43395246227211";"1.50949124844106";"190"
"156";"*a_0992";"0.781771443165854";"1.43395246227211";"1.50949124844106";"191"
"157";"*a_0954";"0.781771443165854";"1.43395246227211";"1.50949124844106";"192"
"158";"*postDate_22-10-2025";"0.781771443165854";"1.43395246227211";"1.50949124844106";"193"
"159";"*a_0946";"0.781771443165854";"1.43395246227211";"1.50949124844106";"194"
"160";"*postDate_8-10-2025";"0.781771443165854";"1.43395246227211";"1.50949124844106";"195"
"161";"*a_0939";"0.781771443165854";"1.43395246227211";"1.50949124844106";"196"
"162";"*postLikes_964";"0.781771443165854";"1.43395246227211";"1.50949124844106";"197"
"163";"*postDate_28-9-2025";"0.781771443165854";"1.43395246227211";"1.50949124844106";"198"
"164";"*postLikes_563";"0.781771443165854";"1.43395246227211";"1.50949124844106";"199"
"165";"*postDate_3-9-2025";"0.781771443165854";"1.43395246227211";"1.50949124844106";"201"
"166";"*a_0912";"0.781771443165854";"1.43395246227211";"1.50949124844106";"202"
"167";"*postLikes_33400";"0.781771443165854";"1.43395246227211";"1.50949124844106";"203"
"168";"*postComments_216";"0.781771443165854";"1.43395246227211";"1.50949124844106";"204"
"169";"*postReposts_283";"0.781771443165854";"1.43395246227211";"1.50949124844106";"205"
"170";"*postDate_17-8-2025";"0.781771443165854";"1.43395246227211";"1.50949124844106";"206"
"171";"*a_0905";"0.781771443165854";"1.43395246227211";"1.50949124844106";"207"
"172";"*postLikes_553";"0.781771443165854";"1.43395246227211";"1.50949124844106";"208"
"173";"*postDate_6-8-2025";"0.781771443165854";"1.43395246227211";"1.50949124844106";"209"
"174";"*a_0888";"0.781771443165854";"1.43395246227211";"1.50949124844106";"210"
"175";"*postDate_10-7-2025";"0.781771443165854";"1.43395246227211";"1.50949124844106";"211"
"176";"*a_0881";"0.781771443165854";"1.43395246227211";"1.50949124844106";"212"
"177";"*postLikes_35100";"0.781771443165854";"1.43395246227211";"1.50949124844106";"213"
"178";"*postComments_448";"0.781771443165854";"1.43395246227211";"1.50949124844106";"214"
"179";"*postReposts_146";"0.781771443165854";"1.43395246227211";"1.50949124844106";"215"
"180";"*postDate_28-6-2025";"0.781771443165854";"1.43395246227211";"1.50949124844106";"216"
"181";"*a_0875";"0.781771443165854";"1.43395246227211";"1.50949124844106";"217"
"182";"*postDate_18-6-2025";"0.781771443165854";"1.43395246227211";"1.50949124844106";"218"
"183";"*a_0874";"0.781771443165854";"1.43395246227211";"1.50949124844106";"219"
"184";"*postDate_16-6-2025";"0.781771443165854";"1.43395246227211";"1.50949124844106";"220"
"185";"*a_0864";"0.781771443165854";"1.43395246227211";"1.50949124844106";"221"
"186";"*a_0861";"0.781771443165854";"1.43395246227211";"1.50949124844106";"222"
"187";"*a_0859";"0.781771443165854";"1.43395246227211";"1.50949124844106";"223"
"188";"*postComments_178";"0.781771443165854";"1.43395246227211";"1.50949124844106";"224"
"189";"*postDate_26-5-2025";"0.781771443165854";"1.43395246227211";"1.50949124844106";"225"
"190";"*a_0855";"0.781771443165854";"1.43395246227211";"1.50949124844106";"226"
"191";"*postLikes_35000";"0.781771443165854";"1.43395246227211";"1.50949124844106";"227"
"192";"*postComments_360";"0.781771443165854";"1.43395246227211";"1.50949124844106";"228"
"193";"*postReposts_98";"0.781771443165854";"1.43395246227211";"1.50949124844106";"229"
"194";"*postDate_19-5-2025";"0.781771443165854";"1.43395246227211";"1.50949124844106";"230"
"195";"*a_0841";"0.781771443165854";"1.43395246227211";"1.50949124844106";"231"
"196";"*postDate_27-4-2025";"0.781771443165854";"1.43395246227211";"1.50949124844106";"232"
"197";"*a_0839";"0.781771443165854";"1.43395246227211";"1.50949124844106";"233"
"198";"*postDate_23-4-2025";"0.781771443165854";"1.43395246227211";"1.50949124844106";"234"
"199";"*a_0835";"0.781771443165854";"1.43395246227211";"1.50949124844106";"235"
"200";"*postDate_16-4-2025";"0.781771443165854";"1.43395246227211";"1.50949124844106";"236"
"201";"*a_0831";"0.781771443165854";"1.43395246227211";"1.50949124844106";"237"
"202";"*postDate_9-4-2025";"0.781771443165854";"1.43395246227211";"1.50949124844106";"238"
"203";"*a_0817";"0.781771443165854";"1.43395246227211";"1.50949124844106";"239"
"204";"*postDate_16-3-2025";"0.781771443165854";"1.43395246227211";"1.50949124844106";"240"
"205";"*a_0807";"0.781771443165854";"1.43395246227211";"1.50949124844106";"241"
"206";"*postDate_28-2-2025";"0.781771443165854";"1.43395246227211";"1.50949124844106";"242"
"207";"*a_0800";"0.781771443165854";"1.43395246227211";"1.50949124844106";"243"
"208";"*postLikes_942";"0.781771443165854";"1.43395246227211";"1.50949124844106";"244"
"209";"*postDate_16-2-2025";"0.781771443165854";"1.43395246227211";"1.50949124844106";"245"
"210";"*a_0794";"0.781771443165854";"1.43395246227211";"1.50949124844106";"246"
"211";"*postComments_154";"0.781771443165854";"1.43395246227211";"1.50949124844106";"247"
"212";"*postDate_7-2-2025";"0.781771443165854";"1.43395246227211";"1.50949124844106";"248"
"213";"*a_0792";"0.781771443165854";"1.43395246227211";"1.50949124844106";"249"
"214";"*postDate_3-2-2025";"0.781771443165854";"1.43395246227211";"1.50949124844106";"250"
"215";"*a_0781";"0.781771443165854";"1.43395246227211";"1.50949124844106";"251"
"216";"*postDate_15-1-2025";"0.781771443165854";"1.43395246227211";"1.50949124844106";"252"
"217";"*a_0759";"0.781771443165854";"1.43395246227211";"1.50949124844106";"253"
"218";"*postComments_103";"0.781771443165854";"1.43395246227211";"1.50949124844106";"254"
"219";"*postDate_11-12-2024";"0.781771443165854";"1.43395246227211";"1.50949124844106";"255"
"220";"*a_0757";"0.781771443165854";"1.43395246227211";"1.50949124844106";"256"
"221";"*postDate_8-12-2024";"0.781771443165854";"1.43395246227211";"1.50949124844106";"257"
"222";"*a_0756";"0.781771443165854";"1.43395246227211";"1.50949124844106";"258"
"223";"*postDate_6-12-2024";"0.781771443165854";"1.43395246227211";"1.50949124844106";"259"
"224";"*a_0990";"0.594535877120377";"1.67967190373937";"1.50078699522642";"261"
"225";"*postLikes_71200";"0.594535877120377";"1.67967190373937";"1.50078699522642";"262"
"226";"*postComments_372";"0.594535877120377";"1.67967190373937";"1.50078699522642";"263"
"227";"*postReposts_1700";"0.594535877120377";"1.67967190373937";"1.50078699522642";"264"
"228";"*postDate_15-12-2025";"0.594535877120377";"1.67967190373937";"1.50078699522642";"265"
"229";"*postDate_28-11-2025";"0.594535877120377";"1.67967190373937";"1.50078699522642";"267"
"230";"*a_0969";"0.594535877120377";"1.67967190373937";"1.50078699522642";"268"
"231";"*postReposts_24";"0.594535877120377";"1.67967190373937";"1.50078699522642";"269"
"232";"*postDate_16-11-2025";"0.594535877120377";"1.67967190373937";"1.50078699522642";"270"
"233";"*a_0965";"0.594535877120377";"1.67967190373937";"1.50078699522642";"271"
"234";"*postLikes_34700";"0.594535877120377";"1.67967190373937";"1.50078699522642";"272"
"235";"*postComments_247";"0.594535877120377";"1.67967190373937";"1.50078699522642";"273"
"236";"*postReposts_801";"0.594535877120377";"1.67967190373937";"1.50078699522642";"274"
"237";"*postDate_9-11-2025";"0.594535877120377";"1.67967190373937";"1.50078699522642";"275"
"238";"*a_0963";"0.594535877120377";"1.67967190373937";"1.50078699522642";"276"
"239";"*postLikes_4500";"0.594535877120377";"1.67967190373937";"1.50078699522642";"277"
"240";"*postReposts_66";"0.594535877120377";"1.67967190373937";"1.50078699522642";"278"
"241";"*postDate_6-11-2025";"0.594535877120377";"1.67967190373937";"1.50078699522642";"279"
"242";"*a_0949";"0.594535877120377";"1.67967190373937";"1.50078699522642";"280"
"243";"*postComments_488";"0.594535877120377";"1.67967190373937";"1.50078699522642";"281"
"244";"*postReposts_357";"0.594535877120377";"1.67967190373937";"1.50078699522642";"282"
"245";"*postDate_13-10-2025";"0.594535877120377";"1.67967190373937";"1.50078699522642";"283"
"246";"*a_0899";"0.594535877120377";"1.67967190373937";"1.50078699522642";"284"
"247";"*postDate_28-7-2025";"0.594535877120377";"1.67967190373937";"1.50078699522642";"285"
"248";"*a_0898";"0.594535877120377";"1.67967190373937";"1.50078699522642";"286"
"249";"*postDate_27-7-2025";"0.594535877120377";"1.67967190373937";"1.50078699522642";"287"
"250";"*a_0891";"0.594535877120377";"1.67967190373937";"1.50078699522642";"288"
"251";"*postLikes_6500";"0.594535877120377";"1.67967190373937";"1.50078699522642";"289"
"252";"*postComments_100";"0.594535877120377";"1.67967190373937";"1.50078699522642";"290"
"253";"*postDate_14-7-2025";"0.594535877120377";"1.67967190373937";"1.50078699522642";"291"
"254";"*a_0862";"0.594535877120377";"1.67967190373937";"1.50078699522642";"292"
"255";"*postLikes_7600";"0.594535877120377";"1.67967190373937";"1.50078699522642";"293"
"256";"*postDate_30-5-2025";"0.594535877120377";"1.67967190373937";"1.50078699522642";"294"
"257";"*a_0849";"0.594535877120377";"1.67967190373937";"1.50078699522642";"295"
"258";"*postDate_9-5-2025";"0.594535877120377";"1.67967190373937";"1.50078699522642";"296"
"259";"*a_0845";"0.594535877120377";"1.67967190373937";"1.50078699522642";"297"
"260";"*postDate_3-5-2025";"0.594535877120377";"1.67967190373937";"1.50078699522642";"298"
"261";"*a_0827";"0.594535877120377";"1.67967190373937";"1.50078699522642";"299"
"262";"*postLikes_793";"0.594535877120377";"1.67967190373937";"1.50078699522642";"300"
"263";"*postDate_1-4-2025";"0.594535877120377";"1.67967190373937";"1.50078699522642";"301"
"264";"*a_0804";"0.594535877120377";"1.67967190373937";"1.50078699522642";"302"
"265";"*postLikes_115000";"0.594535877120377";"1.67967190373937";"1.50078699522642";"303"
"266";"*postComments_973";"0.594535877120377";"1.67967190373937";"1.50078699522642";"304"
"267";"*postDate_23-2-2025";"0.594535877120377";"1.67967190373937";"1.50078699522642";"305"
"268";"*a_0797";"0.594535877120377";"1.67967190373937";"1.50078699522642";"306"
"269";"*postDate_12-2-2025";"0.594535877120377";"1.67967190373937";"1.50078699522642";"307"
"270";"*a_0795";"0.594535877120377";"1.67967190373937";"1.50078699522642";"308"
"271";"*postLikes_7400";"0.594535877120377";"1.67967190373937";"1.50078699522642";"309"
"272";"*postComments_175";"0.594535877120377";"1.67967190373937";"1.50078699522642";"310"
"273";"*postDate_9-2-2025";"0.594535877120377";"1.67967190373937";"1.50078699522642";"311"
"274";"*a_0785";"0.594535877120377";"1.67967190373937";"1.50078699522642";"312"
"275";"*postLikes_4300";"0.594535877120377";"1.67967190373937";"1.50078699522642";"313"
"276";"*postComments_92";"0.594535877120377";"1.67967190373937";"1.50078699522642";"314"
"277";"*postDate_22-1-2025";"0.594535877120377";"1.67967190373937";"1.50078699522642";"315"
"278";"*a_0775";"0.594535877120377";"1.67967190373937";"1.50078699522642";"316"
"279";"*postDate_6-1-2025";"0.594535877120377";"1.67967190373937";"1.50078699522642";"317"
"280";"*a_0748";"0.594535877120377";"1.67967190373937";"1.50078699522642";"318"
"281";"*postLikes_849";"0.594535877120377";"1.67967190373937";"1.50078699522642";"319"
"282";"*postDate_22-11-2024";"0.594535877120377";"1.67967190373937";"1.50078699522642";"320"
"283";"*a_0729";"0.594535877120377";"1.67967190373937";"1.50078699522642";"321"
"284";"*postLikes_830";"0.594535877120377";"1.67967190373937";"1.50078699522642";"322"
"285";"*postComments_91";"0.594535877120377";"1.67967190373937";"1.50078699522642";"323"
"286";"*postDate_21-10-2024";"0.594535877120377";"1.67967190373937";"1.50078699522642";"324"
"287";"*a_0721";"0.594535877120377";"1.67967190373937";"1.50078699522642";"325"
"288";"*postDate_7-10-2024";"0.594535877120377";"1.67967190373937";"1.50078699522642";"326"
"289";"*a_0708";"0.594535877120377";"1.67967190373937";"1.50078699522642";"327"
"290";"*postLikes_575";"0.594535877120377";"1.67967190373937";"1.50078699522642";"328"
"291";"*postDate_18-9-2024";"0.594535877120377";"1.67967190373937";"1.50078699522642";"329"
"292";"*a_0699";"0.594535877120377";"1.67967190373937";"1.50078699522642";"330"
"293";"*postDate_2-9-2024";"0.594535877120377";"1.67967190373937";"1.50078699522642";"331"
"294";"*a_0695";"0.594535877120377";"1.67967190373937";"1.50078699522642";"332"
"295";"*postDate_28-8-2024";"0.594535877120377";"1.67967190373937";"1.50078699522642";"333"
"296";"*a_0676";"0.594535877120377";"1.67967190373937";"1.50078699522642";"334"
"297";"*postLikes_480";"0.594535877120377";"1.67967190373937";"1.50078699522642";"335"
"298";"*postDate_28-7-2024";"0.594535877120377";"1.67967190373937";"1.50078699522642";"336"
"299";"*a_0672";"0.594535877120377";"1.67967190373937";"1.50078699522642";"337"
"300";"*postDate_20-7-2024";"0.594535877120377";"1.67967190373937";"1.50078699522642";"338"
"301";"*a_0671";"0.594535877120377";"1.67967190373937";"1.50078699522642";"339"
"302";"*postLikes_264";"0.85617899485004";"1.11715848881087";"1.45925256956092";"340"
"303";"*a_0998";"1.1397658291385";"-1.04931054185957";"1.42358405367049";"342"
"304";"*postReposts_68";"1.1397658291385";"-1.04931054185957";"1.42358405367049";"344"
"305";"*postDate_28-12-2025";"1.1397658291385";"-1.04931054185957";"1.42358405367049";"345"
"306";"*a_0996";"1.1397658291385";"-1.04931054185957";"1.42358405367049";"346"
"307";"*postReposts_42";"1.1397658291385";"-1.04931054185957";"1.42358405367049";"347"
"308";"*postDate_24-12-2025";"1.1397658291385";"-1.04931054185957";"1.42358405367049";"348"
"309";"*a_0981";"1.1397658291385";"-1.04931054185957";"1.42358405367049";"349"
"310";"*postLikes_10500";"1.1397658291385";"-1.04931054185957";"1.42358405367049";"350"
"311";"*postComments_397";"1.1397658291385";"-1.04931054185957";"1.42358405367049";"351"
"312";"*postReposts_288";"1.1397658291385";"-1.04931054185957";"1.42358405367049";"352"
"313";"*postDate_3-12-2025";"1.1397658291385";"-1.04931054185957";"1.42358405367049";"353"
"314";"*a_0976";"1.1397658291385";"-1.04931054185957";"1.42358405367049";"354"
"315";"*postDate_24-11-2025";"1.1397658291385";"-1.04931054185957";"1.42358405367049";"355"
"316";"*a_0974";"1.1397658291385";"-1.04931054185957";"1.42358405367049";"356"
"317";"*postDate_21-11-2025";"1.1397658291385";"-1.04931054185957";"1.42358405367049";"357"
"318";"*a_0970";"1.1397658291385";"-1.04931054185957";"1.42358405367049";"358"
"319";"*postReposts_127";"1.1397658291385";"-1.04931054185957";"1.42358405367049";"359"
"320";"*postDate_17-11-2025";"1.1397658291385";"-1.04931054185957";"1.42358405367049";"360"
"321";"*postDate_14-11-2025";"1.1397658291385";"-1.04931054185957";"1.42358405367049";"362"
"322";"*a_0959";"1.1397658291385";"-1.04931054185957";"1.42358405367049";"363"
"323";"*postDate_31-10-2025";"1.1397658291385";"-1.04931054185957";"1.42358405367049";"364"
"324";"*a_0958";"1.1397658291385";"-1.04931054185957";"1.42358405367049";"365"
"325";"*postDate_29-10-2025";"1.1397658291385";"-1.04931054185957";"1.42358405367049";"366"
"326";"*a_0956";"1.1397658291385";"-1.04931054185957";"1.42358405367049";"367"
"327";"*postReposts_60";"1.1397658291385";"-1.04931054185957";"1.42358405367049";"368"
"328";"*postDate_26-10-2025";"1.1397658291385";"-1.04931054185957";"1.42358405367049";"369"
"329";"*a_0942";"1.1397658291385";"-1.04931054185957";"1.42358405367049";"370"
"330";"*postLikes_14500";"1.1397658291385";"-1.04931054185957";"1.42358405367049";"371"
"331";"*postReposts_413";"1.1397658291385";"-1.04931054185957";"1.42358405367049";"372"
"332";"*postDate_1-10-2025";"1.1397658291385";"-1.04931054185957";"1.42358405367049";"373"
"333";"*a_0927";"1.1397658291385";"-1.04931054185957";"1.42358405367049";"374"
"334";"*postLikes_3900";"1.1397658291385";"-1.04931054185957";"1.42358405367049";"375"
"335";"*postComments_206";"1.1397658291385";"-1.04931054185957";"1.42358405367049";"376"
"336";"*postReposts_37";"1.1397658291385";"-1.04931054185957";"1.42358405367049";"377"
"337";"*postDate_10-9-2025";"1.1397658291385";"-1.04931054185957";"1.42358405367049";"378"
"338";"*a_0878";"1.1397658291385";"-1.04931054185957";"1.42358405367049";"379"
"339";"*postLikes_10100";"1.1397658291385";"-1.04931054185957";"1.42358405367049";"380"
"340";"*postComments_48";"1.1397658291385";"-1.04931054185957";"1.42358405367049";"381"
"341";"*postReposts_46";"1.1397658291385";"-1.04931054185957";"1.42358405367049";"382"
"342";"*postDate_23-6-2025";"1.1397658291385";"-1.04931054185957";"1.42358405367049";"383"
"343";"*a_0870";"1.1397658291385";"-1.04931054185957";"1.42358405367049";"384"
"344";"*postDate_11-6-2025";"1.1397658291385";"-1.04931054185957";"1.42358405367049";"385"
"345";"*a_0867";"1.1397658291385";"-1.04931054185957";"1.42358405367049";"386"
"346";"*postDate_6-6-2025";"1.1397658291385";"-1.04931054185957";"1.42358405367049";"387"
"347";"*a_0866";"1.1397658291385";"-1.04931054185957";"1.42358405367049";"388"
"348";"*postDate_4-6-2025";"1.1397658291385";"-1.04931054185957";"1.42358405367049";"389"
"349";"*a_0865";"1.1397658291385";"-1.04931054185957";"1.42358405367049";"390"
"350";"*postDate_2-6-2025";"1.1397658291385";"-1.04931054185957";"1.42358405367049";"391"
"351";"*a_0858";"1.1397658291385";"-1.04931054185957";"1.42358405367049";"392"
"352";"*postDate_25-5-2025";"1.1397658291385";"-1.04931054185957";"1.42358405367049";"393"
"353";"*a_0851";"1.1397658291385";"-1.04931054185957";"1.42358405367049";"394"
"354";"*postDate_12-5-2025";"1.1397658291385";"-1.04931054185957";"1.42358405367049";"395"
"355";"*a_0847";"1.1397658291385";"-1.04931054185957";"1.42358405367049";"396"
"356";"*postDate_5-5-2025";"1.1397658291385";"-1.04931054185957";"1.42358405367049";"397"
"357";"*a_0815";"1.1397658291385";"-1.04931054185957";"1.42358405367049";"398"
"358";"*postLikes_50500";"1.1397658291385";"-1.04931054185957";"1.42358405367049";"399"
"359";"*postComments_1700";"1.1397658291385";"-1.04931054185957";"1.42358405367049";"400"
"360";"*postDate_12-3-2025";"1.1397658291385";"-1.04931054185957";"1.42358405367049";"401"
"361";"*a_0814";"1.1397658291385";"-1.04931054185957";"1.42358405367049";"402"
"362";"*postDate_10-3-2025";"1.1397658291385";"-1.04931054185957";"1.42358405367049";"403"
"363";"*a_0802";"1.1397658291385";"-1.04931054185957";"1.42358405367049";"404"
"364";"*postDate_19-2-2025";"1.1397658291385";"-1.04931054185957";"1.42358405367049";"405"
"365";"*a_0801";"1.1397658291385";"-1.04931054185957";"1.42358405367049";"406"
"366";"*postComments_52";"1.1397658291385";"-1.04931054185957";"1.42358405367049";"407"
"367";"*postDate_17-2-2025";"1.1397658291385";"-1.04931054185957";"1.42358405367049";"408"
"368";"*a_0789";"1.1397658291385";"-1.04931054185957";"1.42358405367049";"409"
"369";"*postLikes_247";"1.1397658291385";"-1.04931054185957";"1.42358405367049";"410"
"370";"*postDate_29-1-2025";"1.1397658291385";"-1.04931054185957";"1.42358405367049";"411"
"371";"*a_0780";"1.1397658291385";"-1.04931054185957";"1.42358405367049";"412"
"372";"*postDate_13-1-2025";"1.1397658291385";"-1.04931054185957";"1.42358405367049";"413"
"373";"*a_0778";"1.1397658291385";"-1.04931054185957";"1.42358405367049";"414"
"374";"*postDate_10-1-2025";"1.1397658291385";"-1.04931054185957";"1.42358405367049";"415"
"375";"*a_0773";"1.1397658291385";"-1.04931054185957";"1.42358405367049";"416"
"376";"*postDate_3-1-2025";"1.1397658291385";"-1.04931054185957";"1.42358405367049";"417"
"377";"*a_0767";"1.1397658291385";"-1.04931054185957";"1.42358405367049";"418"
"378";"*postLikes_15400";"0.71438557770581";"2.20039300414608";"1.38403646841268";"422"
"379";"*postComments_144";"0.71438557770581";"2.20039300414608";"1.38403646841268";"423"
"380";"*postReposts_209";"0.71438557770581";"2.20039300414608";"1.38403646841268";"424"
"381";"*postDate_23-11-2025";"0.71438557770581";"2.20039300414608";"1.38403646841268";"425"
"382";"*postComments_86";"0.71438557770581";"2.20039300414608";"1.38403646841268";"426"
"383";"*a_0971";"0.71438557770581";"2.20039300414608";"1.38403646841268";"427"
"384";"*a_0929";"0.71438557770581";"2.20039300414608";"1.38403646841268";"428"
"385";"*postReposts_83";"0.71438557770581";"2.20039300414608";"1.38403646841268";"429"
"386";"*postDate_14-9-2025";"0.71438557770581";"2.20039300414608";"1.38403646841268";"430"
"387";"*postLikes_33300";"0.71438557770581";"2.20039300414608";"1.38403646841268";"432"
"388";"*postComments_120";"0.71438557770581";"2.20039300414608";"1.38403646841268";"433"
"389";"*postReposts_184";"0.71438557770581";"2.20039300414608";"1.38403646841268";"434"
"390";"*postDate_6-7-2025";"0.71438557770581";"2.20039300414608";"1.38403646841268";"435"
"391";"*a_0873";"0.71438557770581";"2.20039300414608";"1.38403646841268";"436"
"392";"*postLikes_709";"0.71438557770581";"2.20039300414608";"1.38403646841268";"437"
"393";"*postDate_15-6-2025";"0.71438557770581";"2.20039300414608";"1.38403646841268";"438"
"394";"*a_0863";"0.71438557770581";"2.20039300414608";"1.38403646841268";"439"
"395";"*a_0850";"0.71438557770581";"2.20039300414608";"1.38403646841268";"440"
"396";"*postDate_11-5-2025";"0.71438557770581";"2.20039300414608";"1.38403646841268";"441"
"397";"*a_0838";"0.71438557770581";"2.20039300414608";"1.38403646841268";"442"
"398";"*postReposts_62";"0.71438557770581";"2.20039300414608";"1.38403646841268";"443"
"399";"*postDate_21-4-2025";"0.71438557770581";"2.20039300414608";"1.38403646841268";"444"
"400";"*a_0832";"0.71438557770581";"2.20039300414608";"1.38403646841268";"445"
"401";"*postDate_11-4-2025";"0.71438557770581";"2.20039300414608";"1.38403646841268";"446"
"402";"*postLikes_3500";"0.71438557770581";"2.20039300414608";"1.38403646841268";"447"
"403";"*postLikes_189600";"0.71438557770581";"2.20039300414608";"1.38403646841268";"449"
"404";"*postComments_2600";"0.71438557770581";"2.20039300414608";"1.38403646841268";"450"
"405";"*postReposts_91";"0.71438557770581";"2.20039300414608";"1.38403646841268";"451"
"406";"*postDate_31-3-2025";"0.71438557770581";"2.20039300414608";"1.38403646841268";"452"
"407";"*a_0823";"0.71438557770581";"2.20039300414608";"1.38403646841268";"453"
"408";"*postLikes_47700";"0.71438557770581";"2.20039300414608";"1.38403646841268";"454"
"409";"*postComments_560";"0.71438557770581";"2.20039300414608";"1.38403646841268";"455"
"410";"*postReposts_31";"0.71438557770581";"2.20039300414608";"1.38403646841268";"456"
"411";"*postDate_26-3-2025";"0.71438557770581";"2.20039300414608";"1.38403646841268";"457"
"412";"*a_0812";"0.71438557770581";"2.20039300414608";"1.38403646841268";"458"
"413";"*postLikes_3800";"0.71438557770581";"2.20039300414608";"1.38403646841268";"459"
"414";"*postDate_7-3-2025";"0.71438557770581";"2.20039300414608";"1.38403646841268";"460"
"415";"*a_0806";"0.71438557770581";"2.20039300414608";"1.38403646841268";"461"
"416";"*postLikes_814";"0.71438557770581";"2.20039300414608";"1.38403646841268";"462"
"417";"*postDate_26-2-2025";"0.71438557770581";"2.20039300414608";"1.38403646841268";"463"
"418";"*a_0762";"0.71438557770581";"2.20039300414608";"1.38403646841268";"464"
"419";"*postLikes_283";"0.71438557770581";"2.20039300414608";"1.38403646841268";"465"
"420";"*postDate_16-12-2024";"0.71438557770581";"2.20039300414608";"1.38403646841268";"466"
"421";"*a_0755";"0.71438557770581";"2.20039300414608";"1.38403646841268";"467"
"422";"*postLikes_788";"0.71438557770581";"2.20039300414608";"1.38403646841268";"468"
"423";"*postDate_4-12-2024";"0.71438557770581";"2.20039300414608";"1.38403646841268";"469"
"424";"*a_0750";"0.71438557770581";"2.20039300414608";"1.38403646841268";"470"
"425";"*postLikes_27300";"0.71438557770581";"2.20039300414608";"1.38403646841268";"471"
"426";"*postComments_317";"0.71438557770581";"2.20039300414608";"1.38403646841268";"472"
"427";"*postDate_25-11-2024";"0.71438557770581";"2.20039300414608";"1.38403646841268";"473"
"428";"*a_0741";"0.71438557770581";"2.20039300414608";"1.38403646841268";"474"
"429";"*postDate_10-11-2024";"0.71438557770581";"2.20039300414608";"1.38403646841268";"475"
"430";"*a_0737";"0.71438557770581";"2.20039300414608";"1.38403646841268";"476"
"431";"*postDate_3-11-2024";"0.71438557770581";"2.20039300414608";"1.38403646841268";"477"
"432";"*a_0712";"0.71438557770581";"2.20039300414608";"1.38403646841268";"478"
"433";"*postDate_25-9-2024";"0.71438557770581";"2.20039300414608";"1.38403646841268";"479"
"434";"*postComments_83";"0.71438557770581";"2.20039300414608";"1.38403646841268";"480"
"435";"*a_0704";"0.71438557770581";"2.20039300414608";"1.38403646841268";"481"
"436";"*postLikes_913";"0.71438557770581";"2.20039300414608";"1.38403646841268";"482"
"437";"*postDate_11-9-2024";"0.71438557770581";"2.20039300414608";"1.38403646841268";"483"
"438";"*a_0696";"0.71438557770581";"2.20039300414608";"1.38403646841268";"484"
"439";"*postLikes_263";"0.71438557770581";"2.20039300414608";"1.38403646841268";"485"
"440";"*postDate_29-8-2024";"0.71438557770581";"2.20039300414608";"1.38403646841268";"486"
"441";"*a_0693";"0.71438557770581";"2.20039300414608";"1.38403646841268";"487"
"442";"*postDate_25-8-2024";"0.71438557770581";"2.20039300414608";"1.38403646841268";"488"
"443";"*a_0691";"0.71438557770581";"2.20039300414608";"1.38403646841268";"489"
"444";"*postDate_21-8-2024";"0.71438557770581";"2.20039300414608";"1.38403646841268";"490"
"445";"*a_0686";"0.71438557770581";"2.20039300414608";"1.38403646841268";"491"
"446";"*postDate_14-8-2024";"0.71438557770581";"2.20039300414608";"1.38403646841268";"492"
"447";"*a_0684";"0.71438557770581";"2.20039300414608";"1.38403646841268";"493"
"448";"*postReposts_131";"0.904767307104923";"-0.889062793166107";"1.34306971143508";"495"
"449";"*postDate_29-12-2025";"0.904767307104923";"-0.889062793166107";"1.34306971143508";"496"
"450";"*a_0985";"0.904767307104923";"-0.889062793166107";"1.34306971143508";"497"
"451";"*postReposts_6";"0.904767307104923";"-0.889062793166107";"1.34306971143508";"498"
"452";"*postDate_10-12-2025";"0.904767307104923";"-0.889062793166107";"1.34306971143508";"499"
"453";"*a_0982";"0.904767307104923";"-0.889062793166107";"1.34306971143508";"500"
"454";"*postDate_5-12-2025";"0.904767307104923";"-0.889062793166107";"1.34306971143508";"501"
"455";"*a_0952";"0.904767307104923";"-0.889062793166107";"1.34306971143508";"502"
"456";"*postDate_18-10-2025";"0.904767307104923";"-0.889062793166107";"1.34306971143508";"503"
"457";"*a_0926";"0.904767307104923";"-0.889062793166107";"1.34306971143508";"504"
"458";"*postReposts_81";"0.904767307104923";"-0.889062793166107";"1.34306971143508";"506"
"459";"*postDate_8-9-2025";"0.904767307104923";"-0.889062793166107";"1.34306971143508";"507"
"460";"*a_0925";"0.904767307104923";"-0.889062793166107";"1.34306971143508";"508"
"461";"*postLikes_29700";"0.904767307104923";"-0.889062793166107";"1.34306971143508";"509"
"462";"*postComments_403";"0.904767307104923";"-0.889062793166107";"1.34306971143508";"510"
"463";"*postReposts_606";"0.904767307104923";"-0.889062793166107";"1.34306971143508";"511"
"464";"*postDate_7-9-2025";"0.904767307104923";"-0.889062793166107";"1.34306971143508";"512"
"465";"*a_0906";"0.904767307104923";"-0.889062793166107";"1.34306971143508";"513"
"466";"*postLikes_18800";"0.904767307104923";"-0.889062793166107";"1.34306971143508";"514"
"467";"*postComments_323";"0.904767307104923";"-0.889062793166107";"1.34306971143508";"515"
"468";"*postReposts_160";"0.904767307104923";"-0.889062793166107";"1.34306971143508";"516"
"469";"*postDate_8-8-2025";"0.904767307104923";"-0.889062793166107";"1.34306971143508";"517"
"470";"*a_0882";"0.904767307104923";"-0.889062793166107";"1.34306971143508";"518"
"471";"*postDate_29-6-2025";"0.904767307104923";"-0.889062793166107";"1.34306971143508";"519"
"472";"*a_0877";"0.904767307104923";"-0.889062793166107";"1.34306971143508";"520"
"473";"*postDate_22-6-2025";"0.904767307104923";"-0.889062793166107";"1.34306971143508";"521"
"474";"*a_0869";"0.904767307104923";"-0.889062793166107";"1.34306971143508";"522"
"475";"*postComments_255";"0.904767307104923";"-0.889062793166107";"1.34306971143508";"523"
"476";"*postDate_9-6-2025";"0.904767307104923";"-0.889062793166107";"1.34306971143508";"524"
"477";"*a_0860";"0.904767307104923";"-0.889062793166107";"1.34306971143508";"525"
"478";"*postComments_64";"0.904767307104923";"-0.889062793166107";"1.34306971143508";"526"
"479";"*a_0856";"0.904767307104923";"-0.889062793166107";"1.34306971143508";"527"
"480";"*postDate_21-5-2025";"0.904767307104923";"-0.889062793166107";"1.34306971143508";"528"
"481";"*a_0829";"0.904767307104923";"-0.889062793166107";"1.34306971143508";"529"
"482";"*postLikes_449";"0.904767307104923";"-0.889062793166107";"1.34306971143508";"530"
"483";"*postDate_6-4-2025";"0.904767307104923";"-0.889062793166107";"1.34306971143508";"531"
"484";"*a_0821";"0.904767307104923";"-0.889062793166107";"1.34306971143508";"532"
"485";"*postComments_331";"0.904767307104923";"-0.889062793166107";"1.34306971143508";"533"
"486";"*postDate_23-3-2025";"0.904767307104923";"-0.889062793166107";"1.34306971143508";"534"
"487";"*a_0819";"0.904767307104923";"-0.889062793166107";"1.34306971143508";"535"
"488";"*postLikes_4700";"0.904767307104923";"-0.889062793166107";"1.34306971143508";"536"
"489";"*postDate_19-3-2025";"0.904767307104923";"-0.889062793166107";"1.34306971143508";"537"
"490";"*postDate_14-3-2025";"0.904767307104923";"-0.889062793166107";"1.34306971143508";"539"
"491";"*a_0811";"0.904767307104923";"-0.889062793166107";"1.34306971143508";"540"
"492";"*postDate_5-3-2025";"0.904767307104923";"-0.889062793166107";"1.34306971143508";"541"
"493";"*a_0808";"0.904767307104923";"-0.889062793166107";"1.34306971143508";"542"
"494";"*postComments_324";"0.904767307104923";"-0.889062793166107";"1.34306971143508";"543"
"495";"*a_0805";"0.904767307104923";"-0.889062793166107";"1.34306971143508";"544"
"496";"*postLikes_128700";"0.904767307104923";"-0.889062793166107";"1.34306971143508";"545"
"497";"*postDate_24-2-2025";"0.904767307104923";"-0.889062793166107";"1.34306971143508";"546"
"498";"*a_0799";"0.904767307104923";"-0.889062793166107";"1.34306971143508";"547"
"499";"*postLikes_229";"0.904767307104923";"-0.889062793166107";"1.34306971143508";"548"
"500";"*postDate_14-2-2025";"0.904767307104923";"-0.889062793166107";"1.34306971143508";"549"
"501";"*a_0796";"0.904767307104923";"-0.889062793166107";"1.34306971143508";"550"
"502";"*postComments_197";"0.904767307104923";"-0.889062793166107";"1.34306971143508";"551"
"503";"*postDate_10-2-2025";"0.904767307104923";"-0.889062793166107";"1.34306971143508";"552"
"504";"*a_0790";"0.904767307104923";"-0.889062793166107";"1.34306971143508";"553"
"505";"*postLikes_408";"0.904767307104923";"-0.889062793166107";"1.34306971143508";"554"
"506";"*postDate_31-1-2025";"0.904767307104923";"-0.889062793166107";"1.34306971143508";"555"
"507";"*a_0788";"0.904767307104923";"-0.889062793166107";"1.34306971143508";"556"
"508";"*postComments_249";"0.904767307104923";"-0.889062793166107";"1.34306971143508";"557"
"509";"*postDate_27-1-2025";"0.904767307104923";"-0.889062793166107";"1.34306971143508";"558"
"510";"*a_0786";"0.904767307104923";"-0.889062793166107";"1.34306971143508";"559"
"511";"*postDate_24-1-2025";"0.904767307104923";"-0.889062793166107";"1.34306971143508";"560"
"512";"*a_0776";"0.904767307104923";"-0.889062793166107";"1.34306971143508";"561"
"513";"*postDate_8-1-2025";"0.904767307104923";"-0.889062793166107";"1.34306971143508";"562"
"514";"*a_0771";"0.904767307104923";"-0.889062793166107";"1.34306971143508";"563"
"515";"*postDate_30-12-2024";"0.904767307104923";"-0.889062793166107";"1.34306971143508";"564"
"516";"*a_0752";"0.904767307104923";"-0.889062793166107";"1.34306971143508";"565"
"517";"*postLikes_39000";"0.904767307104923";"-0.889062793166107";"1.34306971143508";"566"
"518";"*postComments_481";"0.904767307104923";"-0.889062793166107";"1.34306971143508";"567"
"519";"*a_0995";"-2.51882496980377";"-0.672531864780117";"1.292452586763";"571"
"520";"*postLikes_431";"-2.51882496980377";"-0.672531864780117";"1.292452586763";"572"
"521";"*a_0988";"-2.51882496980377";"-0.672531864780117";"1.292452586763";"575"
"522";"*postReposts_167";"-2.51882496980377";"-0.672531864780117";"1.292452586763";"577"
"523";"*a_0987";"-2.51882496980377";"-0.672531864780117";"1.292452586763";"578"
"524";"*postComments_46";"-2.51882496980377";"-0.672531864780117";"1.292452586763";"579"
"525";"*postReposts_92";"-2.51882496980377";"-0.672531864780117";"1.292452586763";"580"
"526";"*postDate_13-12-2025";"-2.51882496980377";"-0.672531864780117";"1.292452586763";"581"
"527";"*a_0986";"-2.51882496980377";"-0.672531864780117";"1.292452586763";"582"
"528";"*postReposts_114";"-2.51882496980377";"-0.672531864780117";"1.292452586763";"583"
"529";"*postDate_12-12-2025";"-2.51882496980377";"-0.672531864780117";"1.292452586763";"584"
"530";"*postLikes_574";"-2.51882496980377";"-0.672531864780117";"1.292452586763";"585"
"531";"*a_0977";"-2.51882496980377";"-0.672531864780117";"1.292452586763";"586"
"532";"*postDate_26-11-2025";"-2.51882496980377";"-0.672531864780117";"1.292452586763";"587"
"533";"*a_0966";"-2.51882496980377";"-0.672531864780117";"1.292452586763";"588"
"534";"*postLikes_513";"-2.51882496980377";"-0.672531864780117";"1.292452586763";"589"
"535";"*postDate_11-11-2025";"-2.51882496980377";"-0.672531864780117";"1.292452586763";"590"
"536";"*a_0964";"-2.51882496980377";"-0.672531864780117";"1.292452586763";"591"
"537";"*postLikes_857";"-2.51882496980377";"-0.672531864780117";"1.292452586763";"592"
"538";"*postDate_7-11-2025";"-2.51882496980377";"-0.672531864780117";"1.292452586763";"593"
"539";"*a_0962";"-2.51882496980377";"-0.672531864780117";"1.292452586763";"594"
"540";"*postComments_196";"-2.51882496980377";"-0.672531864780117";"1.292452586763";"595"
"541";"*postReposts_88";"-2.51882496980377";"-0.672531864780117";"1.292452586763";"596"
"542";"*postDate_5-11-2025";"-2.51882496980377";"-0.672531864780117";"1.292452586763";"597"
"543";"*a_0960";"-2.51882496980377";"-0.672531864780117";"1.292452586763";"598"
"544";"*postLikes_39500";"-2.51882496980377";"-0.672531864780117";"1.292452586763";"599"
"545";"*postComments_745";"-2.51882496980377";"-0.672531864780117";"1.292452586763";"600"
"546";"*postReposts_662";"-2.51882496980377";"-0.672531864780117";"1.292452586763";"601"
"547";"*postDate_2-11-2025";"-2.51882496980377";"-0.672531864780117";"1.292452586763";"602"
"548";"*a_0957";"-2.51882496980377";"-0.672531864780117";"1.292452586763";"603"
"549";"*postDate_27-10-2025";"-2.51882496980377";"-0.672531864780117";"1.292452586763";"604"
"550";"*a_0955";"-2.51882496980377";"-0.672531864780117";"1.292452586763";"605"
"551";"*postDate_24-10-2025";"-2.51882496980377";"-0.672531864780117";"1.292452586763";"606"
"552";"*a_0951";"-2.51882496980377";"-0.672531864780117";"1.292452586763";"607"
"553";"*postReposts_47";"-2.51882496980377";"-0.672531864780117";"1.292452586763";"608"
"554";"*postDate_17-10-2025";"-2.51882496980377";"-0.672531864780117";"1.292452586763";"609"
"555";"*a_0950";"-2.51882496980377";"-0.672531864780117";"1.292452586763";"610"
"556";"*postReposts_43";"-2.51882496980377";"-0.672531864780117";"1.292452586763";"611"
"557";"*postDate_15-10-2025";"-2.51882496980377";"-0.672531864780117";"1.292452586763";"612"
"558";"*a_0947";"-2.51882496980377";"-0.672531864780117";"1.292452586763";"613"
"559";"*postDate_10-10-2025";"-2.51882496980377";"-0.672531864780117";"1.292452586763";"614"
"560";"*a_0945";"-2.51882496980377";"-0.672531864780117";"1.292452586763";"615"
"561";"*postLikes_19300";"-2.51882496980377";"-0.672531864780117";"1.292452586763";"616"
"562";"*postComments_316";"-2.51882496980377";"-0.672531864780117";"1.292452586763";"617"
"563";"*postReposts_381";"-2.51882496980377";"-0.672531864780117";"1.292452586763";"618"
"564";"*postDate_6-10-2025";"-2.51882496980377";"-0.672531864780117";"1.292452586763";"619"
"565";"*a_0944";"-2.51882496980377";"-0.672531864780117";"1.292452586763";"620"
"566";"*postLikes_26900";"-2.51882496980377";"-0.672531864780117";"1.292452586763";"621"
"567";"*postComments_295";"-2.51882496980377";"-0.672531864780117";"1.292452586763";"622"
"568";"*postReposts_597";"-2.51882496980377";"-0.672531864780117";"1.292452586763";"623"
"569";"*postDate_5-10-2025";"-2.51882496980377";"-0.672531864780117";"1.292452586763";"624"
"570";"*a_0943";"-2.51882496980377";"-0.672531864780117";"1.292452586763";"625"
"571";"*postReposts_8";"-2.51882496980377";"-0.672531864780117";"1.292452586763";"626"
"572";"*postDate_3-10-2025";"-2.51882496980377";"-0.672531864780117";"1.292452586763";"627"
"573";"*a_0938";"-2.51882496980377";"-0.672531864780117";"1.292452586763";"628"
"574";"*postLikes_729";"-2.51882496980377";"-0.672531864780117";"1.292452586763";"629"
"575";"*postDate_26-9-2025";"-2.51882496980377";"-0.672531864780117";"1.292452586763";"630"
"576";"*a_0937";"-2.51882496980377";"-0.672531864780117";"1.292452586763";"631"
"577";"*postLikes_44000";"-2.51882496980377";"-0.672531864780117";"1.292452586763";"632"
"578";"*postComments_1200";"-2.51882496980377";"-0.672531864780117";"1.292452586763";"633"
"579";"*postReposts_607";"-2.51882496980377";"-0.672531864780117";"1.292452586763";"634"
"580";"*a_0935";"-2.51882496980377";"-0.672531864780117";"1.292452586763";"635"
"581";"*postComments_193";"-2.51882496980377";"-0.672531864780117";"1.292452586763";"636"
"582";"*postReposts_141";"-2.51882496980377";"-0.672531864780117";"1.292452586763";"637"
"583";"*a_0934";"-2.51882496980377";"-0.672531864780117";"1.292452586763";"638"
"584";"*a_0933";"-2.51882496980377";"-0.672531864780117";"1.292452586763";"639"
"585";"*postDate_21-9-2025";"-2.51882496980377";"-0.672531864780117";"1.292452586763";"640"
