"";"";"";"";"camp";""
"1";"camp";"-0.54593858518151";"0.45451014917489";"1.02390735596612";"57"
"2";"tomber";"-0.505640198392809";"0.164699083033566";"1.0235792365008";"58"
"3";"emji_main_qui_écrit";"4.53484668802739";"0.621348996700319";"1.02264272886022";"59"
"4";"humeur";"-0.547297718264966";"0.486311395418526";"1.01456620493795";"71"
"5";"diligence";"-0.547297718264966";"0.486311395418526";"1.01456620493795";"73"
"6";"cueillette";"-0.549428348118139";"0.0864091978034229";"0.995053350485033";"83"
"7";"existence";"-0.620737591415575";"0.312553275047003";"0.982345557026293";"96"
"8";"pied";"-0.54644695509695";"0.577196730729234";"0.955583313136586";"122"
"9";"marathon";"-0.54644695509695";"0.577196730729234";"0.955583313136586";"123"
"10";"soigner";"-0.540502052847689";"0.327305164200349";"0.952199581150531";"125"
"11";"habitant";"-0.545660475267626";"0.383752158268318";"0.952107297550911";"127"
"12";"homme";"-0.421292556324264";"0.402113483671132";"0.949800207560419";"129"
"13";"froid";"-0.497969373099009";"-0.00311341175442055";"0.946498505440693";"133"
"14";"ami";"-0.547196774300526";"0.146633189402655";"0.940937564085833";"143"
"15";"valaisans";"-0.57227038010299";"0.142023224042234";"0.940937564085833";"145"
"16";"fleur";"-0.566063831456255";"0.220420024785489";"0.940937564085833";"146"
"17";"grand";"-0.394139980760511";"0.0726295359399536";"0.934317070290895";"159"
"18";"aimer";"-0.468306538799476";"-0.00476021837606673";"0.926148262769005";"172"
"19";"ménager";"-0.543894665592903";"0.849852736661358";"0.925457844727406";"173"
"20";"facile";"-0.63815031401911";"0.817295157739149";"0.92240906802886";"175"
"21";"jeune";"-0.432005599044085";"0.437607600218683";"0.909096304305947";"204"
"22";"société";"-0.540502052847689";"0.327305164200349";"0.908094856354518";"209"
"23";"plante";"-0.540502052847689";"0.327305164200349";"0.908094856354518";"210"
"24";"reprendre";"-0.540502052847689";"0.327305164200349";"0.908094856354518";"211"
"25";"rappeler";"-0.548179979324305";"0.266970053948029";"0.907773572711398";"212"
"26";"chemin";"-0.433046585142443";"-0.209965589132855";"0.907773572711398";"213"
"27";"donner";"-0.36115886119118";"0.316903764069606";"0.907226706935874";"214"
"28";"cadeau";"-0.551283228365248";"0.369469070133398";"0.905603199164787";"216"
"29";"façon";"-0.511311695447615";"-0.285209315686242";"0.905603199164787";"217"
"30";"ados";"-0.543894665592903";"0.849852736661357";"0.904205273526104";"219"
"31";"exister";"-0.435685283944277";"0.19646030055904";"0.90353194503999";"221"
"32";"plutôt";"-0.275109224275725";"0.674312868655366";"0.899922630921531";"222"
"33";"travail";"-0.486448329556843";"0.259318786918727";"0.899574003989634";"230"
"34";"profiter";"-0.512867497895614";"0.362094051188472";"0.892372465308202";"238"
"35";"occuper";"-0.335282472534601";"0.523916801915744";"0.890362733583152";"239"
"36";"pierre";"-0.334797813570998";"0.449267148707028";"0.890362733583152";"240"
"37";"artiste";"-0.345578989088558";"0.491431054640077";"0.890362733583152";"241"
"38";"décennie";"-0.335588339646032";"0.340203786013037";"0.890362733583152";"242"
"39";"alcool";"-0.334313154607396";"0.374617495498313";"0.890362733583152";"243"
"40";"secours";"-0.548007928216023";"0.353010662880158";"0.890010688740158";"248"
"41";"humilité";"-0.546163367374278";"0.60749184249947";"0.890010688740158";"249"
"42";"main";"-0.487163575379229";"0.764613494915585";"0.889269002032104";"251"
"43";"connaître";"-0.384748091844885";"0.11761011467411";"0.888981897499953";"252"
"44";"servette";"-0.0569524481740852";"-2.09041322579907";"0.888728972078774";"257"
"45";"compétition";"-0.0569524481740852";"-2.09041322579907";"0.888728972078774";"261"
"46";"décéder";"-0.0569524481740852";"-2.09041322579907";"0.888728972078774";"262"
"47";"répondre";"-0.473510344843625";"0.584003323616697";"0.888564912346116";"264"
"48";"piste";"-0.493662589036148";"0.299353654722664";"0.887143061329754";"268"
"49";"sauter";"-0.540502052847689";"0.327305164200349";"0.886097180534064";"272"
"50";"récréation";"-0.540502052847689";"0.327305164200349";"0.886097180534064";"273"
"51";"chose";"-0.564701666811665";"0.632350815543914";"0.884671911606605";"277"
"52";"technique";"-0.492391309924954";"0.338344708169874";"0.884268598097156";"278"
"53";"véritable";"-0.544162299315406";"0.68910384774649";"0.883834523387834";"279"
"54";"paraître";"-0.21286056588384";"-0.103248702745816";"0.883831105476736";"280"
"55";"oeuvre";"-0.309570486818561";"0.380294975254068";"0.883831105476736";"281"
"56";"américain";"-0.310249009367604";"0.48480448974627";"0.883831105476736";"283"
"57";"ordre";"-0.310249009367604";"0.48480448974627";"0.883831105476736";"284"
"58";"magnifique";"-0.251837595311279";"0.393542428017498";"0.88342437405619";"285"
"59";"salaire";"-0.251837595311279";"0.393542428017498";"0.88342437405619";"286"
"60";"épineux";"-0.543894665592903";"0.849852736661358";"0.882990299346868";"288"
"61";"célébrer";"-0.543894665592903";"0.849852736661358";"0.882990299346868";"290"
"62";"plage";"-0.385269714803454";"-0.639198276730741";"0.881342866198102";"292"
"63";"htag_liberté";"-0.57160899256896";"0.265090300446178";"0.881342866198102";"293"
"64";"tarauder";"-0.547583787276394";"0.340890377422734";"0.881342866198102";"295"
"65";"rentrer";"-0.555907268239187";"0.811952698173079";"0.881028418377176";"298"
"66";"beau";"-0.185596095628192";"-0.0842778516509232";"0.879203253851364";"299"
"67";"propre";"-0.300067142896384";"0.131807101893766";"0.874906939602404";"305"
"68";"parler";"-0.520181743558208";"0.286086149855035";"0.87363547667431";"306"
"69";"école";"-0.544866538034486";"0.594956126628801";"0.873023670587943";"307"
"70";"fermer";"-0.608495872569332";"0.489194447392897";"0.872729730233599";"308"
"71";"compagnon";"-0.607365001654261";"0.315011923239227";"0.872729730233599";"309"
"72";"noeud";"-0.60963022346002";"0.368014000311953";"0.872729730233599";"310"
"73";"emji_ballon_de_football";"-0.277152600389564";"-2.62240164540253";"0.870511505931629";"315"
"74";"penser";"-0.465282743440339";"-0.269770393558436";"0.870135535710957";"318"
"75";"caméra";"-0.40323449835743";"0.145759155154167";"0.870135535710957";"319"
"76";"apprendre";"-0.479371211382772";"0.708056963491296";"0.870135535710957";"320"
"77";"témoignage";"-0.342818475124304";"0.159139723544903";"0.867872878564726";"322"
"78";"corps";"-0.507680332597432";"0.0801077367968175";"0.867472982966374";"323"
"79";"succès";"-0.552254037710573";"0.392184246021709";"0.86739778892224";"326"
"80";"parcourir";"-0.55610501263059";"0.290257188794834";"0.86739778892224";"327"
"81";"mode";"-0.550724301393481";"0.79305878470054";"0.867370445633463";"328"
"82";"mars";"-0.0569524481740853";"-2.09041322579907";"0.866112654349758";"338"
"83";"godard";"-0.0569524481740853";"-2.09041322579907";"0.866112654349758";"339"
"84";"babibouchettes";"-0.0569524481740853";"-2.09041322579907";"0.866112654349758";"340"
"85";"univers";"-0.0569524481740853";"-2.09041322579907";"0.866112654349758";"341"
"86";"formule";"-0.0569524481740853";"-2.09041322579907";"0.866112654349758";"342"
"87";"chute";"-0.0569524481740853";"-2.09041322579907";"0.866112654349758";"343"
"88";"anniversaire";"-0.0569524481740853";"-2.09041322579907";"0.866112654349758";"344"
"89";"prêt";"-0.358788224054926";"0.259012973530292";"0.865675161729339";"345"
"90";"venir";"-0.256233755499648";"0.0517926148025821";"0.865637564707271";"346"
"91";"montreux";"-0.155447628162896";"-1.65504874107857";"0.865357295997315";"347"
"92";"animal";"-0.419522282871762";"0.685723095955043";"0.864619027200358";"351"
"93";"difficile";"-0.265805197042631";"-1.01204164424693";"0.864417370445633";"353"
"94";"signe";"-0.540502052847689";"0.327305164200349";"0.864140519646774";"354"
"95";"interdiction";"-0.540502052847689";"0.327305164200349";"0.864140519646774";"355"
"96";"vallon";"-0.540502052847689";"0.327305164200349";"0.864140519646774";"356"
"97";"jurassien";"-0.540502052847689";"0.327305164200349";"0.864140519646774";"357"
"98";"horizon";"-0.540502052847689";"0.327305164200349";"0.864140519646774";"358"
"99";"principalement";"-0.420650645722096";"-0.64853274403781";"0.863880758403401";"361"
"100";"international";"-0.564250014800396";"0.551118697649225";"0.863347564272265";"362"
"101";"chaussette";"-0.417108799118993";"-0.961173620415629";"0.863347564272265";"363"
"102";"notamment";"-0.482769161340407";"0.340552616963779";"0.863251862761548";"365"
"103";"échauffement";"-0.615970281470603";"0.622452505731688";"0.863190340361802";"367"
"104";"automobiliste";"-0.615970281470603";"0.622452505731688";"0.863190340361802";"368"
"105";"voiture";"-0.343552850362732";"0.219117406934795";"0.862971594051592";"369"
"106";"portrait";"-0.389650299414729";"0.472625993566601";"0.862971594051592";"370"
"107";"indispensable";"-0.620935520387992";"0.559735065137083";"0.862240161076828";"372"
"108";"passage";"-0.415264947433849";"-0.0973600301717188";"0.862062429699783";"373"
"109";"ouvrier";"-0.543894665592903";"0.849852736661357";"0.861809504278603";"374"
"110";"bidet";"-0.543894665592903";"0.849852736661357";"0.861809504278603";"375"
"111";"barbe";"-0.543894665592903";"0.849852736661357";"0.861809504278603";"376"
"112";"saurer";"-0.543894665592903";"0.849852736661357";"0.861809504278603";"377"
"113";"lunette";"-0.543894665592903";"0.849852736661357";"0.861809504278603";"378"
"114";"enseignant";"-0.543894665592903";"0.849852736661357";"0.861809504278603";"379"
"115";"cycle";"-0.543894665592903";"0.849852736661357";"0.861809504278603";"380"
"116";"moment";"-0.292410161957555";"-2.10398233587081";"0.861754817701051";"382"
"117";"vin";"-0.53900022562285";"0.254432756601336";"0.860927683215571";"384"
"118";"peur";"-0.537767290828599";"0.314876487365311";"0.860927683215571";"385"
"119";"cours";"-0.54321614304386";"0.745343222169156";"0.860767041394011";"386"
"120";"tourner";"-0.485483251536579";"0.758590674932586";"0.860767041394011";"387"
"121";"bruit";"-0.571737722639697";"0.24199877344601";"0.857386727319053";"393"
"122";"comprendre";"-0.34287076685111";"0.450769947446045";"0.857202160119813";"394"
"123";"helvète";"-0.272920584245253";"-0.694917227738324";"0.857202160119813";"395"
"124";"matière";"-0.324851862881685";"0.507620005178463";"0.857202160119813";"396"
"125";"danse";"-0.452570872656455";"0.256609557452732";"0.857133801897873";"397"
"126";"armailli";"-0.722791279574398";"2.82369540882385";"0.856928727232051";"412"
"127";"phénomène";"-0.23913170311299";"-1.05313193643404";"0.856915055587663";"415"
"128";"quotidien";"-0.461151331860002";"0.711195260473333";"0.856812518254752";"417"
"129";"adolescent";"-0.397187607903048";"0.517188067847226";"0.853500562401735";"421"
"130";"retour";"-0.540464268471664";"0.0550814493266957";"0.853490308668444";"422"
"131";"année";"-0.311900626304043";"0.231141844544974";"0.853233965336167";"423"
"132";"mort";"-0.476092117538713";"-0.210252545957302";"0.852933189159629";"424"
"133";"fond";"-0.563276657183641";"0.0172888036232467";"0.852933189159629";"425"
"134";"aller";"-0.490090031339531";"-0.0277782973164776";"0.852294039784485";"427"
"135";"parole";"-0.347329894782585";"-0.0980601442304401";"0.852170994984992";"428"
"136";"vaud";"-0.377004911146261";"0.589103988864866";"0.852170994984992";"429"
"137";"journaliste";"-0.21858326139368";"-0.876266067961627";"0.851754009831155";"431"
"138";"descente";"-0.677874781630862";"1.32801841059616";"0.850937129078966";"433"
"139";"sentiment";"-0.418678737834088";"-1.35824470382188";"0.850937129078966";"434"
"140";"championnat";"-0.219623365610361";"-1.32465642353208";"0.849939099038635";"436"
"141";"joyeux";"-0.170590342266754";"-1.1863762897529";"0.849939099038635";"437"
"142";"devenir";"-0.417689475083789";"-0.279389971853923";"0.849655412417582";"440"
"143";"berger";"-0.583338088298543";"0.383531712110947";"0.848264322601093";"441"
"144";"campagne";"-0.38945602912164";"0.0251209459433677";"0.848264322601093";"442"
"145";"bonheur";"-0.49295674538249";"0.425435970246709";"0.848192546468055";"443"
"146";"arriver";"-0.505482758750432";"0.548449660356322";"0.848192546468055";"444"
"147";"paysan";"-0.49295674538249";"0.425435970246709";"0.848192546468055";"445"
"148";"accompagner";"-0.472488490172574";"-0.0264566772109974";"0.848192546468055";"448"
"149";",";"-0.245295973036334";"-0.00246705239984764";"0.847618337403755";"449"
"150";"métier";"-0.429087586439582";"-0.0194928980129089";"0.847526053804135";"450"
"151";"démarrer";"-0.508648045373478";"-0.179490624010257";"0.847351740338187";"452"
"152";"vie";"-0.473004150850995";"0.374557525161432";"0.847068053717134";"453"
"153";"crédit";"-0.318296553965334";"-2.29028821978732";"0.846422068519796";"456"
"154";"natal";"-0.458051012289464";"-1.61207178690463";"0.846422068519796";"460"
"155";"imposer";"-0.318296553965334";"-2.29028821978732";"0.846422068519796";"461"
"156";"arrêter";"-0.410719930802966";"-0.628304898771203";"0.845242889191322";"465"
"157";"vert";"-0.105673734958384";"-1.46942431234493";"0.8442346054177";"469"
"158";"orage";"-0.202913455144951";"-1.49059359365964";"0.8442346054177";"471"
"159";"sortie";"-0.105673734958384";"-1.46942431234493";"0.8442346054177";"472"
"160";"confier";"-0.196706906498215";"-1.41219679291638";"0.8442346054177";"474"
"161";"vignoble";"-0.196706906498215";"-1.41219679291638";"0.8442346054177";"475"
"162";"provoquer";"-0.105673734958384";"-1.46942431234493";"0.8442346054177";"476"
"163";"cacher";"-0.105673734958384";"-1.46942431234493";"0.8442346054177";"478"
"164";"début";"-0.149887951815067";"0.0106976517353602";"0.843547605287198";"479"
"165";"liberté";"-0.584190340239812";"0.223570833064906";"0.843082769378002";"482"
"166";"raison";"-0.560523261778538";"0.49899527493225";"0.843082769378002";"483"
"167";"jeunesse";"-0.565575658650153";"0.322695198839928";"0.842758067823785";"484"
"168";"lever";"-0.468335938463586";"0.343864480154636";"0.842758067823785";"485"
"169";"incontournable";"-0.542733626665301";"0.267081172601117";"0.842758067823785";"486"
"170";"important";"-0.468335938463586";"0.343864480154636";"0.842758067823785";"487"
"171";"geste";"-0.559369110003417";"0.401091999583184";"0.842758067823785";"488"
"172";"soin";"-0.541350206033992";"0.457942057315601";"0.842758067823785";"489"
"173";"période";"-0.565575658650153";"0.322695198839928";"0.842758067823785";"490"
"174";"prédiction";"-0.419614651679288";"-0.277124433299506";"0.842758067823785";"491"
"175";"auprès_de";"-0.542200969202008";"0.367056722004893";"0.842758067823785";"492"
"176";"réussir";"-0.297179800946387";"-1.01599632512275";"0.842423112536277";"493"
"177";"vivant";"-0.442885856991974";"0.82619198429562";"0.842423112536277";"494"
"178";"astuce";"-0.622176830117339";"0.544055704988432";"0.842047142315604";"495"
"179";"florilège";"-0.368660423423929";"0.576066551475042";"0.841630157161767";"497"
"180";"couleur";"-0.173883536456402";"-0.600039833509129";"0.841630157161767";"498"
"181";"pièce";"-0.271271979940165";"-0.0119866410170437";"0.841630157161767";"499"
"182";"internet";"-0.383075546599469";"0.530586505289108";"0.841630157161767";"500"
"183";"dédier";"-0.270593457391122";"-0.116496155509245";"0.841630157161767";"501"
"184";"genève";"-0.405820509272665";"0.0995191581309609";"0.841623321339573";"502"
"185";"mère";"-0.561913569562328";"0.793002678928941";"0.841014933164302";"503"
"186";"doux";"-0.5430465124066";"0.719215843546106";"0.841014933164302";"504"
"187";"tecktonik";"-0.470880398022497";"0.735775159500393";"0.841014933164302";"505"
"188";"orientation";"-0.544745428760919";"0.75896740135065";"0.841014933164302";"506"
"189";"différence";"-0.470880398022497";"0.735775159500393";"0.841014933164302";"507"
"190";"chanter";"0.198236812730817";"-1.58882714623288";"0.840389455433546";"510"
"191";"raconter";"0.0843530155031164";"-0.674160684952083";"0.840252738989666";"511"
"192";"canton";"-0.0274855104424147";"0.890234593358378";"0.839493962726126";"512"
"193";"rester";"-0.42459828798944";"-0.658808354047314";"0.839418768681991";"513"
"194";"rencontre";"-0.321201731334467";"-0.267209277911091";"0.839217111927267";"514"
"195";"blanc";"-0.518127705689384";"-0.261564140240035";"0.838461753574824";"524"
"196";"écran";"-0.29049005932747";"-1.13070181437597";"0.837935395265882";"525"
"197";"noir";"-0.59707260093967";"0.410759934173579";"0.837935395265882";"526"
"198";"vrai";"-0.525822283939987";"0.967137096281042";"0.837641454911538";"527"
"199";"retraite";"-0.511016258062515";"0.401646712281301";"0.837583350422889";"530"
"200";"siècle";"-0.501024117201868";"0.377003574183382";"0.837583350422889";"532"
"201";"idée";"-0.549107425872913";"0.913872303098027";"0.837583350422889";"533"
"202";"tromper";"-0.482689372375478";"0.0987303819136249";"0.837583350422889";"534"
"203";"partager";"-0.247029648489394";"0.518027872167534";"0.836964708514327";"535"
"204";"fille";"-0.455599021959373";"0.608450129575998";"0.835737678430495";"543"
"205";"parent";"-0.464976952999295";"0.353430837812627";"0.835737678430495";"544"
"206";"choisir";"-0.39913026725139";"0.350290207312787";"0.834196200525737";"549"
"207";"course";"-0.333660730225898";"-0.245991893931107";"0.834097081103923";"550"
"208";"famille";"-0.464387144946616";"0.45331929083893";"0.834052648259662";"551"
"209";"vache";"-0.590182402189062";"0.897605108426946";"0.833601483994855";"552"
"210";"chasser";"-0.381490555560035";"0.365316719597887";"0.831807080668916";"555"
"211";"tinder";"-0.350324302962508";"0.424465417151174";"0.831807080668916";"556"
"212";"malade";"-0.349189952071821";"0.545645864232118";"0.831807080668916";"557"
"213";"politique";"-0.349189952071821";"0.545645864232118";"0.831807080668916";"558"
"214";"piquant";"-0.349189952071821";"0.545645864232118";"0.831807080668916";"559"
"215";"confort";"-0.349189952071821";"0.545645864232118";"0.831807080668916";"560"
"216";"traverser";"-0.186875879598881";"-0.434442789921358";"0.831807080668916";"561"
"217";"travailleur";"-0.348059081156749";"0.371463340078448";"0.831807080668916";"562"
"218";"top";"-0.348059081156749";"0.371463340078448";"0.831807080668916";"563"
"219";"accident";"-0.373215157364387";"0.469845787255561";"0.831807080668916";"566"
"220";"commencer";"-0.434269311229927";"-0.64042503930242";"0.831516558225669";"567"
"221";"sembler";"-0.48720540446453";"0.200648814890037";"0.831516558225669";"568"
"222";"terre";"-0.557969639617125";"0.7653995326359";"0.831516558225669";"569"
"223";"plaisir";"-0.385503102788688";"0.226636395910441";"0.831441364181535";"570"
"224";"esprit";"-0.414583607641542";"0.470942786481841";"0.831383259692885";"571"
"225";"obligatoire";"-0.397300694994556";"0.534606320262593";"0.831383259692885";"572"
"226";"nom";"-0.397866130452091";"0.621697582339428";"0.831383259692885";"573"
"227";"laisser";"-0.557750467821251";"0.669651445503603";"0.830819304361876";"574"
"228";"trouver";"-0.568111478205021";"0.54218659883491";"0.830785125250906";"575"
"229";"train";"-0.458885777637551";"-0.0972090454932669";"0.830139140053568";"578"
"230";"entourer";"-0.502828045982379";"0.336864644675442";"0.830139140053568";"579"
"231";"célèbre";"-0.444470654462011";"-0.0517289993073329";"0.830139140053568";"580"
"232";"lieu";"-0.360286738003894";"-0.609451227849049";"0.829756334010701";"581"
"233";"partenaire";"-0.607201007746864";"0.532506843074451";"0.829575184722559";"583"
"234";"commentaire";"-0.545595012210378";"-0.248617188229873";"0.829575184722559";"584"
"235";"simple";"-0.233449644010748";"0.764940710906155";"0.829554677255977";"585"
"236";"radio";"-0.424267215408032";"-0.575250251658498";"0.82933251303467";"586"
"237";"lac";"-0.413882936595986";"-0.458246547743655";"0.82933251303467";"587"
"238";"affaire";"-0.413882936595986";"-0.458246547743655";"0.82933251303467";"588"
"239";"accueillir";"-0.378694908726355";"-1.19934781281437";"0.82933251303467";"589"
"240";"goût";"-0.526953655243311";"0.506380611842983";"0.82933251303467";"590"
"241";"jeu";"-0.545153254682836";"0.782826430855277";"0.829158199568722";"591"
"242";"droit";"-0.427072881472938";"0.57871972183343";"0.829014647302647";"592"
"243";"lausannois";"-0.544322879548908";"0.592654514397569";"0.828754886059273";"594"
"244";"chien";"-0.504863613629507";"0.650393188152048";"0.828754886059273";"595"
"245";"entendre";"-0.556357888152727";"0.532230509222778";"0.828754886059273";"596"
"246";"gagner";"-0.454566276081609";"0.497322813896769";"0.828519050193578";"599"
"247";"nuit";"-0.421310958051895";"-0.0158506470690011";"0.828235363572525";"603"
"248";"jouer";"-0.504211474847452";"1.07321143725205";"0.828235363572525";"604"
"249";"travailler";"-0.506115302028245";"0.596858608407997";"0.828235363572525";"605"
"250";"look";"-0.528085633507342";"0.631447043419204";"0.828235363572525";"606"
"251";"armée";"-0.555074028057403";"1.13783361947178";"0.827968766506957";"607"
"252";"passion";"-0.3878826285384";"-0.653093385575863";"0.826762243889707";"608"
"253";"musique";"-0.401600442804151";"-0.273310362965566";"0.826499064735236";"610"
"254";"club";"-0.515395643226345";"-0.980085113395168";"0.826352094558064";"611"
"255";"reportage";"-0.320845458373952";"-0.192195698688903";"0.825877004915578";"612"
"256";"regard";"-0.295027436692548";"-0.704541928437892";"0.824916571897314";"614"
"257";"valoir";"-0.262621372926455";"0.703470445759496";"0.824308183722043";"615"
"258";"nouveau";"0.131120397273573";"-0.422334180254201";"0.824250079233394";"616"
"259";"garantir";"-0.251567124135239";"-1.29065371627982";"0.824147541900483";"618"
"260";"cully";"-0.220400871537712";"-1.23150501872654";"0.824147541900483";"619"
"261";"officiel";"-0.220400871537712";"-1.23150501872654";"0.824147541900483";"620"
"262";"général";"-0.220400871537712";"-1.23150501872654";"0.824147541900483";"621"
"263";"terme";"-0.22111108148877";"-1.36480575126491";"0.824147541900483";"622"
"264";"romands";"-0.380072765233202";"-0.362479283030344";"0.823785243324198";"623"
"265";"hiver";"-0.569548626027486";"0.466572789233702";"0.823785243324198";"624"
"266";"voter";"-0.573933527250975";"0.321158543719788";"0.823275974570742";"627"
"267";"kilomètre";"-0.542767274653448";"0.380307241273074";"0.823275974570742";"628"
"268";"fameux";"-0.542767274653448";"0.380307241273074";"0.823275974570742";"629"
"269";"vot";"-0.542767274653448";"0.380307241273074";"0.823275974570742";"630"
"270";"parfaire";"-0.543477484604505";"0.247006508734707";"0.823275974570742";"631"
"271";"cabanon";"-0.543477484604505";"0.247006508734707";"0.823275974570742";"632"
"272";"bouteille";"-0.565658129055327";"0.425687611377462";"0.823275974570742";"633"
"273";"crier";"-0.472391218914184";"-1.10189528886836";"0.823275974570742";"634"
"274";"salle";"-0.509124526740923";"0.701141482912965";"0.823241795459771";"635"
"275";"passer";"-0.363453977655127";"-0.0180114077449348";"0.823221287993189";"636"
"276";"terminer";"-0.27577258379579";"-0.772132039652723";"0.822865825239098";"637"
"277";"sagesse";"-0.624245679666251";"0.517923438074014";"0.822858989416904";"638"
"278";"henriette";"-0.494592719417495";"0.546149146493624";"0.822858989416904";"639"
"279";"boire";"-0.494592719417495";"0.546149146493624";"0.822858989416904";"640"
"280";"stress";"-0.591945076178037";"0.698252582708245";"0.822858989416904";"641"
"281";"gadget";"-0.590814205262965";"0.524070058554575";"0.822858989416904";"642"
"282";"fétiche";"-0.429631003705097";"-0.281836071445231";"0.822858989416904";"643"
"283";"communication";"-0.494592719417495";"0.546149146493624";"0.822858989416904";"644"
"284";"chauffer";"-0.593079427068724";"0.5770721356273";"0.822858989416904";"645"
"285";"chasse";"-0.590814205262965";"0.524070058554575";"0.822858989416904";"646"
"286";"civil";"-0.576195269081118";"0.669523592027127";"0.822247183330537";"650"
"287";"routier";"-0.545739226434649";"0.595371557042046";"0.822247183330537";"651"
"288";"immeuble";"-0.545739226434649";"0.595371557042046";"0.822247183330537";"652"
"289";"tendance";"-0.446542308832362";"0.697749300446738";"0.822247183330537";"653"
"290";"double";"-0.381580593119964";"-0.130235917492118";"0.822247183330537";"654"
"291";"communauté";"-0.446542308832362";"0.697749300446738";"0.822247183330537";"655"
"292";"classique";"-0.542763794677832";"0.675670212507688";"0.822247183330537";"656"
"293";"août";"-0.381580593119964";"-0.130235917492118";"0.822247183330537";"657"
"294";"patiner";"-0.576195269081118";"0.669523592027127";"0.822247183330537";"658"
"295";"loi";"-0.446542308832362";"0.697749300446738";"0.822247183330537";"659"
"296";"emploi";"-0.446542308832362";"0.697749300446738";"0.822247183330537";"660"
"297";"lancer";"-0.418997104760867";"-0.502177279858231";"0.821707153377207";"661"
"298";"repos";"-0.499342612740627";"0.185518070579313";"0.821433720489445";"662"
"299";"boîte";"-0.579367038074218";"0.649061359119688";"0.821433720489445";"663"
"300";"santé";"-0.49599707649944";"-0.0155455823507938";"0.82084242186966";"664"
"301";"style";"-0.477485546316377";"0.221464941407997";"0.82084242186966";"665"
"302";"rassembler";"-0.452319261070314";"-0.135808791454844";"0.82084242186966";"666"
"303";"écouter";"0.128170847634626";"0.0271238833528816";"0.818719899078407";"667"
"304";"vallée";"-0.579174180813551";"0.293861965326872";"0.818145690014107";"671"
"305";"congé";"-0.576198749056734";"0.374160620792514";"0.818145690014107";"672"
"306";"georges";"-0.378434954874473";"-1.02681412385659";"0.818145690014107";"673"
"307";"draguer";"-0.543898145568519";"0.554489765426744";"0.818145690014107";"674"
"308";"ressembler";"-0.537690402171332";"1.65058145152388";"0.818145690014107";"675"
"309";"grève";"-0.44767665972305";"0.576568853365794";"0.818145690014107";"676"
"310";"dépendre";"-0.44767665972305";"0.576568853365794";"0.818145690014107";"677"
"311";"dormir";"-0.475787311635015";"-0.874710687641968";"0.818145690014107";"678"
"312";"population";"-0.28536258725011";"-0.403519800787682";"0.818145690014107";"679"
"313";"policier";"-0.546873577325336";"0.474191109961102";"0.818145690014107";"680"
"314";"maussade";"-0.543898145568519";"0.554489765426744";"0.818145690014107";"681"
"315";"habituer";"-0.446545788807978";"0.402386329212124";"0.818145690014107";"682"
"316";"fashion";"-0.601354825264372";"0.472543067969627";"0.818145690014107";"683"
"317";"saison";"-0.49395669827476";"0.0889598105262686";"0.816163301577832";"685"
"318";"nombreux";"-0.236338931757726";"0.472826997542803";"0.816036838867242";"686"
"319";"principe";"-0.578039829922863";"0.415042412407816";"0.815999241845175";"689"
"320";"nautique";"-0.415725757449924";"-0.56504624174566";"0.815999241845175";"690"
"321";"vendeur";"-0.576908959007791";"0.240859888254146";"0.815999241845175";"691"
"322";"cas";"-0.382294283046638";"-0.558899621265099";"0.815999241845175";"692"
"323";"sirène";"-0.476497521586072";"-1.00801142018034";"0.815999241845175";"693"
"324";"exercice";"-0.472412074966674";"0.367468043850869";"0.815999241845175";"695"
"325";"bienvenue";"-0.382294283046638";"-0.558899621265099";"0.815999241845175";"696"
"326";"aider";"-0.472412074966674";"0.367468043850869";"0.815999241845175";"697"
"327";"monter";"-0.382294283046638";"-0.558899621265099";"0.815999241845175";"698"
"328";"imaginer";"-0.383425153961709";"-0.38471709711143";"0.815999241845175";"699"
"329";"adopter";"-0.544608355519577";"0.421189032888376";"0.815999241845175";"700"
"330";"squat";"-0.448386869674107";"0.443268120827426";"0.815999241845175";"702"
"331";"remplir";"-0.286072797201168";"-0.53682053332605";"0.815999241845175";"703"
"332";"patient";"-0.382294283046638";"-0.558899621265099";"0.815999241845175";"704"
"333";"inspiration";"-0.568633560812144";"0.34538895591182";"0.815999241845175";"705"
"334";"indépendance";"-0.544608355519577";"0.421189032888376";"0.815999241845175";"706"
"335";"habiter";"-0.544608355519577";"0.421189032888376";"0.815999241845175";"707"
"336";"gauche";"-0.476497521586072";"-1.00801142018034";"0.815999241845175";"708"
"337";"dessiner";"-0.473438896409992";"0.689295501046652";"0.815999241845175";"709"
"338";"corvée";"-0.568633560812144";"0.34538895591182";"0.815999241845175";"710"
"339";"connaisseur";"-0.382294283046638";"-0.558899621265099";"0.815999241845175";"711"
"340";"centimètre";"-0.568633560812144";"0.34538895591182";"0.815999241845175";"712"
"341";"bernois";"-0.569764431727215";"0.51957148006549";"0.815999241845175";"713"
"342";"offrir";"-0.588448539183268";"0.416748906593979";"0.815773659712771";"714"
"343";"table";"-0.528323102765585";"1.15065036820498";"0.815243883492732";"716"
"344";"démonstration";"-0.600220474373685";"0.593723515050571";"0.813869883231728";"719"
"345";"fabrication";"-0.665078140614329";"1.56935366603154";"0.813869883231728";"720"
"346";"professionnel";"-0.344639491759602";"-1.91394803934873";"0.813869883231728";"721"
"347";"new";"-0.412750325693107";"-0.484747586280018";"0.813869883231728";"722"
"348";"météo";"-0.412750325693107";"-0.484747586280018";"0.813869883231728";"723"
"349";"espérer";"-0.666209011529401";"1.74353619018521";"0.813869883231728";"724"
"350";"marché";"-0.413881196608179";"-0.310565062126348";"0.813869883231728";"725"
"351";"insolite";"-0.56885665476886";"1.59143275397059";"0.813869883231728";"727"
"352";"guy";"-0.575064398166046";"0.495341067873458";"0.813869883231728";"728"
"353";"bleu";"-0.596967306680825";"0.140153212962827";"0.813869883231728";"729"
"354";"volonté";"-0.412750325693107";"-0.484747586280018";"0.813869883231728";"730"
"355";"télé";"-0.413881196608179";"-0.310565062126348";"0.813869883231728";"731"
"356";"titre";"-0.530978769525108";"-1.00965946217181";"0.813869883231728";"732"
"357";"réveil";"-0.412750325693107";"-0.484747586280018";"0.813869883231728";"733"
"358";"regretter";"-0.478842912320577";"0.517420155812508";"0.813869883231728";"734"
"359";"panique";"-0.600220474373685";"0.593723515050571";"0.813869883231728";"736"
"360";"pleuvoir";"-0.579935083513465";"0.514630392770563";"0.813760510076623";"737"
"361";"vêtement";"-0.336364093563954";"-1.80941897169106";"0.812383091904522";"742"
"362";"atterrissage";"-0.336364093563954";"-1.80941897169106";"0.812383091904522";"743"
"363";"article";"-0.498678166036894";"-0.829330317537581";"0.812383091904522";"744"
"364";"toucher";"-0.588691908485177";"0.244682280620501";"0.812383091904522";"745"
"365";"ranger";"-0.498678166036894";"-0.829330317537581";"0.812383091904522";"746"
"366";"rythme";"-0.656802742418682";"1.67388273368921";"0.809983718314411";"751"
"367";"séduire";"-0.560581256573212";"1.69596182162826";"0.809983718314411";"752"
"368";"montana";"-0.657933613333753";"1.84806525784288";"0.809983718314411";"753"
"369";"vacance";"-0.194579746981775";"0.408362373022599";"0.809542807782894";"756"
"370";"neuchâtel";"0.774579487766415";"0.54340236603446";"0.808568703120242";"762"
"371";"documentaire";"0.89631504212112";"-0.191664124580646";"0.808568703120242";"764"
"372";"café";"-0.592107362022282";"0.473477374768183";"0.808517434453787";"765"
"373";"poser";"-0.585559628495794";"0.496057274017558";"0.805478911488531";"767"
"374";"rejoindre";"-0.584427017592914";"0.469556235481195";"0.805198642778575";"768"
"375";"vivre";"-0.453977764581333";"-0.0329125361843588";"0.804791911358029";"770"
"376";"passager";"-0.469436643209857";"0.447766699316512";"0.803910090294997";"771"
"377";"vigneron";"-0.469436643209857";"0.447766699316512";"0.803910090294997";"772"
"378";"séance";"-0.470567514124929";"0.621949223470181";"0.803910090294997";"773"
"379";"migros";"-0.469436643209857";"0.447766699316512";"0.803910090294997";"774"
"380";"ligne";"-0.470567514124929";"0.621949223470181";"0.803910090294997";"775"
"381";"aventure";"-0.424392032939665";"-0.204494053581815";"0.803455508119092";"776"
"382";"voisin";"-0.404474927497459";"-0.380218518622344";"0.802129358613447";"777"
"383";"midi";"-0.404474927497459";"-0.380218518622344";"0.802129358613447";"778"
"384";"allemand";"-0.404474927497459";"-0.380218518622344";"0.802129358613447";"779"
"385";"éternel";"-0.566788999970399";"0.599870135531132";"0.801931119769819";"780"
"386";"tirer";"-0.566788999970399";"0.599870135531132";"0.801931119769819";"781"
"387";"plastique";"-0.566788999970399";"0.599870135531132";"0.801931119769819";"782"
"388";"oeuf";"-0.566788999970399";"0.599870135531132";"0.801931119769819";"783"
