"";"X";"V1"
"1";1;9
"2";2;0
"3";3;10
"4";4;9
"5";5;10
"6";6;7
"7";7;8
"8";8;9
"9";9;1
"10";10;1
"11";11;0
"12";12;0
"13";13;9
"14";14;9
"15";15;0
"16";16;9
"17";17;5
"18";18;9
"19";19;1
"20";20;0
"21";21;1
"22";22;11
"23";23;11
"24";24;2
"25";25;1
"26";26;0
"27";27;10
"28";28;0
"29";29;8
"30";30;6
"31";31;10
"32";32;8
"33";33;0
"34";34;9
"35";35;9
"36";36;1
"37";37;10
"38";38;0
"39";39;7
"40";40;7
"41";41;7
"42";42;7
"43";43;7
"44";44;5
"45";45;7
"46";46;7
"47";47;7
"48";48;1
"49";49;3
"50";50;0
"51";51;0
"52";52;8
"53";53;0
"54";54;0
"55";55;0
"56";56;10
"57";57;7
"58";58;7
"59";59;7
"60";60;7
"61";61;7
"62";62;1
"63";63;0
"64";64;11
"65";65;5
"66";66;11
"67";67;10
"68";68;1
"69";69;1
"70";70;7
"71";71;11
"72";72;11
"73";73;11
"74";74;6
"75";75;1
"76";76;5
"77";77;5
"78";78;4
"79";79;4
"80";80;5
"81";81;1
"82";82;10
"83";83;9
"84";84;1
"85";85;10
"86";86;5
"87";87;1
"88";88;1
"89";89;6
"90";90;3
"91";91;10
"92";92;10
"93";93;5
"94";94;1
"95";95;0
"96";96;1
"97";97;8
"98";98;0
"99";99;3
"100";100;10
"101";101;1
"102";102;3
"103";103;10
"104";104;5
"105";105;9
"106";106;5
"107";107;11
"108";108;1
"109";109;5
"110";110;0
"111";111;11
"112";112;11
"113";113;11
"114";114;11
"115";115;0
"116";116;2
"117";117;2
"118";118;9
"119";119;9
"120";120;10
"121";121;5
"122";122;1
"123";123;11
"124";124;1
"125";125;2
"126";126;8
"127";127;11
"128";128;11
"129";129;9
"130";130;7
"131";131;11
"132";132;7
"133";133;1
"134";134;4
"135";135;1
"136";136;8
"137";137;10
"138";138;5
"139";139;5
"140";140;1
"141";141;5
"142";142;1
"143";143;3
"144";144;2
"145";145;11
"146";146;11
"147";147;1
"148";148;1
"149";149;3
"150";150;2
"151";151;10
"152";152;10
"153";153;11
"154";154;1
"155";155;2
"156";156;3
"157";157;5
"158";158;1
"159";159;0
"160";160;0
"161";161;1
"162";162;1
"163";163;0
"164";164;1
"165";165;6
"166";166;0
"167";167;11
"168";168;5
"169";169;1
"170";170;10
"171";171;11
"172";172;1
"173";173;8
"174";174;9
"175";175;8
"176";176;6
"177";177;2
"178";178;11
"179";179;0
"180";180;5
"181";181;1
"182";182;0
"183";183;0
"184";184;9
"185";185;0
"186";186;0
"187";187;11
"188";188;8
"189";189;0
"190";190;0
"191";191;7
"192";192;7
"193";193;11
"194";194;7
"195";195;7
"196";196;7
"197";197;4
"198";198;8
"199";199;6
"200";200;6
"201";201;0
"202";202;9
"203";203;1
"204";204;10
"205";205;10
"206";206;3
"207";207;3
"208";208;11
"209";209;6
"210";210;7
"211";211;7
"212";212;8
"213";213;3
"214";214;10
"215";215;0
"216";216;10
"217";217;8
"218";218;11
"219";219;7
"220";220;7
"221";221;7
"222";222;0
"223";223;0
"224";224;0
"225";225;0
"226";226;5
"227";227;0
"228";228;9
"229";229;8
"230";230;9
"231";231;11
"232";232;11
"233";233;9
"234";234;2
"235";235;3
"236";236;10
"237";237;0
"238";238;0
"239";239;3
"240";240;8
"241";241;10
"242";242;0
"243";243;7
"244";244;5
"245";245;6
"246";246;7
"247";247;0
"248";248;7
"249";249;11
"250";250;1
"251";251;9
"252";252;3
"253";253;6
"254";254;10
"255";255;0
"256";256;8
"257";257;5
"258";258;7
"259";259;0
"260";260;11
"261";261;6
"262";262;2
"263";263;11
"264";264;9
"265";265;10
"266";266;0
"267";267;6
"268";268;4
"269";269;10
"270";270;9
"271";271;0
"272";272;0
"273";273;7
"274";274;7
"275";275;11
"276";276;5
"277";277;9
"278";278;9
"279";279;9
"280";280;8
"281";281;2
"282";282;9
"283";283;0
"284";284;10
"285";285;0
"286";286;8
"287";287;8
"288";288;3
"289";289;9
"290";290;2
"291";291;8
"292";292;9
"293";293;5
"294";294;6
"295";295;3
"296";296;10
"297";297;11
"298";298;8
"299";299;3
"300";300;5
"301";301;5
"302";302;10
"303";303;10
"304";304;8
"305";305;4
"306";306;11
"307";307;10
"308";308;10
"309";309;10
"310";310;0
"311";311;0
"312";312;4
"313";313;7
"314";314;10
"315";315;11
"316";316;0
"317";317;2
"318";318;0
"319";319;2
"320";320;8
"321";321;9
"322";322;9
"323";323;11
"324";324;10
"325";325;9
"326";326;4
"327";327;6
"328";328;10
"329";329;4
"330";330;0
"331";331;9
"332";332;10
"333";333;5
"334";334;8
"335";335;6
"336";336;11
"337";337;7
"338";338;7
"339";339;9
"340";340;10
"341";341;8
"342";342;3
"343";343;10
"344";344;0
"345";345;9
"346";346;0
"347";347;0
"348";348;4
"349";349;9
"350";350;8
"351";351;8
"352";352;0
"353";353;0
"354";354;9
"355";355;0
"356";356;9
"357";357;11
"358";358;1
"359";359;10
"360";360;8
"361";361;8
"362";362;8
"363";363;7
"364";364;2
"365";365;0
"366";366;0
"367";367;0
"368";368;0
"369";369;10
"370";370;11
"371";371;0
"372";372;11
"373";373;10
"374";374;9
"375";375;4
"376";376;2
"377";377;10
"378";378;10
"379";379;6
"380";380;0
"381";381;8
"382";382;8
"383";383;10
"384";384;0
"385";385;10
"386";386;6
"387";387;2
"388";388;0
"389";389;10
"390";390;11
"391";391;8
"392";392;0
"393";393;9
"394";394;4
"395";395;5
"396";396;10
"397";397;2
"398";398;2
"399";399;9
"400";400;1
"401";401;8
"402";402;0
"403";403;5
"404";404;3
"405";405;5
"406";406;1
"407";407;8
"408";408;0
"409";409;11
"410";410;2
"411";411;11
"412";412;10
"413";413;11
"414";414;1
"415";415;0
"416";416;6
"417";417;10
"418";418;5
"419";419;0
"420";420;1
"421";421;3
"422";422;9
"423";423;2
"424";424;3
"425";425;9
"426";426;1
"427";427;2
"428";428;9
"429";429;0
"430";430;11
"431";431;11
"432";432;9
"433";433;10
"434";434;1
"435";435;11
"436";436;1
"437";437;6
"438";438;10
"439";439;8
"440";440;0
"441";441;1
"442";442;4
"443";443;4
"444";444;10
"445";445;10
"446";446;11
"447";447;11
"448";448;1
"449";449;5
"450";450;4
"451";451;1
"452";452;10
"453";453;5
"454";454;1
"455";455;0
"456";456;8
"457";457;11
"458";458;10
"459";459;0
"460";460;1
"461";461;2
"462";462;8
"463";463;10
"464";464;0
"465";465;11
"466";466;9
"467";467;1
"468";468;2
"469";469;2
"470";470;9
"471";471;2
"472";472;0
"473";473;3
"474";474;11
"475";475;1
"476";476;4
"477";477;11
"478";478;11
"479";479;10
"480";480;4
"481";481;0
"482";482;5
"483";483;10
"484";484;0
"485";485;5
"486";486;9
"487";487;0
"488";488;0
"489";489;0
"490";490;0
"491";491;0
"492";492;9
"493";493;10
"494";494;0
"495";495;5
"496";496;0
"497";497;3
"498";498;8
"499";499;11
"500";500;0
"501";501;8
"502";502;0
"503";503;10
"504";504;11
"505";505;11
"506";506;11
"507";507;8
"508";508;0
"509";509;11
"510";510;0
"511";511;1
"512";512;0
"513";513;6
"514";514;9
"515";515;11
"516";516;1
"517";517;2
"518";518;7
"519";519;9
"520";520;7
"521";521;8
"522";522;7
"523";523;9
"524";524;8
"525";525;5
"526";526;3
"527";527;10
"528";528;7
"529";529;10
"530";530;11
"531";531;1
"532";532;8
"533";533;10
"534";534;0
"535";535;5
"536";536;11
"537";537;1
"538";538;0
"539";539;0
"540";540;0
"541";541;9
"542";542;2
"543";543;9
"544";544;3
"545";545;6
"546";546;0
"547";547;11
"548";548;5
"549";549;3
"550";550;10
"551";551;5
"552";552;8
"553";553;8
"554";554;8
"555";555;5
"556";556;2
"557";557;11
"558";558;0
"559";559;5
"560";560;8
"561";561;3
"562";562;3
"563";563;5
"564";564;11
"565";565;8
"566";566;2
"567";567;5
"568";568;10
"569";569;3
"570";570;10
"571";571;5
"572";572;10
"573";573;6
"574";574;0
"575";575;0
"576";576;11
"577";577;1
"578";578;0
"579";579;11
"580";580;5
"581";581;0
"582";582;10
"583";583;9
"584";584;5
"585";585;5
"586";586;0
"587";587;10
"588";588;0
"589";589;8
"590";590;5
"591";591;0
"592";592;10
"593";593;0
"594";594;2
"595";595;5
"596";596;11
"597";597;0
"598";598;8
"599";599;9
"600";600;4
"601";601;5
"602";602;11
"603";603;11
"604";604;5
"605";605;5
"606";606;6
"607";607;0
"608";608;10
"609";609;5
"610";610;6
"611";611;8
"612";612;0
"613";613;11
"614";614;0
"615";615;3
"616";616;10
"617";617;9
"618";618;4
"619";619;0
"620";620;0
"621";621;9
"622";622;0
"623";623;10
"624";624;4
"625";625;0
"626";626;2
"627";627;11
"628";628;8
"629";629;0
"630";630;0
"631";631;0
"632";632;0
"633";633;9
"634";634;0
"635";635;9
"636";636;9
"637";637;0
"638";638;10
"639";639;8
"640";640;8
"641";641;2
"642";642;2
"643";643;0
"644";644;10
"645";645;6
"646";646;0
"647";647;4
"648";648;9
"649";649;9
"650";650;6
"651";651;11
"652";652;9
"653";653;8
"654";654;2
"655";655;2
"656";656;2
"657";657;0
"658";658;2
"659";659;4
"660";660;9
"661";661;0
"662";662;11
"663";663;0
"664";664;10
"665";665;10
"666";666;9
"667";667;5
"668";668;0
"669";669;0
"670";670;9
"671";671;9
"672";672;0
"673";673;5
"674";674;4
"675";675;11
"676";676;2
"677";677;8
"678";678;5
"679";679;0
"680";680;4
"681";681;1
"682";682;0
"683";683;8
"684";684;8
"685";685;11
"686";686;1
"687";687;8
"688";688;10
"689";689;11
"690";690;2
"691";691;1
"692";692;5
"693";693;5
"694";694;0
"695";695;11
"696";696;5
"697";697;0
"698";698;0
"699";699;1
"700";700;5
"701";701;11
"702";702;10
"703";703;10
"704";704;1
"705";705;11
"706";706;1
"707";707;10
"708";708;8
"709";709;0
"710";710;0
"711";711;1
"712";712;3
"713";713;7
"714";714;0
"715";715;10
"716";716;11
"717";717;5
"718";718;4
"719";719;1
"720";720;10
"721";721;5
"722";722;8
"723";723;5
"724";724;5
"725";725;1
"726";726;2
"727";727;10
"728";728;10
"729";729;5
"730";730;10
"731";731;5
"732";732;9
"733";733;9
"734";734;0
"735";735;7
"736";736;11
"737";737;1
"738";738;11
"739";739;0
"740";740;2
"741";741;8
"742";742;5
"743";743;1
"744";744;0
"745";745;3
"746";746;9
"747";747;0
"748";748;1
"749";749;8
"750";750;8
"751";751;10
"752";752;8
"753";753;4
"754";754;1
"755";755;0
"756";756;0
"757";757;8
"758";758;0
"759";759;8
"760";760;9
"761";761;2
"762";762;9
"763";763;0
"764";764;8
"765";765;7
"766";766;0
"767";767;5
"768";768;9
"769";769;6
"770";770;8
"771";771;5
"772";772;5
"773";773;8
"774";774;0
"775";775;11
"776";776;11
"777";777;8
"778";778;10
"779";779;2
"780";780;10
"781";781;0
"782";782;9
"783";783;5
"784";784;7
"785";785;6
"786";786;10
"787";787;8
"788";788;0
"789";789;0
"790";790;0
"791";791;0
"792";792;10
"793";793;0
"794";794;11
"795";795;4
"796";796;11
"797";797;11
"798";798;11
"799";799;4
"800";800;2
"801";801;0
"802";802;11
"803";803;8
"804";804;0
"805";805;11
"806";806;8
"807";807;0
"808";808;1
"809";809;0
"810";810;11
"811";811;0
"812";812;9
"813";813;9
"814";814;0
"815";815;11
"816";816;0
"817";817;6
"818";818;0
"819";819;0
"820";820;0
"821";821;0
"822";822;0
"823";823;0
"824";824;2
"825";825;0
"826";826;7
"827";827;2
"828";828;2
"829";829;5
"830";830;10
"831";831;6
"832";832;10
"833";833;10
"834";834;9
"835";835;9
"836";836;8
"837";837;8
"838";838;4
"839";839;0
"840";840;7
"841";841;3
"842";842;0
"843";843;0
"844";844;3
"845";845;0
"846";846;5
"847";847;11
"848";848;9
"849";849;3
"850";850;0
"851";851;6
"852";852;8
"853";853;6
"854";854;8
"855";855;11
"856";856;2
"857";857;4
"858";858;11
"859";859;0
"860";860;9
"861";861;6
"862";862;5
"863";863;5
"864";864;8
"865";865;8
"866";866;6
"867";867;9
"868";868;1
"869";869;9
"870";870;11
"871";871;10
"872";872;8
"873";873;6
"874";874;8
"875";875;8
"876";876;5
"877";877;0
"878";878;0
"879";879;11
"880";880;5
"881";881;5
"882";882;0
"883";883;8
"884";884;11
"885";885;11
"886";886;8
"887";887;5
"888";888;11
"889";889;4
"890";890;10
"891";891;10
"892";892;8
"893";893;0
"894";894;0
"895";895;6
"896";896;10
"897";897;10
"898";898;10
"899";899;9
"900";900;8
"901";901;11
"902";902;0
"903";903;5
"904";904;8
"905";905;0
"906";906;10
"907";907;11
"908";908;8
"909";909;0
"910";910;5
"911";911;8
"912";912;9
"913";913;8
"914";914;6
"915";915;0
"916";916;10
"917";917;0
"918";918;0
"919";919;10
"920";920;2
"921";921;5
"922";922;5
"923";923;6
"924";924;9
"925";925;9
"926";926;0
"927";927;0
"928";928;0
"929";929;5
"930";930;9
"931";931;5
"932";932;9
"933";933;3
"934";934;5
"935";935;8
"936";936;10
"937";937;10
"938";938;4
"939";939;9
"940";940;9
"941";941;9
"942";942;0
"943";943;0
"944";944;0
"945";945;8
"946";946;8
"947";947;8
"948";948;8
"949";949;5
"950";950;8
"951";951;6
"952";952;0
"953";953;9
"954";954;11
"955";955;2
"956";956;0
"957";957;8
"958";958;9
"959";959;7
"960";960;8
"961";961;0
"962";962;0
"963";963;9
"964";964;2
"965";965;2
"966";966;8
"967";967;5
"968";968;9
"969";969;1
"970";970;10
"971";971;9
"972";972;10
"973";973;10
"974";974;0
"975";975;1
"976";976;10
"977";977;10
"978";978;9
"979";979;6
"980";980;10
"981";981;8
"982";982;3
"983";983;5
"984";984;0
"985";985;0
"986";986;8
"987";987;11
"988";988;5
"989";989;0
"990";990;0
"991";991;5
"992";992;11
"993";993;7
"994";994;8
"995";995;10
"996";996;7
"997";997;4
"998";998;10
"999";999;10
"1000";1000;9
"1001";1001;0
"1002";1002;9
"1003";1003;4
"1004";1004;2
"1005";1005;11
"1006";1006;9
"1007";1007;3
"1008";1008;10
"1009";1009;0
"1010";1010;11
"1011";1011;9
"1012";1012;11
"1013";1013;0
"1014";1014;8
"1015";1015;8
"1016";1016;11
"1017";1017;10
"1018";1018;0
"1019";1019;4
"1020";1020;6
"1021";1021;11
"1022";1022;2
"1023";1023;0
"1024";1024;9
"1025";1025;0
"1026";1026;3
"1027";1027;9
"1028";1028;6
"1029";1029;9
"1030";1030;9
"1031";1031;0
"1032";1032;5
"1033";1033;10
"1034";1034;2
"1035";1035;9
"1036";1036;0
"1037";1037;0
"1038";1038;3
"1039";1039;9
"1040";1040;0
"1041";1041;9
"1042";1042;8
"1043";1043;8
"1044";1044;10
"1045";1045;0
"1046";1046;11
"1047";1047;2
"1048";1048;11
"1049";1049;11
"1050";1050;10
"1051";1051;3
"1052";1052;11
"1053";1053;5
"1054";1054;0
"1055";1055;10
"1056";1056;0
"1057";1057;8
"1058";1058;0
"1059";1059;10
"1060";1060;10
"1061";1061;5
"1062";1062;0
"1063";1063;0
"1064";1064;8
"1065";1065;0
"1066";1066;0
"1067";1067;0
"1068";1068;8
"1069";1069;10
"1070";1070;8
"1071";1071;8
"1072";1072;9
"1073";1073;8
"1074";1074;0
"1075";1075;2
"1076";1076;3
"1077";1077;1
"1078";1078;10
"1079";1079;6
"1080";1080;3
"1081";1081;11
"1082";1082;8
"1083";1083;10
"1084";1084;0
"1085";1085;5
"1086";1086;1
"1087";1087;8
"1088";1088;10
"1089";1089;9
"1090";1090;6
"1091";1091;0
"1092";1092;1
"1093";1093;8
"1094";1094;11
"1095";1095;0
"1096";1096;0
"1097";1097;11
"1098";1098;8
"1099";1099;4
"1100";1100;4
"1101";1101;5
"1102";1102;1
"1103";1103;11
"1104";1104;0
"1105";1105;11
"1106";1106;3
"1107";1107;5
"1108";1108;5
"1109";1109;1
"1110";1110;11
"1111";1111;0
"1112";1112;8
"1113";1113;0
"1114";1114;10
"1115";1115;5
"1116";1116;1
"1117";1117;0
"1118";1118;7
"1119";1119;11
"1120";1120;9
"1121";1121;0
"1122";1122;0
"1123";1123;5
"1124";1124;1
"1125";1125;0
"1126";1126;9
"1127";1127;7
"1128";1128;0
"1129";1129;1
"1130";1130;8
"1131";1131;11
"1132";1132;9
"1133";1133;11
"1134";1134;0
"1135";1135;2
"1136";1136;4
"1137";1137;2
"1138";1138;0
"1139";1139;2
"1140";1140;8
"1141";1141;7
"1142";1142;9
"1143";1143;0
"1144";1144;3
"1145";1145;8
"1146";1146;10
"1147";1147;8
"1148";1148;11
"1149";1149;7
"1150";1150;11
"1151";1151;8
"1152";1152;0
"1153";1153;0
"1154";1154;9
"1155";1155;2
"1156";1156;10
"1157";1157;7
"1158";1158;11
"1159";1159;11
"1160";1160;2
"1161";1161;2
"1162";1162;2
"1163";1163;8
"1164";1164;9
"1165";1165;9
"1166";1166;10
"1167";1167;10
"1168";1168;5
"1169";1169;5
"1170";1170;3
"1171";1171;0
"1172";1172;8
"1173";1173;9
"1174";1174;0
"1175";1175;0
"1176";1176;0
"1177";1177;10
"1178";1178;0
"1179";1179;8
"1180";1180;11
"1181";1181;9
"1182";1182;11
"1183";1183;0
"1184";1184;3
"1185";1185;2
"1186";1186;8
"1187";1187;4
"1188";1188;7
"1189";1189;9
"1190";1190;8
"1191";1191;11
"1192";1192;7
"1193";1193;11
"1194";1194;9
"1195";1195;2
"1196";1196;3
"1197";1197;0
"1198";1198;0
"1199";1199;5
"1200";1200;11
"1201";1201;4
"1202";1202;7
"1203";1203;5
"1204";1204;3
"1205";1205;2
"1206";1206;5
"1207";1207;8
"1208";1208;10
"1209";1209;5
"1210";1210;0
"1211";1211;11
"1212";1212;4
"1213";1213;0
"1214";1214;9
"1215";1215;6
"1216";1216;0
"1217";1217;0
"1218";1218;9
"1219";1219;7
"1220";1220;11
"1221";1221;7
"1222";1222;5
"1223";1223;0
"1224";1224;3
"1225";1225;10
"1226";1226;2
"1227";1227;11
"1228";1228;0
"1229";1229;8
"1230";1230;9
"1231";1231;5
"1232";1232;9
"1233";1233;9
"1234";1234;6
"1235";1235;0
"1236";1236;11
"1237";1237;5
"1238";1238;0
"1239";1239;10
"1240";1240;5
"1241";1241;9
"1242";1242;8
"1243";1243;6
"1244";1244;8
"1245";1245;10
"1246";1246;5
"1247";1247;0
"1248";1248;3
"1249";1249;0
"1250";1250;5
"1251";1251;9
"1252";1252;10
"1253";1253;0
"1254";1254;3
"1255";1255;6
"1256";1256;10
"1257";1257;5
"1258";1258;5
"1259";1259;0
"1260";1260;6
"1261";1261;8
"1262";1262;6
"1263";1263;0
"1264";1264;5
"1265";1265;10
"1266";1266;0
"1267";1267;4
"1268";1268;4
"1269";1269;0
"1270";1270;9
"1271";1271;0
"1272";1272;9
"1273";1273;8
"1274";1274;5
"1275";1275;8
"1276";1276;0
"1277";1277;6
"1278";1278;10
"1279";1279;0
"1280";1280;4
"1281";1281;4
"1282";1282;8
"1283";1283;7
"1284";1284;0
"1285";1285;3
"1286";1286;11
"1287";1287;8
"1288";1288;9
"1289";1289;8
"1290";1290;9
"1291";1291;9
"1292";1292;10
"1293";1293;9
"1294";1294;0
"1295";1295;0
"1296";1296;7
"1297";1297;11
"1298";1298;9
"1299";1299;8
"1300";1300;11
"1301";1301;0
"1302";1302;7
"1303";1303;2
"1304";1304;8
"1305";1305;0
"1306";1306;8
"1307";1307;9
"1308";1308;8
"1309";1309;0
"1310";1310;7
"1311";1311;9
"1312";1312;4
"1313";1313;5
"1314";1314;5
"1315";1315;10
"1316";1316;0
"1317";1317;6
"1318";1318;9
"1319";1319;9
"1320";1320;9
"1321";1321;0
"1322";1322;3
"1323";1323;3
"1324";1324;11
"1325";1325;11
"1326";1326;0
"1327";1327;8
"1328";1328;2
"1329";1329;0
"1330";1330;10
"1331";1331;10
"1332";1332;3
"1333";1333;3
"1334";1334;5
"1335";1335;5
"1336";1336;0
"1337";1337;6
"1338";1338;10
"1339";1339;2
"1340";1340;3
"1341";1341;10
"1342";1342;9
"1343";1343;3
"1344";1344;4
"1345";1345;10
"1346";1346;8
"1347";1347;5
"1348";1348;8
"1349";1349;8
"1350";1350;8
"1351";1351;9
"1352";1352;0
"1353";1353;11
"1354";1354;2
"1355";1355;8
"1356";1356;8
"1357";1357;9
"1358";1358;10
"1359";1359;9
"1360";1360;8
"1361";1361;9
"1362";1362;11
"1363";1363;6
"1364";1364;8
"1365";1365;0
"1366";1366;4
"1367";1367;3
"1368";1368;0
"1369";1369;8
"1370";1370;10
"1371";1371;11
"1372";1372;10
"1373";1373;0
"1374";1374;4
"1375";1375;3
"1376";1376;0
"1377";1377;11
"1378";1378;8
"1379";1379;0
"1380";1380;11
"1381";1381;9
"1382";1382;2
"1383";1383;8
"1384";1384;4
"1385";1385;11
"1386";1386;0
"1387";1387;10
"1388";1388;3
"1389";1389;0
"1390";1390;11
"1391";1391;11
"1392";1392;10
"1393";1393;0
"1394";1394;4
"1395";1395;3
"1396";1396;5
"1397";1397;5
"1398";1398;8
"1399";1399;9
"1400";1400;8
"1401";1401;5
"1402";1402;10
"1403";1403;9
"1404";1404;9
"1405";1405;9
"1406";1406;10
"1407";1407;9
"1408";1408;10
"1409";1409;0
"1410";1410;10
"1411";1411;2
"1412";1412;2
"1413";1413;0
"1414";1414;0
"1415";1415;0
"1416";1416;5
"1417";1417;1
"1418";1418;10
"1419";1419;6
"1420";1420;0
"1421";1421;0
"1422";1422;4
"1423";1423;6
"1424";1424;3
"1425";1425;8
"1426";1426;10
"1427";1427;11
"1428";1428;0
"1429";1429;0
"1430";1430;2
"1431";1431;9
"1432";1432;9
"1433";1433;0
"1434";1434;0
"1435";1435;0
"1436";1436;11
"1437";1437;8
"1438";1438;0
"1439";1439;11
"1440";1440;2
"1441";1441;8
"1442";1442;0
"1443";1443;0
"1444";1444;0
"1445";1445;6
"1446";1446;10
"1447";1447;3
"1448";1448;9
"1449";1449;9
"1450";1450;0
"1451";1451;6
"1452";1452;0
"1453";1453;11
"1454";1454;7
"1455";1455;9
"1456";1456;9
"1457";1457;10
"1458";1458;10
"1459";1459;5
"1460";1460;7
"1461";1461;7
"1462";1462;2
"1463";1463;7
"1464";1464;7
"1465";1465;0
"1466";1466;4
