"";"";"";"";"alors";""
"1";"alors";"-0.451532983131221";"0.495256134368616";"0.827848539056467";"110"
"2";"maintenant";"-0.44014385100682";"0.371805871683918";"0.825415786871912";"114"
"3";"parce_que";"-0.459053835464748";"0.593765637806064";"0.822943560182241";"117"
"4";"mal";"-0.41742493841752";"0.465070212423112";"0.819779081047349";"123"
"5";"ceux";"-0.467038876558342";"0.504641706380274";"0.819622993784";"124"
"6";"pourquoi";"-0.449206546421056";"0.460708703713687";"0.819045724415607";"126"
"7";"contre";"-0.432698854847312";"0.426721770938811";"0.817009528039327";"134"
"8";"ainsi";"-0.474820550641134";"0.475478614936405";"0.816351317827875";"139"
"9";"mes";"-0.436001432365119";"0.293910225988258";"0.815826198264406";"140"
"10";"quelques";"-0.463801535101765";"0.526111238030673";"0.814796601768583";"144"
"11";"entre";"-0.356775211258467";"0.471373184662262";"0.814685421281697";"146"
"12";"malgré";"-0.466177572286858";"0.4090984074512";"0.813469497878698";"152"
"13";"chez";"-0.433803548515332";"0.37003033156914";"0.813448493096159";"153"
"14";"pendant";"-0.45616642883866";"0.387460383549044";"0.812999063180114";"155"
"15";"deux";"-0.430304014005976";"0.204336557119573";"0.812856013367997";"156"
"16";"tant";"-0.446427430890531";"0.217884412289325";"0.812812011970092";"157"
"17";"surtout";"-0.446137425190097";"0.364192912764587";"0.812078293186928";"160"
"18";"toutes";"-0.432664844190402";"0.0337770178550473";"0.811376805880417";"167"
"19";"loin";"-0.456182304683254";"0.426307532883775";"0.811034572785605";"169"
"20";"oui";"-0.407199950613433";"0.176351378722635";"0.811022440712931";"170"
"21";"plusieurs";"-0.461278452262159";"0.556100641618471";"0.809202629811943";"178"
"22";"million";"-0.396742045336702";"0.554112035294348";"0.808895706480881";"180"
"23";"ta";"-0.406619963951599";"0.386384318846644";"0.808824724801957";"182"
"24";"dessus";"-0.460902774562873";"0.543416086251879";"0.808585885938434";"184"
"25";"combien";"-0.448134520520857";"0.326742837682631";"0.808322420778142";"185"
"26";"certaine";"-0.461732944760558";"0.427349722439096";"0.80826701161041";"186"
"27";"envers";"-0.458281446550008";"0.300436239895516";"0.807807441454519";"188"
"28";"dommage";"-0.427099656910693";"0.242928512038975";"0.807785893444845";"189"
"29";"vite";"-0.417446642695912";"0.356019998627733";"0.807493637246418";"191"
"30";"autour";"-0.452648326990045";"0.329824923885404";"0.806838324246351";"195"
"31";"nonante";"-0.259205632205111";"0.0891549692221038";"0.806413158475652";"198"
"32";"parfois";"-0.461700034650917";"0.52565268658546";"0.806393783374517";"199"
"33";"dessous";"-0.458468768613122";"0.471670340946372";"0.80635068735517";"200"
"34";"11";"-0.356223918108958";"0.536279228089934";"0.806067847093743";"203"
"35";"soi";"-0.460574592938555";"0.409235924595227";"0.806018594500204";"204"
"36";"comment";"-0.371483761451134";"0.27482224511913";"0.805884598473663";"207"
"37";"1500";"-0.457083243121406";"0.634729900241038";"0.805761648065527";"209"
"38";"quatre_vingt";"-0.356046927497249";"0.176271950671638";"0.805613165982063";"212"
"39";"ailleurs";"-0.457577316580067";"0.573003952430417";"0.805239787864865";"219"
"40";"50";"-0.380844181347878";"0.333720774853344";"0.805137299012133";"220"
"41";"mêmes";"-0.441049045244482";"0.356125393642292";"0.804876006760379";"222"
"42";"néanmoins";"-0.44154553327743";"0.153983726952687";"0.804744364718089";"223"
"43";"puisqu";"-0.486130813833691";"0.679970886586041";"0.804675012720569";"225"
"44";"partout";"-0.440599718086975";"0.440224330828831";"0.804406477440353";"226"
"45";"2024";"-0.350593158925856";"0.425496577971728";"0.804016259281982";"228"
"46";"501";"-0.345820995394522";"0.145462873367617";"0.803922280987692";"232"
"47";"soixante";"-0.421605613858884";"0.225882102101068";"0.803671672202919";"235"
"48";"jadis";"-0.385814851499337";"0.118050331536995";"0.803671672202919";"236"
"49";"trois";"-0.453054250234183";"0.452827130916001";"0.803466875573166";"241"
"50";"72";"-0.463787588466818";"0.667870727270485";"0.803408207042627";"243"
"51";"hélas";"-0.450826594934818";"0.324711087119206";"0.803322920382491";"245"
"52";"pouce";"-0.448512043166969";"0.22241489834484";"0.802843250822619";"251"
"53";"auxquels";"-0.442492552748127";"0.249582241086011";"0.802843250822619";"253"
"54";"ouais";"-0.421752465651969";"0.480786997417786";"0.802735148622829";"255"
"55";"100";"-0.177548392111543";"0.0458259383059996";"0.802602782277692";"256"
"56";"1955";"-0.449600807955141";"0.351759676776364";"0.802597893233481";"257"
"57";"celles";"-0.460166203012858";"0.55168874369178";"0.802529084463095";"258"
"58";"presque";"-0.440857642919698";"0.413088775525503";"0.802408850190632";"263"
"59";"ben";"-0.38050245116066";"0.294479758855805";"0.802320304167688";"267"
"60";"42";"-0.464915853880435";"0.428322905021983";"0.802315777274899";"268"
"61";"merde";"-0.34955080182857";"0.462199436074689";"0.802278113526899";"270"
"62";"durant";"-0.456496035985004";"0.52113763718842";"0.802255297987245";"272"
"63";"quant";"-0.469646989427027";"0.432800650647235";"0.802234474280417";"273"
"64";"83";"-0.0476814746129813";"0.388808182003836";"0.802145566106051";"276"
"65";"alentour";"-0.409610301227068";"-0.295233354006366";"0.802051406736049";"278"
"66";"haha";"-0.17082378879125";"0.0658617156537717";"0.802009940398106";"280"
"67";"ok";"-0.315113598842821";"0.330199485618423";"0.80193986409774";"281"
"68";"berk";"-0.345820995394522";"0.145462873367617";"0.801935699356375";"282"
"69";"chacune";"-0.472316714854034";"0.798408996754932";"0.801765669263238";"286"
"70";"chut";"-0.403744935344362";"0.5691617842562";"0.801765669263238";"288"
"71";"hein";"-0.427833957301109";"0.37304976042016";"0.801708630414102";"296"
"72";"demi";"-0.449619459334161";"0.15725704298937";"0.801706638581275";"297"
"73";"zut";"-0.404574976075493";"0.277410055273109";"0.801639821643716";"300"
"74";"40";"-0.291238539173652";"0.266122261109814";"0.801611392757005";"302"
"75";"1963";"-0.436068233945627";"0.27789950480521";"0.801549283787946";"304"
"76";"davantage";"-0.439169166588942";"-0.172676714723862";"0.801533892352465";"309"
"77";"120";"-0.437111579599034";"0.400073020993118";"0.801517233387003";"311"
"78";"auparavant";"-0.428634470366784";"0.666799118298277";"0.801458564856464";"313"
"79";"950";"-0.398811099024329";"0.0285708703218129";"0.801447338162348";"314"
"80";"1999";"-0.444394393737694";"0.383377832909357";"0.801442630193848";"316"
"81";"2005";"-0.234248020806283";"0.340680150322145";"0.801442630193848";"317"
"82";"2004";"-0.259917035673978";"0.21882495413291";"0.801364586562174";"320"
"83";"12";"-0.3854439361223";"0.404870366732809";"0.801335614448327";"321"
"84";"ouf";"-0.404096493058848";"-0.0760200341384438";"0.801325655284193";"322"
"85";"heu";"-0.414624293766457";"0.373665188068611";"0.801252681772442";"327"
"86";"2019";"-0.426868468770037";"0.467117279816182";"0.801243446911153";"328"
"87";"1986";"-0.376324253656531";"-0.0429238354323034";"0.801239644321211";"329"
"88";"107";"-0.425446284005841";"0.548154828738112";"0.80122552041571";"333"
"89";"35";"-0.445465272690954";"0.353305265562048";"0.801200169816095";"334"
"90";"tels";"-0.47394020414715";"0.516140101693532";"0.801162143916671";"335"
"91";"1950";"-0.459557759590446";"0.471414925676562";"0.801089532556343";"338"
"92";"quelles";"-0.417956384104512";"-0.430677430302742";"0.801070519606631";"339"
"93";"youpi";"-0.417097093322968";"-0.34815493499221";"0.801060379366785";"340"
"94";"103";"-0.39198414372495";"-0.256496602842969";"0.801051506656919";"341"
"95";"huit";"-0.399437243186662";"0.365246777858962";"0.801051506656919";"342"
"96";"soi_même";"-0.431742729533408";"-0.0911614760796605";"0.800977446690899";"349"
"97";"500";"-0.441407192015935";"0.540947028179626";"0.800918959236071";"353"
"98";"ouh";"-0.39749706556594";"0.339667477128688";"0.800834759030205";"362"
"99";"boum";"-0.39675964913706";"-0.260097165233634";"0.800827878153166";"365"
"100";"bof";"-0.440982572117527";"0.373889220836915";"0.800827878153166";"368"
"101";"1973";"-0.438016281848509";"0.336067538580185";"0.800827878153166";"369"
"102";"180";"-0.377097139939937";"0.273670150987568";"0.800811581339127";"371"
"103";"mince";"-0.415569625899953";"0.357349716488413";"0.800797638509339";"372"
"104";"tiens";"-0.413817598634632";"0.191445201990969";"0.800767579941223";"373"
"105";"82";"-0.412790485264233";"0.462550457056193";"0.800693701050914";"375"
"106";"euh";"-0.412432181376475";"0.27707902736353";"0.800693338899491";"376"
"107";"pardon";"-0.424596337183472";"0.504124941523984";"0.800684647265337";"377"
"108";"lendemain";"-0.447219570772625";"0.418277884289059";"0.800617106024932";"380"
"109";"96";"-0.424495436554823";"0.436859934010798";"0.800596282318105";"384"
"110";"1000";"-0.415259218351214";"-0.0651139017819183";"0.800580347655489";"387"
"111";"160";"-0.403223415282846";"0.417252230814968";"0.800548478330258";"389"
"112";"tien";"-0.426301283680476";"0.428709731188446";"0.800478402029892";"392"
"113";"159";"-0.399474520918491";"0.334294111914837";"0.800461380913007";"395"
"114";"htag_nostalgie";"-0.393542011873917";"0.289238567453048";"0.800392028915487";"401"
"115";"657";"-0.387522521455075";"0.316405910194219";"0.800392028915487";"402"
"116";"47";"-0.387522521455075";"0.316405910194219";"0.800392028915487";"403"
"117";"270";"-0.393542011873917";"0.289238567453048";"0.800392028915487";"404"
"118";"06";"-0.387522521455075";"0.316405910194219";"0.800392028915487";"405"
"119";"33";"-0.37411206112757";"-0.329757904340085";"0.800262378706023";"412"
"120";"2007";"-0.357976475719468";"-0.494432885704669";"0.800250065557638";"413"
"121";"hum";"-0.414392774904194";"0.374710085866349";"0.800250065557638";"414"
"122";"67";"-0.420189373378362";"-0.055814100782906";"0.800249522330504";"415"
"123";"1978";"-0.406221413984421";"0.0940828266408661";"0.800195742844176";"420"
"124";"1997";"-0.417402520113615";"0.361126414495763";"0.800173470531656";"421"
"125";"41";"-0.388471059090712";"-0.216439421844585";"0.800167495033176";"424"
"126";"1987";"-0.134908274018212";"0.0664806808616196";"0.800167132881752";"425"
"127";"octante";"-0.412887902299483";"0.381501921551642";"0.800149749613445";"427"
"128";"1995";"0.0818383385508356";"-0.25522965595419";"0.800116250606809";"429"
"129";"alerte";"-0.389040181672094";"-0.536146621067868";"0.800046355382155";"433"
"130";"81";"-0.428107130806128";"0.420559528366095";"0.800046355382155";"434"
"131";"bis";"-0.428107130806128";"0.420559528366095";"0.800046355382155";"435"
