vide_aucun_emji;26955;nom_sup
emji_visage_riant_aux_larmes;5601;nom
emji_applaudissements;1441;nom
emji_visage_qui_pleure;1087;nom
emji_se_rouler_par_terre_de_rire;864;nom
emji_feu;601;nom
emji_visage_souriant_avec_une_goutte_de_sueur;418;nom
emji_visage_avec_bouche_ouverte;391;nom
emji_drapeau_suisse;326;nom
emji_visage_boudeur;301;nom
emji_visage_roulant_des_yeux;287;nom
emji_drapeau_territoires_palestiniens;251;nom
emji_visage_avec_des_symboles_dans_la_bouche;210;nom
emji_visage_de_clown;133;nom
emji_visage_qui_hurle_de_peur;128;nom
emji_pouce_vers_le_haut;127;nom
emji_colombe;127;nom
emji_visage_souriant_avec_yeux_rieurs;101;nom
emji_visage_souriant_aux_yeux_rieurs;101;nom
emji_visage_souriant_avec_une_larme;90;nom
emji_visage_festif;87;nom
emji_yeux;85;nom
emji_visage_avec_un_sourire_malin;80;nom
emji_visage_envoyant_un_bisou;71;nom
emji_applaudissements_peau_claire;71;nom
emji_visage_de_geek;64;nom
emji_visage_pensif;62;nom
emji_visage_qui_rougit;62;nom
emji_visage_avec_un_monocle;59;nom
emji_applaudissements_peau_moyennement_claire;58;nom
emji_pouce_vers_le_haut_peau_claire;58;nom
emji_femme_avec_la_paume_sur_le_visage;53;nom
emji_ok;52;nom
emji_singe_ne_rien_voir;50;nom
emji_visage_qui_vomit;49;nom
emji_homme_avec_la_paume_sur_le_visage;48;nom
emji_personne_avec_la_paume_sur_le_visage;48;nom
emji_v_de_la_victoire;47;nom
emji_visage_qui_regarde_entre_ses_doigts;45;nom
emji_femme_avec_la_paume_sur_le_visage_peau_claire;43;nom
emji_drapeau_france;41;nom
emji_visage_souriant;40;nom
emji_homme_avec_la_paume_sur_le_visage_peau_claire;39;nom
emji_visage_retenant_ses_larmes;39;nom
emji_pouce_vers_le_bas;39;nom
emji_visage_avec_une_main_sur_la_bouche;38;nom
emji_visage_avec_lunettes_de_soleil;38;nom
emji_tas_de_crotte;37;nom
emji_visage_anxieux_avec_goutte_de_sueur;34;nom
emji_femme_avec_la_paume_sur_le_visage_peau_moyennement_claire;34;nom
emji_visage_qui_fond;34;nom
emji_visage_qui_fait_un_salut_militaire;30;nom
emji_visage_aux_yeux_en_spirales;30;nom
emji_chat_qui_pleure_de_joie;28;nom
emji_visage_expirant;28;nom
emji_visage_sans_expression;27;nom
emji_symbole_d_avertissement;27;nom
emji_visage_souriant_avec_de_grands_yeux;26;nom
emji_cotillons;26;nom
emji_sac_plein_d_argent;25;nom
emji_cornes_avec_les_doigts;25;nom
emji_visage_avec_un_doigt_sur_la_bouche;22;nom
emji_ninja_peau_mate;22;nom
emji_drapeau_cap_vert;22;nom
emji_pouce_vers_le_haut_peau_moyennement_claire;21;nom
emji_index_pointant_vers_l_utilisateur;21;nom
emji_visage_endormi;21;nom
emji_visage_bleu_et_froid;20;nom
emji_visage_implorant;19;nom
emji_explosion;18;nom
emji_croix_latine;18;nom
emji_feuille;18;nom
emji_pop_corn;17;nom
emji_visage_avec_des_valises_sous_les_yeux;17;nom
emji_ok_peau_claire;17;nom
emji_visage_neutre;17;nom
emji_billet_avec_des_ailes;16;nom
emji_index_pointant_vers_le_haut;16;nom
emji_langue;15;nom
emji_notes_de_musique;14;nom
emji_bougie;14;nom
emji_pouce_vers_le_bas_peau_claire;13;nom
emji_soleil_avec_visage;13;nom
emji_point_d_exclamation_rouge;13;nom
emji_signe_de_la_main;12;nom
emji_cent_points;12;nom
emji_bouteille_de_champagne;12;nom
emji_argent_dans_les_yeux_et_la_bouche;12;nom
emji_part_de_fromage;12;nom
emji_homme_avec_la_paume_sur_le_visage_peau_moyennement_claire;12;nom
emji_applaudissements_peau_mate;11;nom
emji_soleil;11;nom
emji_ok_peau_moyennement_claire;11;nom
emji_trinquer;11;nom
emji_visage_rieur;10;nom
emji_flocon;10;nom
emji_visage_confus;10;nom
emji_skieur;10;nom
emji_visage_avec_yeux_ouverts_et_main_sur_la_bouche;10;nom
emji_visage_de_menteur;10;nom
emji_visage_somnolent;10;nom
emji_fondue;10;nom
emji_point_d_interrogation_rouge;10;nom
emji_visage_souriant_avec_des_cornes;10;nom
emji_miam;10;nom
emji_visage_rouge_et_chaud;9;nom
emji_points_d_exclamation_et_d_interrogation;9;nom
emji_visage_qui_tire_la_langue;9;nom
emji_ogre;9;nom
emji_personne_avec_la_paume_sur_le_visage_peau_claire;9;nom
emji_porte_documents;9;nom
emji_empreintes_d_animaux;9;nom
emji_croix;9;nom
emji_cornes_avec_les_doigts_peau_claire;9;nom
emji_v_de_la_victoire_peau_claire;9;nom
emji_requin;9;nom
emji_couronne;8;nom
emji_arc_en_ciel;8;nom
emji_drapeau_soudan;8;nom
emji_carte_du_monde;8;nom
emji_rose;8;nom
emji_jeune_pousse;8;nom
emji_main_qui_pousse_vers_la_droite;8;nom
emji_v_de_la_victoire_peau_moyennement_claire;8;nom
emji_double_point_d_exclamation;8;nom
emji_feuille_morte;8;nom
emji_dans_le_mille;7;nom
emji_casque_de_secouriste;7;nom
emji_coche;7;nom
emji_billet_en_dollars;7;nom
emji_drapeau_congo_kinshasa;7;nom
emji_visage_avec_bouche_en_diagonale;7;nom
emji_paume_contre_paume_doigts_vers_le_haut_peau_mate;7;nom
emji_paume_contre_paume_doigts_vers_le_haut_peau_moyennement_claire;6;nom
emji_index_pointant_vers_le_haut_peau_claire;6;nom
emji_chat_qui_sourit_avec_des_yeux_rieurs;6;nom
emji_gyrophare;6;nom
emji_drapeau_ukraine;6;nom
emji_drapeau_blanc;6;nom
emji_rat;6;nom
emji_ours;6;nom
emji_ampoule;6;nom
emji_visage_sans_bouche;6;nom
emji_billet_en_euros;6;nom
emji_cerveau;6;nom
emji_symbole_de_paix;6;nom
emji_ciseaux;6;nom
emji_citrouille;6;nom
emji_robot;6;nom
emji_om;6;nom
emji_ballon_de_football;5;nom
emji_bout_des_doigts_joints_peau_moyennement_claire;5;nom
emji_monstre_japonais;5;nom
emji_boisson_chaude;5;nom
emji_moai;5;nom
emji_drapeau_portugal;5;nom
emji_confettis;5;nom
emji_chien;5;nom
emji_bout_des_doigts_joints_peau_claire;5;nom
emji_chat_qui_pleure;5;nom
emji_drapeau_russie;5;nom
emji_singe_ne_rien_dire;5;nom
emji_goutte_de_sang;5;nom
emji_drapeau_venezuela;5;nom
emji_sucette;5;nom
emji_poing_de_face;5;nom
emji_champignon;5;nom
emji_appel_entrant;5;nom
emji_silhouettes_de_bustes;5;nom
emji_avion;4;nom
emji_banque;4;nom
emji_visage_avec_masque;4;nom
emji_chat;4;nom
emji_alien;4;nom
emji_graphique_en_hausse;4;nom
emji_cadeau;4;nom
emji_perroquet;4;nom
emji_seringue;4;nom
emji_cheval;4;nom
emji_nouvelle_lune_avec_visage;4;nom
emji_pouce_vers_le_bas_peau_moyennement_claire;4;nom
emji_course_hippique;4;nom
emji_bourgeon;4;nom
emji_pieuvre;4;nom
emji_couteau_de_cuisine;4;nom
emji_haute_tension;4;nom
emji_femme_paume_vers_le_haut_peau_moyennement_claire;4;nom
emji_visage_dans_les_nuages;4;nom
emji_bout_des_doigts_joints;4;nom
emji_signe_de_la_main_peau_claire;4;nom
emji_surfeur;4;nom
emji_drapeau_argentine;4;nom
emji_paume_contre_paume_doigts_vers_le_haut;4;nom
emji_visage_qui_bave;4;nom
emji_femme_avec_la_paume_sur_le_visage_peau_mate;4;nom
emji_oreille;4;nom
emji_visage_aux_yeux_rieurs_faisant_un_bisou;4;nom
emji_danseuse;3;nom
emji_bonhomme_de_neige;3;nom
emji_parapluie_avec_gouttes_de_pluie;3;nom
emji_sauropode;3;nom
emji_bouquet;3;nom
emji_bombe;3;nom
emji_tournesol;3;nom
emji_prince;3;nom
emji_cravate;3;nom
emji_fleur_de_cerisier;3;nom
emji_voilier;3;nom
emji_drapeau_mali;3;nom
emji_groin;3;nom
emji_chat_qui_sourit;3;nom
emji_graphique_en_baisse;3;nom
emji_cocktail_tropical;3;nom
emji_ours_en_peluche;3;nom
emji_chapiteau;3;nom
emji_drapeau_arc_en_ciel;3;nom
emji_briquette_de_jus;3;nom
emji_voiture_de_police_de_face;3;nom
emji_policier;3;nom
emji_voiture;3;nom
emji_voiture_de_police;3;nom
emji_disque_bleu;3;nom
emji_citron;3;nom
emji_singe;3;nom
emji_olive;3;nom
emji_mandarine;2;nom
emji_sablier;2;nom
emji_v_de_la_victoire_peau_mate;2;nom
emji_personne_avec_la_paume_sur_le_visage_peau_mate;2;nom
emji_femme_blonde_peau_claire;2;nom
emji_nuage_avec_neige;2;nom
emji_ski;2;nom
emji_visage_avec_chapeau_de_cowboy;2;nom
emji_papillon;2;nom
emji_dossier_ouvert;2;nom
emji_bouche;2;nom
emji_hibiscus;2;nom
emji_note_de_musique;2;nom
emji_baguette_magique;2;nom
emji_plant_de_riz;2;nom
emji_renard;2;nom
emji_signe_de_la_main_peau_moyennement_claire;2;nom
emji_nez;2;nom
emji_femme_faisant_un_geste_d_interdiction_peau_claire;2;nom
emji_pouce_vers_le_haut_peau_mate;2;nom
emji_personne_avec_la_paume_sur_le_visage_peau_moyennement_claire;2;nom
emji_toilettes;2;nom
emji_drapeau_royaume_uni;2;nom
emji_maison;2;nom
emji_aigle;2;nom
emji_plus;2;nom
emji_drapeau_italie;2;nom
emji_rouleau_de_papier;2;nom
emji_trottinette;2;nom
emji_souris;2;nom
emji_lettre_d_amour;2;nom
emji_chat_avec_sourire_en_coin;2;nom
emji_pleine_lune_avec_visage;2;nom
emji_mage_femme_peau_moyennement_claire;2;nom
emji_appareil_photo_avec_flash;2;nom
emji_symbole_d_interdiction;2;nom
emji_drapeau_niger;2;nom
emji_drapeau_syrie;2;nom
emji_drapeau_liban;2;nom
emji_licorne;2;nom
emji_pomme_verte;2;nom
emji_drapeau_de_pirate;2;nom
emji_adn;2;nom
emji_carte_bancaire;2;nom
emji_paume_contre_paume_doigts_vers_le_haut_peau_claire;2;nom
emji_vache;2;nom
emji_singe_ne_rien_entendre;2;nom
emji_microbe;2;nom
emji_tarte;2;nom
emji_drapeau_chine;2;nom
emji_sens_interdit;2;nom
emji_montagne;2;nom
emji_signe_je_t_aime;2;nom
emji_aile;2;nom
emji_symbole_recyclage;2;nom
emji_travaux;2;nom
emji_palette_de_peinture;2;nom
emji_bouton_sos;2;nom
emji_casque_militaire;2;nom
emji_index_pointant_vers_le_haut_peau_moyennement_claire;2;nom
emji_abeille;2;nom
emji_drapeau_triangulaire;2;nom
emji_mains_ouvertes;2;nom
emji_drapeau_gabon;2;nom
emji_main_avec_index_pointant_vers_le_bas;2;nom