"";"";"";"";"gaza";""
"1";"gaza";"2.03707201556017";"3.35966831366534";"1.09774180056826";"19"
"2";"otage";"2.04324805035422";"3.36078172597362";"0.980379549090676";"27"
"3";"emji_visage_roulant_des_yeux";"-0.0985463358416427";"-0.158102696915689";"0.791059403289879";"47"
"4";"magnifique";"-3.08561770842825";"0.854183569203617";"0.771647394089085";"50"
"5";"juif";"2.02060059179428";"3.21030970257638";"0.747700422743723";"53"
"6";"emji_mains_en_prière";"-2.85590114261713";"0.82724037514247";"0.69369129602302";"69"
"7";"mdr";"-0.171876201102709";"-0.12456926932288";"0.692218964740267";"72"
"8";"emji_visage_souriant_avec_coeurs";"-3.23349275269002";"0.890138329208924";"0.689196447051233";"74"
"9";"croquette";"-0.161500686302829";"-0.498483615746098";"0.688059248482954";"75"
"10";"enfant";"-0.0417101375686652";"0.232269781727369";"0.666563527917696";"78"
"11";"vegan";"-0.326857339348469";"-0.466703695620384";"0.665300654581489";"80"
"12";"nègre";"-0.327813822022045";"-0.175515767918498";"0.662987527485004";"82"
"13";"genocide";"2.00923857703144";"3.25745285771033";"0.649452789703205";"88"
"14";"secte";"-0.110571803551654";"-0.356827162742203";"0.64803005648138";"90"
"15";"sioniste";"1.94345369532154";"3.25372424734076";"0.637989709573854";"95"
"16";"complice";"1.94331790679336";"3.32410173330153";"0.635966661973153";"98"
"17";"loup";"-0.0461041819594714";"0.0871254756473436";"0.620061294960487";"108"
"18";"emji_crâne";"-0.107993234147456";"-0.30566911914112";"0.619744934420467";"110"
"19";"hérisson";"-0.362258115145794";"-0.410539704439965";"0.613634888038235";"115"
"20";"carnivore";"0.0139952792712846";"-0.291655917105151";"0.613634888038235";"116"
"21";"negre";"-0.292159732650523";"-0.188663844436201";"0.608668758686718";"119"
"22";"emji_visage_avec_des_étoiles_à_la_place_des_yeux";"-3.40879791494676";"0.956523695732468";"0.608546245548172";"120"
"23";"emji_visage_de_geek";"-0.161377619043612";"0.0121362568462318";"0.605095327077899";"121"
"24";"maltraitance";"-0.0598785816227114";"-0.250927257402664";"0.603669432226692";"122"
"25";"chose";"0.144596410888058";"-0.108713807566712";"0.600857558095222";"127"
"26";"canton";"0.564089435622087";"-0.980901636320768";"0.60064078888073";"128"
"27";"chasser";"0.210291181589612";"0.203380304766593";"0.59781863945377";"131"
"28";"péjoratif";"-0.11282254652318";"-0.111375985523288";"0.593173613086345";"134"
"29";"bannir";"0.0407637063840952";"-0.276687449092881";"0.592108341586503";"136"
"30";"langue";"0.283605961666469";"-0.176185921774188";"0.591947888895375";"137"
"31";"vie";"-0.338541020482";"-0.146899218803373";"0.587657953027898";"139"
"32";"lol";"-0.132596632120376";"-0.134298655210291";"0.579517152573346";"146"
"33";"gâteau";"-0.215210858321366";"-0.202657123389545";"0.577218252809079";"149"
"34";"voisin";"-0.0408742779004188";"-0.121349706056615";"0.57510865560405";"154"
"35";"poser";"0.363380387366529";"-0.238280519264883";"0.573700347316279";"156"
"36";"maladie";"0.655519077085911";"-1.10670514567967";"0.573676635095915";"157"
"37";"vendredi";"-0.315131802985394";"-0.128064551271848";"0.571303437041176";"159"
"38";"aller";"0.286150474753441";"-0.19364403560263";"0.569393615292711";"163"
"39";"voir";"0.0444402283439364";"-0.0854384834342987";"0.568424773489015";"165"
"40";"monde";"0.238255340974343";"-0.103197459736712";"0.568260566362996";"166"
"41";"racisme";"0.208449551586631";"0.0391716641805326";"0.567586941702829";"167"
"42";"gens";"0.216517130095153";"-0.206687155047908";"0.567277299625245";"168"
"43";"penser";"0.0398746644736044";"-0.132918140973106";"0.566184166266476";"169"
"44";"élastique";"-3.34587806742618";"0.931870526545595";"0.56521749808298";"171"
"45";"pigeon";"-0.118221547765071";"-0.414870910712203";"0.564853120296723";"173"
"46";"franc";"0.469872134406292";"-0.978130961183352";"0.563375848968061";"176"
"47";"temps";"-0.15093085186621";"-0.127987837482874";"0.559481907180659";"177"
"48";"emji_visage_qui_hurle_de_peur";"-0.496308147444229";"-0.217569126090228";"0.559344969108058";"178"
"49";"emji_visage_qui_rougit";"-0.53590293313611";"0.0591497075645246";"0.552735582885332";"183"
"50";"instinct";"-0.101136668571966";"-0.51190302100045";"0.552531657790204";"185"
"51";"emji_visage_aux_yeux_en_spirales";"-0.214044064634076";"-0.298359223358709";"0.551820488781128";"186"
"52";"prime";"0.787059968679698";"-1.01700876845543";"0.551127103937324";"188"
"53";"choco";"-0.208966857450304";"-0.219342689644176";"0.550573225989994";"190"
"54";"parent";"-0.121412071951077";"-0.410720532848648";"0.550197980102737";"191"
"55";"poussin";"-0.397444575853089";"-0.142939916345506";"0.550024485690409";"192"
"56";"emji_visage_qui_regarde_entre_ses_doigts";"-0.581704543412635";"-0.10514863660355";"0.549737765425844";"193"
"57";"comprendre";"0.0920455762213432";"-0.0516642936748811";"0.549641335729698";"194"
"58";"gaffe";"-0.135927728954097";"-0.481628126606813";"0.549617425907498";"195"
"59";"bad";"-0.273063708517787";"-0.223672998384323";"0.547400530905322";"196"
"60";"argument";"0.51195983165441";"0.0294630087698167";"0.546954148356975";"198"
"61";"udc";"0.452280275676575";"-0.0666224577718805";"0.546502628160881";"199"
"62";"degré";"-0.123548100702325";"-0.453987087799318";"0.546199506943898";"200"
"63";"emji_pouce_vers_le_haut";"-2.54378158714927";"0.721692655732979";"0.546013366014042";"201"
"64";"emji_visage_retenant_ses_larmes";"-3.13665041695013";"0.854921521879089";"0.544784282591854";"202"
"65";"expression";"0.235696466431304";"0.160981550485968";"0.544278817094433";"203"
"66";"scientifique";"0.502763960294774";"-0.180054571398193";"0.540273823074994";"205"
"67";"jeune";"-0.488705545826688";"-0.0326480549136675";"0.53833297783822";"206"
"68";"second";"0.06561082158739";"-0.0630186525188291";"0.537593156562871";"207"
"69";"péter";"-0.160332139638056";"0.0918670230523219";"0.536963004306704";"209"
"70";"école";"-0.448528740855853";"-0.0797206900732578";"0.536934154438595";"210"
"71";"égalité";"0.18512076610696";"-0.267525613792808";"0.535374483144168";"211"
"72";"vivre";"-0.0472585790911753";"-0.163452410575093";"0.535188737417985";"212"
"73";"emji_visage_avec_les_sourcils_relevés";"0.023718861420207";"-0.106685315792277";"0.535181228548203";"213"
"74";"mdrrr";"-0.264363063179762";"-0.184143115385591";"0.531195599508728";"217"
"75";"allemand";"0.222772981546641";"0.0270321751651614";"0.529764567009775";"218"
"76";"preuve";"0.546931572903237";"0.238726713610699";"0.529487331633355";"219"
"77";"commenter";"0.393303355071474";"0.0906508064457405";"0.529160300594172";"220"
"78";"mot";"-0.18189004297057";"0.288578957716823";"0.528822203852152";"221"
"79";"jour";"0.0385472904754913";"-0.385269848501525";"0.524654385919548";"222"
"80";"livre";"0.216307036815008";"0.0438154102088133";"0.523477666983996";"223"
"81";"vraiment";"-0.134961448790046";"-0.0610439236507162";"0.523449805125069";"224"
"82";"humain";"0.184310649909402";"0.155285021493731";"0.514641505667277";"231"
"83";"éducation";"0.0512687892434354";"-0.188013437690794";"0.51405976586102";"232"
"84";"laisser";"0.364105031667524";"-0.0860662206562233";"0.511111941666131";"233"
"85";"malheureusement";"0.150054174847969";"-0.0256623863856431";"0.508562680375191";"234"
"86";"couple";"-0.0885321091434311";"-0.140691808774156";"0.50848660366819";"235"
"87";"apprendre";"-0.102617924778996";"-0.0495650018162047";"0.508292953868553";"236"
"88";"passer";"0.143076201490757";"-0.137963117937184";"0.504879184543517";"237"
"89";"genre";"0.191067251836239";"0.0102677703544868";"0.500600709582549";"239"
"90";"moment";"-0.193474627679589";"0.191488578291442";"0.5";"240"
